3	@shotopop / Giphy	2023/07/20/giphy-2023-04-14T232624.983.gif	traditional		Animation,Scribble
4	Source Unknown	2023/12/19/231703016059.webp	traditional		Animation,comic,2020
6	Scott Johnson - @scottjonsson / IG	u/231696940244.webp	traditional		
9	Adobe Photoshop - Fantastic Voyage	u/231696940262.webp	traditional	2020	
10	Source Unknown	u/231696938583.webp	traditional		
11	Source Unknown	u/231696938333.webp	traditional		Scribble
12	Slovenska - Sporitelna	u/231696938191.webp	traditional	2023	Animation,Scribble,Edgar
13	Yung Ouzo & Murda - Tarif	u/231696937520.webp	traditional	2022	Animation,Scribble
14	Beastie Boys - Shadrach (Abstract Impressionist Version)	u/231696937478.webp	traditional	2010	Animation,water
15	Beastie Boys - Shadrach (Abstract Impressionist Version)	u/231696937377.webp	traditional	2010	Animation,water
16	Beastie Boys - Shadrach (Abstract Impressionist Version)	u/231696934555.webp	traditional	2010	water
17	@tomlperkins / Giphy	u/231696934573.webp	traditional		Animation,water
19	Animation GIF by Dax Norman	u/231696934526.webp	traditional		water
22	Source Unknown	u/231696934460.webp	fourth-wall,worms-eye		blue sky,worms-eye,friends,women,group
25	zef - 4:20 (Už je čas)	2023/11/06/low-angle1.gif	low-angle	2022	low angle,2022,pink,dusk,purple,sky,sunset
27	Lays - Stay Golden Super Bowl	2023/12/13/231702454830.webp	first-person-pov	2022	pov,warm,dancing,tuxedo,Pual Rudd,wedding,first person,Seth Rogen,smiling,formal
28	Lights passing	2023/12/13/231702454693.webp	close-up,reflections	2011	light
29	Ratatouille	2023/12/17/261702783287.webp	traditional,dolly-zoom,zoom-in	2009	Animation,dolly zoom,Ratatouille
30	Halt and Catch Fire	2023/12/13/231702454649.webp	dolly-zoom	2014	dolly zoom,green,sky,apocalyptic,bridge,San Francisco,golden gate bridge
35	The Hangover	2023/12/13/231702454287.webp	traditional,close-up,zoom-in	2009	Movie,crash zoom,Zach Galifianakis,the hangover,math,2009,todd phillips,lawrence sher,graphics overlay,meme
38	ScHoolboy Q - Dope Dealer (Official Music Video) f	2023/12/13/231702453758.webp	fixed-camera	2016	ryan staake,fixed camera,Pomp&Clout,schoolboy q,blunt,weed,Mark Rubbo
39	Whiplash	2023/12/13/231702453104.webp	close-up	2014	2014,damien chazelle,soft focus,gold,drum sticks,macro,music,whiplash,cymbals
40	Beau Travail	2023/12/13/231702452189.webp	low-angle	1999	Male,shirtless,low angle,low-angle,1999,Claire Denis,white,blue sky,Beau Travail
41	Art by Benn Hassett	2023/12/13/231702451364.webp	double-exposure		Red,double exposure,yellow,chromatic,woman,close up
42	Downtown Kayoto - Lite	2023/12/13/231702451302.webp	double-exposure	2023	London,rain jacket,UK,double exposure,jacket,motion blur,lite,downtown kayoto,blur,joe howat
43	Jaws	2023/12/13/231702451175.webp	dolly-zoom	1975	Day,dolly zoom,glasses,beach,sand,1975,two shot,1970s,film,35mm,2.35,anamorphic,Panavision C series
44	Barton Fink	2023/12/13/231702451105.webp	close-up	1991	close up,coen,john goodman,coen brothers
45	Titanic	2023/12/13/231702451017.webp	close-up	1997	close up,1997,James Cameron,Titanic,Cards,90s,Cigarette,Leonardo DiCaprio
51	Violet Sands - No Matter What	2023/12/13/271702446051.webp	slit-scan	2017	No matter what,Andre Andreev
52	Square - Para Los Que Hacen	2023/12/14/261702523467.webp	step-printing	2021	motion blur,blur,green,trucking,step-printing,step printing,running,forest
53	The Neon Demon	2023/12/14/261702523708.webp	low-angle	2016	water,low-angle,two people,pool,underwater,worms-eye POV
54	Bullet Train	2023/12/15/261702682293.webp	fixed-camera	2022	2022,Fiji,Brian Tyree Henry
55	Ford - Welcome to the Herd	2023/12/15/261702682692.webp	fixed-camera	2020	2020,Super Bowl,car,commercial,Mustang,Ford,ad,wide screen,racing
56	Barbie	2023/12/15/261702683130.webp	fixed-camera	2023	2023,car,pink,Ryan Gosling,spin,rotate,Margot Robbie,barbie
57	ScHoolboy Q - JoHn Muir	2023/12/15/261702683485.webp	fixed-camera	2016	car,driving,ezmarket,night,schoolboy,fixed,convenience store
58	Morgan x Orlebar Brown Ft. Karl Shakur	2023/12/15/261702683832.webp	fixed-camera	2022	blue sky,car,nature,road,driving,buggy
60	Nike - Never Settle. Never Done	2023/12/15/261702684119.webp	fixed-camera	2022	marker,team,yelling,coach,nike,locker room,clipboard,sports
61	Valaire - (She's A) Winner (Ft. Alan Prater)	2023/12/15/261702684359.webp	fixed-camera,probe-lens	2023	yellow,warm,checker,fast food,feet,hot dog,walking,mustard,restaurant
62	Rosalia - Saoko	2023/12/15/261702684518.webp	fixed-camera	2022	Red,motorcyle,rosalia,bike,butt,music video
63	Source Unknown	2023/12/15/261702684670.webp	fixed-camera		
65	Nike SB - Don’t Make Plans	2023/12/16/261702684994.webp	fixed-camera,tilt	2021	yellow,woman,pool,warm,whip tilt,blood,flip table,anger
66	St. Louis City FC - The City Kit Is Here	2023/12/16/261702686566.webp	fixed-camera	2022	chess
67	RIMOWA - Ingenieurskunst	2023/12/16/261702687129.webp	fixed-camera	2022	close up,suitcase,luggage,aluminum,rimowa,maik schuster,sofie borup,maximilian pittner,carlos font clos
68	Bullet Train	2023/12/16/261702687267.webp	fixed-camera	2022	pov,fixed camera,woman,Fiji,vending machine,water bottle
69	The Grand Budapest Hotel	2023/12/16/261702687595.webp	fixed-camera	2014	2014,car,road,driving,night,taxi,M. Gustave,Wes Anderson,Grand Budapest,Ralph Fiennes,Hotel,film,2010s,35mm,1.78,Jill Bogdanowicz,Barney Pilling,Cooke S4/ i,Arricam ST,Cooke Varotal Lenses,robert yoeman,Cooke Varotel Zoom lenses,Angenieux Optimo Zooms,The Grand Budapest Hotel
70	Breaking Bad (TV Series)	2023/12/16/261702687902.webp	fixed-camera	2011	fixed camera,blue sky,shovel,outdoors,breaking bad,house,jesse pinkman,blue,back of head
71	Source Unknown	2023/12/16/261702688287.webp	as-object		glasses,young,bag,doritos,red head
72	Nike SB - Don't Make Plans	2023/12/16/261702688411.webp	as-object,worms-eye	2021	Male,pov,glasses,box,interior,necklace,inside box,worms-eye
74	Rosalia - Saoko	2023/12/16/261702688753.webp	fourth-wall,pass-through,probe-lens	2022	pov,driving,gas
75	Valaire - (She's A) Winner (Ft. Alan Prater)	2023/12/16/261702688849.webp	as-object	2023	pov,ear wax
76	Sam Cotton - @samcotton / IG	2023/12/16/261702690042.webp	traditional		
77	Sam Cotton - @samcotton / IG	2023/12/16/261702690063.webp	traditional		Cotton,Sam
78	Sam Cotton - @samcotton / IG	2023/12/16/261702690079.webp	traditional		Cotton,Sam
79	Sam Cotton - @samcotton / IG	2023/12/16/261702690114.webp	traditional		Cotton,Sam
80	Sam Cotton - @samcotton / IG	2023/12/16/261702690166.webp	traditional		Cotton,Sam
81	Sam Cotton - @samcotton / IG	2023/12/16/261702690210.webp	traditional		Cotton,Sam
82	Sam Cotton - @samcotton / IG	2023/12/16/261702690251.webp	traditional		Cotton,Sam
83	Sam Cotton - @samcotton / IG	2023/12/16/261702690272.webp	traditional		Cotton,Sam
84	Ikea - Infinite Play	2023/12/16/261702693648.webp	slit-scan,slow-motion	2022	warp,slow motion,slit scan
85	2001: A Space Odyssey	2023/12/16/261702693874.webp	slit-scan	1968	slit scan,stanley,kubrick,1968,space,2001,slit-scan,space odyssey
86	The Irrational Fear of Nothing	2023/12/16/261702694040.webp	snorricam,slit-scan	2016	slit scan,slit-scan,paul trillo,slitscan,snorricam
87	Violet Sands - No Matter What	2023/12/16/261702694179.webp	slit-scan	2017	dancing,Andre Andreev,slit scan,slit-scan,dress,slit,surrealist,studio,violet sands,abstract,2017,surreal,formal wear,andreev
88	Violet Sands - No Matter What	2023/12/16/261702694266.webp	slit-scan	2017	dancing,Andre Andreev,slit scan,slit-scan,dress,slit,surrealist,studio,violet sands,abstract,2017,surreal,formal wear,andreev
89	Violet Sands - No Matter What	2023/12/16/261702694307.webp	slit-scan	2017	dancing,Andre Andreev,slit scan,slit-scan,dress,slit,surrealist,studio,violet sands,abstract,2017,surreal,formal wear,andreev
90	Violet Sands - No Matter What	2023/12/16/261702694343.webp	slit-scan	2017	dancing,Andre Andreev,slit scan,slit-scan,dress,slit,surrealist,studio,violet sands,abstract,2017,surreal,formal wear,andreev
91	Violet Sands - No Matter What	2023/12/16/261702694381.webp	slit-scan	2017	dancing,Andre Andreev,slit scan,slit-scan,dress,slit,surrealist,studio,violet sands,abstract,2017,surreal,formal wear,andreev
92	Violet Sands - No Matter What	2023/12/16/261702694418.webp	slit-scan		dancing,Andre Andreev,slit scan,slit-scan,dress,slit,surrealist,studio,violet sands,abstract,2017,surreal,formal wear,andreev
93	Violet Sands - No Matter What	2023/12/16/261702694454.webp	slit-scan	2017	dancing,Andre Andreev,slit scan,slit-scan,dress,slit,surrealist,studio,violet sands,abstract,2017,surreal,formal wear,andreev
94	Violet Sands - No Matter What	2023/12/16/261702694477.webp	slit-scan	2017	dancing,Andre Andreev,slit scan,slit-scan,dress,slit,surrealist,studio,violet sands,abstract,2017,surreal,formal wear,andreev
95	Violet Sands - No Matter What	2023/12/16/261702694504.webp	slit-scan	2017	dancing,Andre Andreev,slit scan,slit-scan,dress,slit,surrealist,studio,violet sands,abstract,2017,surreal,formal wear,andreev
96	Elouen la Baleine / IG	2023/12/16/261702695332.webp	architexture,undercranking	2023	Animation,bridge,hyperlapse,architexture
97	@hateplow / Giphy	2023/12/16/261702695424.webp	architexture		Day,blue sky,rotate,abstract,architexture,building,city,day time,daytime,mosaic
98	@alcrego / Giphy	2023/12/16/261702695441.webp	architexture		Day,blue sky,rotate,abstract,architexture,building,symmetrical,city,day time,daytime,mosaic,birds
99	Source Unknown	2023/12/16/261702695485.webp	architexture		architexture,exterior,colorful,building,mosaic,tiles,pattern
100	Elouen la Baleine / IG	2023/12/16/261702695515.webp	architexture	2023	water,night,dusk,sky,sunset,abstract,hyperlapse,architexture,clouds,reflection,nighttime,france,paris,Eiffel tower,eiffel
101	Erdem Topsakal - @topsakalerdem / IG	2023/12/16/261702695541.webp	architexture		abstract,architexture,window,wall,stone,blinking,blink
102	Erdem Topsakal - @topsakalerdem / IG	2023/12/16/261702695560.webp	architexture		Day,blue sky,abstract,architexture,exterior,building,city,day time,daytime,mosaic,sign
103	Erdem Topsakal - @topsakalerdem / IG	2023/12/16/261702695580.webp	architexture		Day,interior,abstract,architexture,glass,window,building,city,day time,daytime,stained glass
104	Erdem Topsakal - @topsakalerdem / IG	2023/12/16/261702695610.webp	architexture		Day,blue sky,interior,abstract,architexture,building,city,day time,daytime,mosaic,tiles
105	Erdem Topsakal - @topsakalerdem / IG	2023/12/16/261702695629.webp	architexture		Day,blue sky,rotate,abstract,architexture,building,city,day time,daytime,mosaic
106	Erdem Topsakal - @topsakalerdem / IG	2023/12/16/261702695657.webp	architexture		Day,blue sky,rotate,abstract,architexture,building,city,day time,daytime,mosaic
107	@alcrego / Giphy	2023/12/16/261702695669.webp	architexture		Day,blue sky,abstract,architexture,building,city,day time,daytime
108	@alcrego / Giphy	2023/12/16/261702695690.webp	architexture		Day,blue sky,abstract,architexture,building,city,day time,daytime
109	zef - 4:20 (Už je čas)	2023/12/16/261702695865.webp	arc-movement	2022	interior,arc shot,dark,train,drone,inside,platform
110	The French Dispatch	2024/01/29/261706566476.webp	arc-movement	2021	Wes Anderson,interior,friends,dispatch,2021,the french dispatch,dinner,arc shot,french,table,inside
111	Vaeda Black - Run Fast	2023/12/16/261702696150.webp	arc-movement	2019	music video,night,dusk,sky,arc shot,ocean,dark,nighttime,handheld,justin leyba,jacobi mehringer,vaeda black
112	St. Louis City FC - The City Kit Is Here	2023/12/16/261702696256.webp	arc-movement	2022	yellow,spin,chess,outdoors,arc shot,men,exterior,beanie,park,bruton stroube,arc
113	Maria Peszek ft. OSKAR83 - Barbarka.	2023/12/16/261702696391.webp	arc-movement	2021	white,close up,arc shot,subtitles,girl,exterior,outside,oskar83,grajper,child
114	Maria Peszek ft. OSKAR83 - Barbarka.	2023/12/16/261702696471.webp	arc-movement	2021	Male,white,close up,arc shot,subtitles,girl,exterior,outside,oskar83,grajper,child,boy
115	Maria Peszek ft. OSKAR83 - Barbarka.	2023/12/16/261702696933.webp	arc-movement	2021	Male,white,close up,arc shot,subtitles,girl,exterior,outside,oskar83,grajper,child,boy
116	Maria Peszek ft. OSKAR83 - Barbarka.	2023/12/16/261702696970.webp	arc-movement	2021	Male,white,close up,arc shot,subtitles,girl,exterior,outside,oskar83,grajper,child,boy
117	Maria Peszek ft. OSKAR83 - Barbarka.	2023/12/16/261702697052.webp	arc-movement		white,close up,arc shot,subtitles,girl,exterior,outside,oskar83,grajper,child
118	Adidas - Bounce	2023/12/16/261702697248.webp	arc-movement	2020	Day,light,yellow,bike,exterior,sunny,city,daytime,concrete,petit,shadow,adidas,valentin,valentin petit
119	Quiz Show	2023/12/16/261702698800.webp	close-up	1994	Red,white,interior,lamp,inside,fingers,hand,finger,stop,forward,reverse,switches,redford,switchboard
120	You Won’t Be Alone	2023/12/16/261702698909.webp	close-up	2022	close up,2022,blood,outdoors,surrealist,grass,face,ground,exterior,handheld,scary
121	Last Night in Soho	2023/12/16/261702698998.webp	close-up	2021	night,interior,glass,drinks,bar,shot,Edgar Wright,shot glass,inside,booze,alcohol
122	Bodies Bodies Bodies	2023/12/16/261702699128.webp	close-up	2022	woman,close up,pink,face,subtitles,halina reijn,talking,sweat
123	American Psycho	2023/12/16/261702699224.webp	close-up	2000	Male,water,white,interior,inside,shower,american psycho,psycho,bale,christian bale,bathroom,2000,wet
124	Heavenly Creatures	2023/12/16/261702699346.webp	close-up	1994	interior,women,making out,heavenly creatures,Peter Jackson,kissing,bed,couple,two shot,inside,bedroom
125	2001: A Space Odyssey	2023/12/16/261702699406.webp	close-up	1968	Red,close up,interior,kubrick,1968,space,2001,flash,reflection,helmet,spacesuit,spaceship,space suit,outer space,inside,Stanley Kubrick,Keir Dullea,65mm,Panavision
126	Lil Yachty - Strike	2023/12/16/261702699608.webp	close-up	2023	light,Cole,dark,fire,flame,eyes,yachty,grills,grillz,matches,lil yachty,lyrical lemonade
127	zef - 4:20 (Už je čas)	2023/12/16/261702699680.webp	close-up	2022	abstract,smoke,quick cuts,vape,jay walker,eye
128	Videodrome	2023/12/16/261702699757.webp	close-up	1983	white,slow motion,lips,slomo,recorded,teeth,slow mo
129	Atonement	2023/12/16/261702699861.webp	close-up,focal-focus	2007	white,close up,fire,extreme close up,flame,fingers,flip,lighter,hand,finger
130	Knives Out	2023/12/16/261702699948.webp	close-up,focal-focus	2019	close up,macro,interior,dark,bottle,knives out,medicine,inside,drop,bokeh,CU
131	Instagram - Coeur Sur Toi	2023/12/16/261702700133.webp	aspect-ratio-switch	2019	Day,Red,walking,outdoors,sky,exterior,shoes,headphones,shirt,sunny,city,day time,daytime,concrete,instagram,socks,walk
132	Mommy	2023/12/16/261702700218.webp	fourth-wall,aspect-ratio-switch	2014	Male,white,blonde,headphones,aspect ratio,Pilon,Antoine Olivier Pilon,grimace,Steve Després,Olivier Pilon,wince
133	Hunger Games: Catching Fire	2023/12/16/261702700309.webp	aspect-ratio-switch	2013	water,woman,green,nature,arc shot,exterior,trees,hunger games,outside,jennifer lawrence
134	Source Unknown	2023/12/16/261702700344.webp	aspect-ratio-switch		white,woman,restaurant,bar,couple,beers,3 shot,drinking,martini,aspect ratio
135	Unknown Source	2023/12/16/261702700390.webp	aspect-ratio-switch		Red,white,woman,driving,night,nighttime,night time,white pants,handheld,upside down,rain,camera rotate,pavement,hands
136	Deliveroo - The Arrival	2023/12/16/261702700412.webp	probe-lens,aspect-ratio-switch	2022	interior,natural light,dolly in,home,the arrival,take out,arrival,table,dolly,burger
137	Unknown Source	2023/12/16/261702700440.webp	aspect-ratio-switch		white,jacket,restaurant,night,nighttime,night time,pants,aspect ratio switch,neon,skating,skateboard
138	@actionvfx / Giphy	2023/12/16/261702700631.webp	breakdown		car,warm,vfx,breakdown,night time,orange,headlights,raining
139	@actionvfx / Giphy	2023/12/16/261702700653.webp	breakdown		nature,outdoors,vfx,breakdown,exterior,smoke,fire,forest fire,burn,nighttime,trees,night time
141	@actionvfx / Giphy	2023/12/16/261702700697.webp	breakdown		Male,Explosion,blue sky,vfx,breakdown,suit,sunny,fire,wide shot,day time,town,daytime,small town
143	Original Source: The Matrix	2023/12/16/261702700826.webp	breakdown	1999	1999,90s,vfx,breakdown,1990s,green screen,the matrix,wachowskis,bullet time,matrix,wachowski,Keanu Reeves
144	Original Source: The Walk	2023/12/16/261702700854.webp	breakdown	2015	vfx,building,nyc,green screen,city,fog,twin towers,new york,new york city,tight rope
145	Source Unknown	2023/12/16/261702700891.webp	breakdown		Male,breakdown,shadow box,stacked,layers,mountain,fire
146	The Martian	2023/12/16/261702701052.webp	breakdown	2015	outdoors,exterior,spacesuit,space suit,green screen,matt damon,mars
147	The Shape of Water (Breakdown)	2023/12/16/261702701130.webp	breakdown	2017	water,sky,vfx,breakdown,clouds,reflection,shape of water,guillermo del Toro,city
148	Harry Potter and the Prisoner of Azkaban (Breakdown)	2023/12/16/261702701232.webp	breakdown	2004	vfx,harry potter,azkaban,breakdown,snitch,green screen,broomstick,daniel radcliffe
149	The North Face x Gucci presented by Highsnobiety	2023/12/16/261702701508.webp	camera-roll	2021	spin,roll,camera roll,north face,field,fiona jane,highsnobiety,gucci
150	Fujifilm - Give Instax	2023/12/16/261702701757.webp	camera-roll	2021	woman,spin,women,purple,colorful,roll,camera roll,instant camera,magnifying glass,taking picutre,fujifilm
151	Apple - Chase	2023/12/16/261702701846.webp	camera-roll	2023	Male,blue,interior,suit,apple,futuristic,lance acord
152	A$AP Rocky - L$D	2023/12/16/261702702007.webp	camera-roll,reflections	2015	Red,music video,interior,mirror,Dexter Navy,rocky,asap,a$ap,strip,mv,tilt,rap
153	H&M - House of Members	2023/12/16/261702702155.webp	camera-roll	2023	Red,spin,bike,Hotel,interior,jason yan francis,pinhole,keyhole,hallway,door,object portal,francis,roll,H&M,balloons,camera roll
154	Brainstorm	2023/12/16/261702702573.webp	central-framing,close-up,cinemagraph	1983	Male,white,grey,cool,cinemagraph,machine,Brainstorm,80s,1980s,greys,future,Christopher Walken,1983,expressionless,walken,trumbull
155	Golden Exits	2023/12/16/261702702658.webp	cinemagraph	2017	woman,2017,wind,exterior,2010s,stairs,brownstone,Golden Exits,10s,brown,beige
156	Artist: Kitchen Ghosts	2023/12/16/261702702683.webp	cinemagraph		studio,floral,cinemagraph,Kitchen Ghosts,arrangement,fruit,cup,pomegranate
157	Original Source: Till The End Of The Moon	2023/12/16/261702702761.webp	cinemagraph	2023	Red,interior,dress,surrealist,wind,haiqi,smoke,Till The End Of The Moon
158	Train Spotting	2023/12/16/261702702829.webp	cinemagraph	1996	Male,white,woman,Cigarette,interior,bed,couple,smoking,1996,train spotting,danny boyle
159	Artist: Tech Noir	2023/12/16/261702702848.webp	cinemagraph		Male,blue sky,woman,beach,sand,sky,couple,ocean,two shot,vintage,vacation,picnic,sunny,relaxing
160	Original source: Ferris Bueller's Day Off	2023/12/16/261702702937.webp	cinemagraph	1986	white,woman,window,reflection,ferris bueller,1986
161	The Life Aquatic with Steve Zissou	2023/12/16/261702703087.webp	central-framing,cinemagraph	2004	water,underwater,warm,Wes Anderson,interior,ocean,beanie,orca,symmetrical,bill murray,life aquatic,apple
162	Artist - @haydiroket / IG	2023/12/16/261702703858.webp	collage,maximalism		shoes,mixed media,stacked,haydiroket,puma,building,busy,chaotic,stop light,maximalism,nyc
163	Downtown Kayoto - Changed it	2023/12/16/261702704033.webp	collage,maximalism	2023	downtown kayoto,joe howat,bag,collage,shadow box,stacked,projection,goldfish,howat,clothing,shirt,bath,kayoto
164	@marie_suter / IG	2023/12/16/261702704064.webp	collage		white,collage,shadow box,photography,flash cut,stacked,bottle,lip gloss,suter,marie suter,cosmetics
165	Reebok - Classic	2023/12/16/261702704192.webp	collage,flash-cut,maximalism	2022	woman,necklace,bridge,smile,photography,flash cut,train,reebok,headphones,split screen,mixed media,duplication
166	@ewanjonesmorris / Giphy	2023/12/16/261702704217.webp	collage		woman,outdoors,exterior,collage,shadow box,photography,vintage,flash cut
167	A$AP Rocky - D.M.B.	2023/12/16/261702704321.webp	collage,maximalism,mixed-media	2022	Red,music video,restaurant,interior,collage,rocky,asap rocky,asap,flowers,petals,lamp,money,a$ap,dining,cash
168	JW Anderson / Are.Na	2023/12/16/261702704349.webp	collage		woman,walking,dress,collage,gradient,heels,photography,film,cut out
169	A$AP Rocky - D.M.B.	2023/12/16/261702704407.webp	collage,maximalism,mixed-media	2022	trucking,collage,buildings,d.m.b.,dmb,shoes,rocky,asap rocky,asap
170	Axe - Monday	2023/12/16/261702704528.webp	collage	2014	outdoors,exterior,collage,medium shot,blue hair,photos,axe
171	CONCATENATION	2023/12/16/261702704636.webp	collage		Explosion,bird,collage,shadow box,donato sansone,bullet,concatenation,sansone
172	Alien	2023/12/17/261702771451.webp	profile-shot	1979	white,space,profile,side profile,flash,strobe,reflection,sweat,Ellen Ripley,helmet,1979,spacesuit,Sigourney Weaver,70s,spaceship,1970s,cool,space suit,outer space,alien
173	Pulp Fiction	2023/12/17/261702771669.webp	profile-shot	1994	woman,90s,Cigarette,restaurant,interior,dinner,profile,side profile,mia wallace,tarantino,1990s,smoking,eating,1994,uma thurman,lips,Panavision,35mm,2.35
174	Here Are The Young Men	2023/12/17/261702771813.webp	profile-shot	2020	white,blue sky,woman,purple,sky,profile,exterior,red hair,lavender
175	Here Are the Young Men	2023/12/17/261702772033.webp	profile-shot	2020	Red,white,woman,blue,interior,dress,period,singing,colorful,karaoke,mic,red hair,bright colors
176	The Neon Demon	2023/12/17/261702772118.webp	profile-shot	2016	woman,blue,interior,mirror,profile,flash,dark,silhouette,club,strobe,neon demon,2016,pony tail,refn,reflection
177	La Pointe Courte	2023/12/17/261702772232.webp	profile-shot,two-shot	1955	Male,water,white,couple,profile,brunette,side profile,exterior,nineteen fifties,1950s,lake,blonde,portrait,50s
178	Passing	2023/12/17/261702772301.webp	profile-shot,two-shot	2021	woman,soft focus,nature,outdoors,friends,women,formal,two shot,black and white,smile,talking,bench,earrings,exterior
179	The Talented Mr. Ripley	2023/12/17/261702772390.webp	profile-shot,two-shot	1999	Male,soft focus,interior,formal,two shot,suit,tie,men,rack focus
180	In the Mood for Love	2023/12/17/261702772509.webp	profile-shot,two-shot	2000	dress,couple,profile,two shot,side profile,kar wai,floral,suit,wong kar-wai,kar-wai,indoors,tie
181	The Handmaiden	2023/12/17/261702772607.webp	profile-shot,two-shot	2016	water,blue sky,close up,women,purple,sky,profile,ocean,two shot,chan-wook,side profile,girls
182	The Silence	2023/12/17/261702772672.webp	profile-shot,two-shot	1963	profile,two shot,BW,grey,black and white,60s,1963,B&W,shadows,window,sixeties,natural light
183	Persona	2023/12/17/261702772753.webp	profile-shot,two-shot	1966	woman,close up,women,face,profile,two shot,1966,BW,ingmar,bergman,grey,black and white,natural light
184	Lady on Fire	2023/12/17/261702772836.webp	profile-shot,two-shot	2019	water,white,blue sky,beach,women,sky,face,wind,couple,profile,ocean,two shot,period,cliff,brunette,medium
185	Dead Ringers S1E1	2023/12/17/261702772919.webp	profile-shot,two-shot	2023	2023,woman,outdoors,interior,women,face,laying down,dead ringer,bed,sean durkin,couple,durkin,profile
186	TAKT - Thank You	2023/12/17/261702772980.webp	profile-shot	2022	blue sky,jacket,2022,pink,bike,outdoors,blue,women,face,riding,wind,girl,takt,bine bach,clouds,sun glasses
187	FARDOSA (Short Film)	2024/03/04/261709542433.webp	double-dolly	2021	woman,night,dusk,exterior
188	NBA - Playoff Mode	2023/12/17/261702777549.webp	double-dolly	2023	night,talking,nba,to camera,double dolly
189	Malcom X	2023/12/17/261702777654.webp	double-dolly	1992	Male,exterior,nyc,new york,new york city,overcast,cold,malcom x,winter,brooklyn,spike lee
190	Inside Man	2023/12/17/261702777785.webp	double-dolly	2006	night,suit,spike lee,06,2006,inside man
191	H&M - House of Members	2023/12/17/261702777909.webp	double-dolly	2023	Hotel,interior,H&M,double dolly,floating dolly,delivery
192	Hennessy - Maurice Ashley & the Black Bear School	2023/12/17/261702778131.webp	lazy-susan	2020	Day,Male,chess,men,duplication,day time,daytime,park,double dolly
193	BlacKKKlansman	2023/12/17/261702778228.webp	double-dolly	2018	interior,two shot,inside,double dolly,spike lee,tom poole,blackkklansman,john david washington
194	Mo' Better Blues	2023/12/17/261702778392.webp	double-dolly,first-person-pov	1990	interior,inside,double dolly,spike lee,denzel washington,denzel,trumpet
195	Nike - Seen It All	2023/12/17/261702779085.webp	double-dolly	2022	Day,Male,woman,nike,chess,daytime,park,double dolly,spike lee
196	Nike - Seen It All	2023/12/17/261702780205.webp	double-dolly	2022	Day,Male,woman,nike,chess,daytime,park,double dolly,spike lee
197	Rosalia - Saoko	2023/12/17/261702780384.webp	double-dolly	2022	Lights,car,driving,night,nighttime,night time,wet,petit,valentin
198	Jungle Fever (1991)	2023/12/17/261702780586.webp	double-dolly	1991	night,outdoors,exterior,Annabella Sciorra,John Turturro
199	Nike - Seen It All	2023/12/17/261702780656.webp	double-dolly,first-person-pov	2022	Day,Male,woman,nike,chess,daytime,park,double dolly,spike lee
200	Everything Everywhere All at Once	2024/02/04/261707023361.webp	double-dolly,object-portal	2022	double dolly,Michelle Yeoh
201	Bally Curling	2023/12/17/261702780915.webp	double-dolly	2022	close up,warm,interior,inside,double dolly
202	The North Face x Gucci presented by Highsnobiety	2023/12/17/261702781102.webp	zoom-in	2021	Male,jacket,crash zoom,nature,exterior,north face,field,fiona jane,gucci,binoculars,zoom
203	Nike - Nothing Beats a Londoner	2023/12/17/261702781303.webp	zoom-in	2018	crash zoom,nike,sports,night,field,drone,nighttime,super zoom,football,soccer
204	Source Unknown	2023/12/17/261702781761.webp	zoom-in		
205	EA SPORTS FC x Triangles ft. Dave	2023/12/17/261702781857.webp	zoom-in	2023	crash zoom,sports,field,super zoom,soccer
206	The North Face x Gucci presented by Highsnobiety	2023/12/17/261702781975.webp	zoom-in	2021	nature,outdoors,exterior,owl,wildlife
207	H&M - Hotel Hennes	2023/12/17/261702782124.webp	zoom-in	2022	crash zoom,interior,inside,bathroom,brushing teeh,brushing,robe,tooth brush,bathrobe,bath robe
208	Source Unknown	2023/12/19/261702979778.webp	spotlight,zoom-in		Male,night,dark,smoking,night time,spotlight,spotlighting
210	Kung Pow: Enter the Fist	2023/12/17/261702782481.webp	zoom-in	2002	crash zoom,exterior,field,outside,fight,kung,kung-fu,battle
211	Sports Direct - Women's Euro	2023/12/17/261702782707.webp	zoom-in	2022	Day,blue sky,London,yellow,group,exterior,daytime,outside,old,old woman
213	NLE Choppa - Do It Again	2023/12/17/261702782816.webp	zoom-in	2022	Day,crash zoom,exterior,day time,daytime,outside,brick outdoors
214	Kill Bill	2023/12/17/261702782938.webp	zoom-in	2003	crash zoom,outdoors,face,exterior,uma thurman,outside,eyes,intense,kill bill
215	Lucy	2023/12/17/261702783085.webp	zoom-in	2014	2014,outdoors,exterior,nyc,new york,new york city,outside,Scarlett Johansson,time travel,lucy
216	Lucy	2023/12/17/261702783525.webp	zoom-in	2014	outdoors,exterior,outside,fingers,super zoom,globe,ape,planet,earth,primate,monkey
217	LA28 - Welcome to LA28	2023/12/17/261702783572.webp	zoom-in	2020	Day,blue,sky,exterior,skating,skateboard,los angeles,LA
218	Unknown Source	2023/12/17/261702783635.webp	zoom-in		Male,crash zoom,exterior,new york city,super zoom,rapper
219	Source Unknown	2023/12/17/261702783704.webp	zoom-in		Male,forest,nature,night,dusk,exterior,dark,outside,jungle
220	Django Unchained	2023/12/17/261702783836.webp	fourth-wall,zoom-in	2012	
221	LA28 - Welcome to LA28	2023/12/17/261702783909.webp	zoom-in	2020	Day,woman,daytime,stadium,athlete,daylight
222	Kill Bill	2023/12/17/261702783976.webp	zoom-in	2003	
223	Anime Crimes Division (TV Series)	2023/12/17/261702784060.webp	object-portal,zoom-in	2017	glasses,object portal,portal,eye portal
224	c	2023/12/17/261702784148.webp	zoom-in	2022	Day,nike,sports,grass,exterior,field,daytime,outside,athlete,daylight
225	A$AP Ferg - Floor Seats	2023/12/17/261702784275.webp	zoom-in	2019	Male,night,exterior,dark,a$ap,city,nighttime,night time,outside,ferg,asap ferg
226	Source Unknown	2023/12/17/261702784342.webp	zoom-in		crash zoom,dusk,girl,exterior
227	Source Unknown	2023/12/17/261702784393.webp	zoom-in		Male,friends,group,suit,70s,1970s,vintage,laugh,retro
229	@valslooks / IG	2023/12/17/261702784524.webp	photogrammetry,zoom-in		nyc,new york city,oculus
230	Source Unknown	2023/12/17/261702784599.webp	zoom-in		space,spaceship,outer space
231	Source Unknown	2023/12/17/261702784718.webp	tracking		restaurant,interior,indoors,apple
232	Nike - Just for Fun	2023/12/19/261702951631.webp	voyeur	2023	pool,water on lens
233	Moonrise Kingdom	2023/12/17/261702785295.webp	zoom-in	2012	interior,film,trumpet,bugle,fox,children,kids,16mm,1.85,Zeiss Super Speed,Aaton Aminima
234	Into the Ring (TV Series)	2023/12/17/261702785359.webp	fourth-wall,high-angle,zoom-in	2020	woman,restaurant,interior,indoors
235	H&M - Hotel Hennes	2023/12/17/261702786010.webp	zoom-in	2022	Hotel,interior,inside,peephole
236	Our England	2023/12/17/261702786064.webp	fourth-wall,zoom-in	2022	sports,exterior,outside,soccer,athlete
237	Good Time	2023/12/17/261702786191.webp	zoom-in	2017	interior,bottle,drinking,store
238	Rosalia - Saoko	2023/12/17/261702786458.webp	zoom-in	2022	rosalia,outdoors,exterior,outside,gas station,Saoko
239	Tyler The Creator - Dogtooth	2024/01/13/261705127782.webp	tilt,zoom-in	2023	Day,tyler the creator,warm,outdoors,exterior,daylight,lighthouse
240	Moonrise Kingdom	2023/12/17/261702786680.webp	zoom-in	2012	forest,outdoors,dusk,exterior,dark,film,rain,scouts,2012,16mm,1.85,Zeiss Super Speed,Aaton Aminima
241	Rosalia - Saoko	2023/12/17/261702852834.webp	zoom-in	2022	Day,woman,rosalia,exterior,gas station,Saoko
242	Rosalia - Saoko	2023/12/17/261702852941.webp	zoom-in	2022	road,bike,night,exterior,dark,cool,city,rain,wet,street,motorcycle
243	Unknown Source	2023/12/17/261702853292.webp	zoom-in		woman,nike,sports,interior,cool,athlete,ice bath,burgundy
244	The Grand Budapest Hotel	2023/12/17/261702853421.webp	zoom-in	2014	2014,pink,Wes Anderson,Grand Budapest,box,interior,film,2010s,cookies,anderson,baking,packaging,mendl's,dessert,35mm,1.78,Jill Bogdanowicz,Barney Pilling,Cooke S4/ i,Arricam ST,Cooke Varotal Lenses,robert yoeman,Cooke Varotel Zoom lenses,Angenieux Optimo Zooms,The Grand Budapest Hotel
245	Long Live Liborius	2023/12/17/261702853526.webp	wide-shot,zoom-in	2021	Day,exterior,building,city,skating,street,extreme wide,skate
246	Little Simz - Point And Kill feat. Obongjayar	2023/12/17/261702853664.webp	zoom-in	2023	two shot,exterior,cool,cowboy
247	Titanic	2023/12/17/261702853873.webp	zoom-in	1997	Day,close up,James Cameron,Titanic,face,portrait,Kate Winslet,focus,shallow depth
248	M3GAN	2023/12/17/261702853994.webp	zoom-in	2023	interior,horror,doll
249	Erste Bank - Built With You	2023/12/17/261702854083.webp	zoom-in	2020	night,exterior,city
250	The Shining	2023/12/17/261702854300.webp	zoom-in	1980	interior,cool,fire,horror,shining,jack nicholson,fireplace,lit
251	Botis Seva - Santo	2023/12/17/261702854515.webp	duplication,wide-shot,zoom-in	2022	black and white,exterior,duplication
252	Unknown Source	2023/12/17/261702854572.webp	zoom-in		exterior,stairs,brick
253	Botis Seva - Santo	2023/12/17/261702854750.webp	close-up,zoom-in	2022	black and white,exterior
254	Botis Seva - Santo	2023/12/17/261702854805.webp	spotlight,wide-shot,zoom-in	2022	black and white,spotlight,marble,overhead,tile
255	Long Live Liborius	2023/12/17/261702855048.webp	zoom-in	2021	warm,interior,skating,skate,church,centered
256	Kitkat - Break Épico	2023/12/17/261702855168.webp	close-up,zoom-in	2023	close up,fire,eye,eyeball
257	Downtown Kayoto - Changed it	2023/12/17/261702855303.webp	collage,maximalism,zoom-in	2023	downtown kayoto,singing,collage
258	Video by Paul Trillo	2023/12/17/261702855356.webp	zoom-in	2023	
259	Moonrise Kingdom	2023/12/17/261702855470.webp	zoom-in	2012	interior,window,dark,film,stained glass,church,schoolbus,16mm,1.85,Zeiss Super Speed,Aaton Aminima
260	Moonrise Kingdom	2023/12/17/261702855563.webp	wide-shot,zoom-in	2012	Day,warm,exterior,film,river,scout,16mm,1.85,Zeiss Super Speed,Aaton Aminima
261	Hayden Thorpe - Aerial Songs	2023/12/17/261702855838.webp	surrealism,zoom-in	2021	surrealism,piano
262	Bounty Banana - inTENsity	2023/12/17/261702856129.webp	high-angle,typography,wide-shot,zoom-in	2022	Day,exterior,typography,wide
263	Kathmandu - Summer Never Sleeps	2023/12/17/261702856239.webp	fourth-wall,zoom-in	2022	2022,night,group,exterior,dark,fire,campfire,2020s,jan david gunther,kathmandu,daniel warwick,sarah salzmann
264	Pharrell Williams - Cash In Cash Out	2023/12/18/261702859198.webp	duplication,surrealism,stop-motion,zoetrope	2022	Red,tyler the creator,blue,portrait,pharrell,faces,21 savage
265	Pharrell Williams - Cash In Cash Out	2023/12/18/261702859405.webp	traditional,scale-shift,stop-motion,tracking,zoetrope	2022	Red,tyler the creator,blue,portrait,pharrell,faces,21 savage
266	Pharrell Williams - Cash In Cash Out	2023/12/18/261702859480.webp	traditional,scale-shift,stop-motion,zoetrope,zoom-in	2022	Red,tyler the creator,blue,portrait,pharrell,faces,21 savage
267	Pharrell Williams - Cash In Cash Out	2023/12/18/261702859541.webp	traditional,low-angle,scale-shift,stop-motion,zoetrope	2022	Red,tyler the creator,blue,portrait,pharrell,faces,21 savage
268	Pharrell Williams - Cash In Cash Out	2023/12/18/261702859597.webp	traditional,scale-shift,stop-motion,zoetrope	2022	Red,tyler the creator,blue,portrait,pharrell,faces,21 savage
269	Pharrell Williams - Cash In Cash Out	2023/12/18/261702859676.webp	traditional,scale-shift,stop-motion,zoetrope	2022	Red,tyler the creator,blue,portrait,pharrell,faces,21 savage
270	Volkswagen - The Wheel	2023/12/18/261702859939.webp	zoetrope	2021	warm,interior
271	Volkswagen - The Wheel	2023/12/18/261702860001.webp	zoetrope	2021	warm,interior
272	Volkswagen - The Wheel	2023/12/18/261702860073.webp	zoetrope,zoom-in	2021	warm,interior
273	Volkswagen - The Wheel	2023/12/18/261702860144.webp	arc-movement,zoetrope,zoom-in	2021	warm,interior,photography
274	Volkswagen - The Wheel	2023/12/18/261702860205.webp	zoetrope	2021	sepia
275	Volkswagen - The Wheel	2023/12/18/261702860247.webp	stop-motion,zoetrope	2021	warm,interior,silhouette
276	Waveform	2023/12/18/261702860496.webp	duplication,stop-motion,zoetrope	2015	Day,ocean,polaroid,surfing,stop motion
277	Waveform	2023/12/18/261702860545.webp	duplication,echo-printing	2015	Day,ocean,polaroid,surfing,stop motion
278	Waveform	2023/12/18/261702860584.webp	duplication	2015	Day,ocean,duplication,polaroid,surfing,stop motion
279	Waveform	2023/12/18/261702860699.webp	kaleidoscope	2015	Day,ocean,polaroid,surfing,stop motion
280	Waveform	2023/12/18/261702860743.webp	duplication,echo-printing,kaleidoscope	2015	Day,ocean,polaroid,surfing,stop motion
281	Waveform	2023/12/18/261702860782.webp	duplication,vhs,zoetrope	2015	Day,ocean,polaroid,surfing,stop motion
282	Waveform	2023/12/18/261702860822.webp	duplication	2015	Day,ocean,polaroid,surfing,stop motion
283	Waveform	2023/12/18/261702860861.webp	duplication,echo-printing	2015	Day,ocean,polaroid,surfing,stop motion
284	Sculpture - @sculpture	2023/12/18/261702860971.webp	zoetrope		
285	Sculpture - @sculpture	2023/12/18/261702861011.webp	zoetrope		
286	Sculpture - @sculpture	2023/12/18/261702861043.webp	traditional,zoetrope		
287	Sculpture - @sculpture	2023/12/18/261702861074.webp	zoetrope		
288	Sculpture - @sculpture	2023/12/18/261702861096.webp	zoetrope		
289	Sculpture - @sculpture	2023/12/18/261702861215.webp	zoetrope		
290	Sculpture - @sculpture	2023/12/18/261702861241.webp	zoetrope		
291	@GIF-ITI / Giphy	2023/12/18/261702861276.webp	stop-motion,zoetrope		
292	@pislices / IG	2023/12/18/261702861327.webp	traditional,kaleidoscope		
293	@daseboogie / IG	2023/12/18/261702861367.webp	traditional		
294	Unknown Source	2023/12/18/261702861407.webp	traditional,duplication,kaleidoscope,zoetrope		
295	Animation by Matthias Brown	2023/12/18/261702861613.webp	stop-motion,zoetrope	2016	black and white,traceloops
296	Phenakistoscope	2023/12/18/261702861741.webp	traditional,zoetrope	2013	
297	GUI	2023/12/18/261702861862.webp	traditional,zoetrope	2019	
298	Miron - 2D Animation Colour	2023/12/18/261702861936.webp	traditional,zoetrope	2013	
299	Art GIF By Neil Sanders	2023/12/18/261702862286.webp	zoetrope	2014	
300	Animation Spin by CraigInTheBox	2023/12/18/261702862522.webp	stop-motion,zoetrope	2017	
301	Untitled	2023/12/18/261702862620.webp	traditional,zoetrope	2016	
302	The Tramp Dancing	2023/12/18/261702862690.webp	zoetrope	2021	
303	Abstract Animation	2023/12/18/261702862742.webp	traditional,zoetrope	2017	
304	Untitled	2023/12/18/261702862795.webp	zoetrope	2013	
305	Source Unknown	2023/12/18/261702862829.webp	traditional,zoetrope		
306	Source Unknown	2023/12/18/261702862850.webp	traditional,zoetrope		
307	A$AP Rocky - Kids Turned Out Fine	2023/12/18/261702865755.webp	conveyor,set-transition,transition	2019	Day,exterior
308	A$AP Rocky - Kids Turned Out Fine	2023/12/18/261702865935.webp	bullet-time,conveyor,set-transition,transition	2019	Day,trucking,exterior,skating
309	A$AP Rocky - Kids Turned Out Fine	2023/12/18/261702866032.webp	conveyor,set-transition,transition	2019	sunset,exterior,strip club,roof
310	A$AP Rocky - Kids Turned Out Fine	2023/12/18/261702866152.webp	traditional,conveyor,set-transition,transition	2019	Day,water,rocky,asap,a$ap,goldfish,scribble animation,cop car
311	A$AP Rocky - Kids Turned Out Fine	2023/12/18/261702866228.webp	traditional,conveyor,set-transition,transition	2019	Day,Animation,Scribble,exterior,picnic,scribble animation
312	A$AP Rocky - Kids Turned Out Fine	2023/12/18/261702866390.webp	conveyor,set-transition,transition	2019	Day,Animation,Scribble,blunt,car,exterior,smoking,scribble animation,week,tree
313	A$AP Ferg - Floor Seats	2023/12/18/261702866508.webp	collage,flash-cut,maximalism,transition	2019	blunt,weed,exterior,smoking,cool,asap,train,nyc,city,new york,new york city,ferg,asap ferg,subway
314	A$AP Ferg - Floor Seats	2023/12/18/261702867190.webp	transition	2019	Day,light,soft focus,spin,bike,new york
315	Scott Pilgrim vs. the World	2023/12/18/261702868279.webp	conveyor,transition	2010	interior,cool,store,michael cera,shopping
316	Scott Pilgrim vs. the World	2023/12/18/261702872203.webp	transition	2010	face,cool,Ellen Wong,wipe,Mary Elizabeth Winstead
317	Scott Pilgrim vs. the World	2023/12/18/261702872378.webp	transition	2010	michael cera
318	Scott Pilgrim vs. the World	2023/12/18/261702872519.webp	conveyor,transition	2010	interior,cool,store,michael cera,shopping
319	Downtown Kayoto - Changed it	2023/12/18/261702872693.webp	transition	2023	exterior,dark,cool,wall,cold,wipe
320	zef - 4:20 (Už je čas)	2023/12/18/261702872847.webp	transition	2022	interior,exterior,dark,silhouette,hands,scale shift,dawn,purple.
321	Salomon - Tomorrow is yours	2023/12/18/261702873165.webp	pedestal,transition	2022	
322	Hiatus Kaiyote - Red Room	2023/12/18/261702873457.webp	transition	2021	Red,woman,music video,studio,arc,car interior,Hiatus Kaiyote
323	Nu Genea - Marechià (with Célia Kameni)	2024/02/11/261707641135.webp	transition,typography	2021	
324	Kathmandu - Summer Never Sleeps	2023/12/19/261702951869.webp	traditional,voyeur	2022	2022,night,group,exterior,dark,fire,campfire,2020s,jan david gunther,kathmandu,daniel warwick,sarah salzmann
325	Crazypopcorn x Lolipop Shop	2023/12/18/261702874089.webp	transition	2023	
326	@schyguyy / IG	2023/12/18/261702874203.webp	flash-cut,transition	2023	
327	@schyguyy / IG	2023/12/18/261702874233.webp	duplication,transition		
328	Wealthfront - French Toast	2023/12/18/261702874412.webp	pan,transition	2022	
329	Seven	2023/12/18/261702874673.webp	transition	1995	
330	Gatorade - Every Drop	2023/12/18/261702874730.webp	transition	2020	
335	Nike - Nothing Beats a Londoner	2024/01/09/261704834836.webp	slow-motion,wigglegram	2018	nike,slow motion,exterior,wigglegram,basketball
336	@wakest / Giphy	2023/12/18/261702883161.webp	wigglegram	2016	interior,flash,wigglegram
337	Gesticulation	2023/12/18/261702883223.webp	wigglegram	2014	interior,wigglegram,party
338	Lazy Susan	2023/12/18/261702884570.webp	whip-pan	2019	
339	La La Land	2023/12/18/261702884872.webp	whip-pan	2016	
340	Our England	2023/12/18/261702885493.webp	whip-pan	2022	grass,exterior,field,handheld,whip pan
341	Nike - Sport Changes Everything, Chicago-Style	2023/12/18/261702886262.webp	whip-pan	2019	restaurant,nike,interior,chicago
342	Sports Direct - Women's Euro	2023/12/18/261702886497.webp	whip-pan	2022	Day,London,sports,grass,exterior,field,soccer
343	Bounty Banana - inTENsity	2023/12/18/261702891472.webp	close-up		
344	Bounty Banana - inTENsity	2023/12/18/261702891543.webp	fourth-wall		
345	Bounty Banana - inTENsity	2023/12/18/261702891646.webp	traditional	2022	
346	Bounty Banana - inTENsity	2023/12/18/261702891739.webp	traditional,fourth-wall	2022	
347	Bounty Banana - inTENsity	2023/12/18/261702891873.webp	traditional	2022	
348	Bounty Banana - inTENsity	2023/12/18/261702891963.webp	traditional	2022	
349	Bounty Banana - inTENsity	2023/12/18/261702892049.webp	traditional	2022	
350	Bounty Banana - inTENsity	2023/12/18/261702892146.webp	traditional	2022	
351	Bounty Banana - inTENsity	2023/12/18/261702892230.webp	first-person-pov	2022	
352	Bounty Banana - inTENsity	2023/12/18/261702892456.webp	ultra-wide-zero-d	2022	
353	Bounty Banana - inTENsity	2023/12/18/261702892622.webp	morphing	2022	
354	Bounty Banana - inTENsity	2023/12/18/261702892716.webp	traditional,scale-shift	2022	
355	Bounty Banana - inTENsity	2023/12/18/261702892821.webp	duplication,low-angle	2022	
358	Sports Direct - Women's Euro	2023/12/19/261702944103.webp	whip-pan	2022	Day,London,sports,grass,exterior,field,soccer
359	Sports Direct - Women's Euro	2023/12/19/261702944177.webp	fpv-drone	2022	Day,sports,exterior,drone
360	Sports Direct - Women's Euro	2023/12/19/261702944232.webp	zoom-in	2022	Day,sports,exterior,drone
362	Sports Direct - Women's Euro	2023/12/19/261702944464.webp	whip-pan	2022	sports,interior,soccer
363	Sports Direct - Women's Euro	2023/12/19/261702944549.webp	match-cut,whip-pan,zoom-in	2022	sports,interior,soccer
365	Sports Direct - Women's Euro	2023/12/19/261702944692.webp	fpv-drone,wandering	2022	sports,interior,soccer
367	Sports Direct - Women's Euro	2023/12/19/261702944811.webp	fpv-drone,overhead,zoom-in	2022	sports,interior,soccer
368	PRADA presents "CASTELLO CAVALCANTI" by Wes Anderson	2023/12/19/261702945113.webp	tableau-shots,whip-pan	2013	yellow,racing,night,Wes Anderson,group,dark,prada,darius khondji,stephen perkins,pan
369	PRADA presents "CASTELLO CAVALCANTI" by Wes Anderson	2023/12/19/261702945156.webp	pan	2013	yellow,racing,night,Wes Anderson,group,dark,prada,darius khondji,stephen perkins,pan
370	Moonrise Kingdom	2023/12/19/261702945355.webp	whip-pan	2012	Day,warm,exterior,film,river,scout,16mm,1.85,Zeiss Super Speed,Aaton Aminima
371	The Grand Budapest Hotel	2023/12/19/261702946863.webp	whip-pan	2014	2014,Wes Anderson,Grand Budapest,interior,film,2010s,child,35mm,1.78,Jill Bogdanowicz,Barney Pilling,Cooke S4/ i,Arricam ST,Cooke Varotal Lenses,robert yoeman,Cooke Varotel Zoom lenses,Angenieux Optimo Zooms,The Grand Budapest Hotel
372	The Grand Budapest Hotel	2023/12/19/261702946906.webp	whip-pan	2014	2014,warm,Wes Anderson,Grand Budapest,interior,film,2010s,lobby,35mm,1.78,Jill Bogdanowicz,Barney Pilling,Cooke S4/ i,Arricam ST,Cooke Varotal Lenses,robert yoeman,Cooke Varotel Zoom lenses,Angenieux Optimo Zooms,The Grand Budapest Hotel
373	The Grand Budapest Hotel	2023/12/19/261702946939.webp	whip-pan	2014	2014,warm,Wes Anderson,Grand Budapest,interior,film,2010s,lobby,35mm,1.78,Jill Bogdanowicz,Barney Pilling,Cooke S4/ i,Arricam ST,Cooke Varotal Lenses,robert yoeman,Cooke Varotel Zoom lenses,Angenieux Optimo Zooms,The Grand Budapest Hotel
375	The Grand Budapest Hotel	2023/12/19/261702947024.webp	whip-pan	2014	Red,2014,Wes Anderson,Grand Budapest,Ralph Fiennes,suit,film,2010s,Tony Revolori,35mm,1.78,Jill Bogdanowicz,Barney Pilling,Cooke S4/ i,Arricam ST,Cooke Varotal Lenses,robert yoeman,Cooke Varotel Zoom lenses,Angenieux Optimo Zooms,The Grand Budapest Hotel
376	The Grand Budapest Hotel	2023/12/19/261702947097.webp	lazy-susan,pan	2014	2014,warm,Wes Anderson,Hotel,interior,film,2010s,jude law,35mm,1.78,Jill Bogdanowicz,Barney Pilling,Cooke S4/ i,Arricam ST,Cooke Varotal Lenses,robert yoeman,Cooke Varotel Zoom lenses,Angenieux Optimo Zooms,The Grand Budapest Hotel
377	The Grand Budapest Hotel	2023/12/19/261702947149.webp	whip-pan	2014	2014,Wes Anderson,Ralph Fiennes,interior,film,2010s,suits,court,35mm,1.78,Jill Bogdanowicz,Barney Pilling,Cooke S4/ i,Arricam ST,Cooke Varotal Lenses,robert yoeman,Cooke Varotel Zoom lenses,Angenieux Optimo Zooms,The Grand Budapest Hotel
378	The Grand Budapest Hotel	2023/12/19/261702947181.webp	pan	2014	2014,night,Wes Anderson,blue,interior,cool,film,2010s,cold,whip pan,newspaper,35mm,1.78,Jill Bogdanowicz,Barney Pilling,Cooke S4/ i,Arricam ST,Cooke Varotal Lenses,robert yoeman,Cooke Varotel Zoom lenses,Angenieux Optimo Zooms,The Grand Budapest Hotel,lazy susan
379	The Grand Budapest Hotel	2023/12/19/261702947255.webp	pan,tracking	2014	2014,Wes Anderson,film,2010s,whip pan,tracking,35mm,saturated,1.78,Jill Bogdanowicz,Barney Pilling,Cooke S4/ i,Arricam ST,Cooke Varotal Lenses,robert yoeman,Cooke Varotel Zoom lenses,Angenieux Optimo Zooms,magenta,The Grand Budapest Hotel,pastel
381	The Grand Budapest Hotel	2023/12/19/261702947334.webp	pan	2014	Day,Red,2014,white,pink,Wes Anderson,exterior,film,duplication,2010s,motorcycle,Willem Dafoe,snow,35mm,saturated,1.78,Jill Bogdanowicz,Barney Pilling,Cooke S4/ i,Arricam ST,pan,Cooke Varotal Lenses,robert yoeman,Cooke Varotel Zoom lenses,Angenieux Optimo Zooms,magenta,The Grand Budapest Hotel
382	Moonrise Kingdom	2023/12/19/261702947406.webp	lazy-susan,whip-pan	2012	warm,interior,dark,film,16mm,1.85,Zeiss Super Speed,Aaton Aminima
383	zef - 4:20 (Už je čas)	2023/12/19/261702947491.webp	whip-pan	2022	interior,dark,train
384	H&M - Hotel Hennes	2023/12/19/261702947817.webp	whip-pan	2022	Hotel,interior,inside,peephole
385	LA28 - Welcome to LA28	2023/12/19/261702948084.webp	fourth-wall,transition	2020	Day,woman,daytime,stadium,athlete,daylight
386	Magnolia	2023/12/19/261702949042.webp	lazy-susan,set-transition,whip-pan	1999	woman,house,interior,whip,set transition
387	Whiplash	2023/12/19/261702949462.webp	whip-pan	2014	warm,interior,conductor,J. K. Simmons,jazz,drums
388	Whiplash	2024/01/24/261706085822.webp	close-up	2014	interior,black and white,conductor,J. K. Simmons,jazz,drums
389	Whiplash	2023/12/19/261702950058.webp	close-up,quick-cuts	2014	warm,interior,conductor,J. K. Simmons,jazz,drums
390	Whiplash	2023/12/19/261702950140.webp	close-up	2014	warm,interior,conductor,J. K. Simmons,jazz,drums
391	Whiplash	2023/12/19/261702950180.webp	overhead	2014	warm,interior,conductor,J. K. Simmons,jazz,drums
392	Whiplash	2023/12/19/261702950206.webp	low-angle	2014	warm,interior,conductor,J. K. Simmons,jazz,drums
393	Whiplash	2023/12/19/261702950272.webp	cut-ins,low-angle	2014	warm,interior,conductor,J. K. Simmons,jazz,drums
394	Whiplash	2023/12/19/261702950291.webp	tilt	2014	warm,interior,conductor,J. K. Simmons,jazz,drums
395	Whiplash	2023/12/19/261702950314.webp	close-up,pan	2014	warm,interior,conductor,J. K. Simmons,jazz,drums
396	Shaun of the Dead	2023/12/19/261702950623.webp	transition,whip-pan	2004	interior,bar,tie,beer,Simon Pegg
397	Rocket Mortgage - Certain Is Better - Super Bowl Commercial	2023/12/19/261702951217.webp	whip-pan	2021	Day,nature,exterior,comedy,humor,family,bear
398	H&M - Hotel Hennes	2023/12/19/261702951335.webp	fisheye,voyeur	2022	Hotel,interior,inside,peephole
399	H&M - Hotel Hennes	2023/12/19/261702951357.webp	close-up,fisheye,probe-lens,voyeur	2022	Hotel,interior,inside,peephole
400	St. Louis City FC - The City Kit Is Here	2023/12/19/261702951498.webp	voyeur	2022	yellow,spin,chess,outdoors,arc shot,men,exterior,beanie,park,bruton stroube,arc
401	Moonrise Kingdom	2023/12/19/261702951587.webp	voyeur	2012	Day,green,forest,exterior,film,binoculars,river,scout,16mm,1.85,Zeiss Super Speed,Aaton Aminima
402	The French Dispatch	2023/12/19/261702951677.webp	voyeur	2021	Wes Anderson,interior,friends,dispatch,2021,the french dispatch,dinner,arc shot,french,table,inside
403	St. Louis City FC - The City Kit Is Here	2023/12/19/261702951702.webp	voyeur	2022	yellow,spin,chess,outdoors,arc shot,men,exterior,beanie,park,bruton stroube,arc
405	Titanic	2023/12/19/261702951817.webp	voyeur	1997	Day,close up,James Cameron,Titanic,face,portrait,Kate Winslet,focus,shallow depth
406	BENEE - Never Ending	2023/12/19/261702952023.webp	voyeur	2022	night,exterior
407	Cocaine Bear	2023/12/19/261702952152.webp	voyeur	2023	Day,green,exterior,dark,door,natural,2.39,company 3,john guleserian,ARRI ALEXA LF,Arri Signature Prime Lenses,elizabeth banks,joel negron,natasha leonnet
408	Huesera: The Bone Woman	2023/12/19/261702952292.webp	voyeur	2022	night,house,exterior,dark
409	Blood Simple	2023/12/19/261702952484.webp	voyeur	1984	woman,blue,exterior,sniper
410	@chinmayakotian / IG	2023/12/19/261702952551.webp	voyeur		
412	Roman Anastasios / IG	2023/12/19/261702952598.webp	typography,voyeur		
413	@mililand / Giphy	2023/12/19/261702952620.webp	voyeur		
414	Jack Reacher	2023/12/19/261702952811.webp	voyeur	2012	Day,exterior,sniper
415	Source Unknown	2023/12/19/261702952909.webp	voyeur		
416	Gastaloop 100	2023/12/19/261702953409.webp	traditional		
417	Security	2023/12/19/261702953473.webp	traditional		
418	Light Switch	2023/12/19/261702953507.webp	traditional		
419	Wind	2023/12/19/261702953519.webp	traditional		
420	Power	2023/12/19/261702953533.webp	traditional		
421	Space brains	2023/12/19/261702953566.webp	traditional		
422	Moon Sail	2023/12/19/261702953579.webp	traditional		
423	Source Unknown	2023/12/19/261702953604.webp	traditional		
424	Untitled	2023/12/19/261702953684.webp	traditional	2014	
425	Untitled	2023/12/19/261702953784.webp	traditional		
426	Untitled	2023/12/19/261702953896.webp	traditional	2019	
427	Untitled	2023/12/19/261702953926.webp	traditional	2019	
428	Untitled	2023/12/19/261702953992.webp	traditional		silhouette
429	Untitled	2023/12/19/261702954092.webp	traditional		
430	Animation Art	2023/12/19/261702954175.webp	traditional	2017	
431	Animation Art GIF By Max Litvinov	2023/12/19/261702954303.webp	traditional	2014	
432	Animation Art GIF By Max Litvinov	2023/12/19/261702954348.webp	traditional	2014	
433	Animation Art GIF By Max Litvinov	2023/12/19/261702954394.webp	traditional	2014	
434	Art Animation GIF By Max Litvinov	2023/12/19/261702954447.webp	traditional	2014	
435	Animation Illustration GIF By Nikolay Ivanov	2023/12/19/261702954533.webp	traditional	2018	
436	Animation Illustration GIF By Nikolay Ivanov	2023/12/19/261702954883.webp	traditional	2018	
437	Animation Traveling GIF	2023/12/19/261702955189.webp	traditional	2019	
438	Source Unknown	2023/12/19/261702955243.webp	traditional		
439	Sci-Fi Animation GIF By Chad VanGaalen	2023/12/19/261702955311.webp	traditional	2018	
440	Sci-Fi Animation GIF By Chad VanGaalen	2023/12/19/261702955353.webp	traditional	2017	
441	Spirited Away	2023/12/19/261702955525.webp	traditional	2001	Day,car,road,exterior,animated,hand drawn
442	Spirited Away	2023/12/19/261702955557.webp	traditional,tracking	2001	flowers,hand drawn,tracking
443	Spirited Away	2023/12/19/261702955612.webp	traditional,trucking	2001	flowers,hand drawn,tracking
444	Spirited Away	2023/12/19/261702955662.webp	traditional	2001	flowers,hand drawn,tracking
445	Crazypopcorn x Lolipop Shop	2023/12/19/261702956012.webp	traditional,photogrammetry	2023	
446	Source Unknown	2023/12/19/261702956137.webp	traditional		
447	Getter - Head Splitter	2023/12/19/261702956364.webp	traditional	2015	Day,exterior,scribble animation
448	Getter - Head Splitter	2023/12/19/261702956412.webp	traditional	2015	Day,exterior,scribble animation
449	Getter - Head Splitter	2023/12/19/261702956440.webp	traditional	2015	Day,exterior,scribble animation
450	Getter - Head Splitter	2023/12/19/261702956458.webp	traditional	2015	Day,exterior,scribble animation
451	Getter - Head Splitter	2023/12/19/261702956495.webp	traditional	2015	Day,exterior,scribble animation
452	Nike - Just for Fun	2023/12/19/261702956545.webp	traditional	2023	pool,water on lens
453	Nike - Just for Fun	2023/12/19/261702956577.webp	traditional	2023	pool,water on lens
454	Nike - Just for Fun	2023/12/19/261702956595.webp	traditional	2023	pool,water on lens
455	Nike - Just for Fun	2023/12/19/261702956616.webp	traditional	2023	green,nike,sports,exterior,field,park,tennis ball
456	Nike - Just for Fun	2023/12/19/261702956664.webp	traditional	2023	Day,woman,close up,glasses,face,exterior
457	Untitled	2023/12/19/261702958081.webp	traditional		
458	Untitled	2023/12/19/261702958117.webp	traditional		
459	Adidas - Here to Create	2023/12/19/261702958391.webp	traditional	2017	Day,sports,field,adidas,soccer
460	Untitled	2023/12/19/261702958422.webp	traditional		
461	Unknown Source	2023/12/19/261702958446.webp	traditional		
462	Axe - Monday	2023/12/19/261702958734.webp	traditional,slow-motion,trucking		
463	Animation by Matthias Brown	2023/12/19/261702958838.webp	traditional	2016	Animation,Scribble,black and white,line drawing,traceloops
464	Abstract Art Television GIF By Zack Kantor	2023/12/19/261702958897.webp	traditional		
465	Animation GIF By Mr Tronch	2023/12/19/261702959034.webp	traditional		
466	Sony - Your World. Nothing Else	2023/12/19/261702959381.webp	traditional	2022	interior,natural
467	Sony - Your World. Nothing Else	2023/12/19/261702959399.webp	traditional	2022	interior,natural
468	Sony - Your World. Nothing Else	2023/12/19/261702959435.webp	traditional	2022	interior,natural
469	Adobe Photoshop: Fantastic Voyage	2023/12/19/261702960029.webp	traditional	2020	
470	Adobe Photoshop: Fantastic Voyage	2023/12/19/261702959892.webp	traditional	2020	
471	Adobe Photoshop: Fantastic Voyage	2023/12/19/261702959938.webp	traditional	2020	
472	Adobe Photoshop: Fantastic Voyage	2023/12/19/261702959979.webp	traditional,camera-roll	2020	
473	Beau Is Afraid	2023/12/19/261702960262.webp	traditional	2023	
474	XXX - LIQUOR	2023/12/19/261702961087.webp	traditional	2017	
475	XXX - LIQUOR	2023/12/19/261702961110.webp	traditional	2017	
476	XXX - LIQUOR	2023/12/19/261702961122.webp	traditional	2017	
477	XXX - LIQUOR	2023/12/19/261702961136.webp	traditional	2017	
478	XXX - LIQUOR	2023/12/19/261702961147.webp	traditional	2017	
479	XXX - LIQUOR	2023/12/19/261702961158.webp	traditional	2017	
480	XXX - LIQUOR	2023/12/19/261702961170.webp	traditional	2017	
481	XXX - LIQUOR	2023/12/19/261702961183.webp	traditional	2017	
482	XXX - LIQUOR	2023/12/19/261702961193.webp	traditional	2017	
483	XXX - LIQUOR	2023/12/19/261702961289.webp	traditional	2017	
484	Beastie Boys - Shadrach (Abstract Impressionist Version)	2023/12/19/261702961701.webp	traditional	2010	water
485	Beastie Boys - Shadrach (Abstract Impressionist Version)	2023/12/19/261702961711.webp	traditional	2010	water
486	Beastie Boys - Shadrach (Abstract Impressionist Version)	2023/12/19/261702961721.webp	traditional	2010	water
487	Beastie Boys - Shadrach (Abstract Impressionist Version)	2023/12/19/261702961730.webp	traditional	2010	water
488	Beastie Boys - Shadrach (Abstract Impressionist Version)	2023/12/19/261702961741.webp	traditional	2010	water
489	Beastie Boys - Shadrach (Abstract Impressionist Version)	2023/12/19/261702961763.webp	traditional	2010	water
490	Peacock Dream by Lee Yoon Su	2023/12/19/261702962123.webp	traditional		
491	Girl Beauty GIF By Lauren Gregory	2023/12/19/261702962297.webp	traditional	2021	
492	Girl Beauty GIF By Lauren Gregory	2023/12/19/261702962400.webp	traditional	2016	
493	Stop Motion Painting GIF By Lauren Gregory	2023/12/19/261702962423.webp	traditional	2016	
495	Fka Twigs Dance GIF By Sarah Wintner	2023/12/19/261702962541.webp	traditional	2017	
496	GIF By Trosdene	2023/12/19/261702962665.webp	traditional	2021	
497	Anna Firth / Are.na	2023/12/19/261702962715.webp	traditional		
498	Animation by Sofia Qin	2023/12/19/261702962834.webp	traditional	2022	
499	Art Animation GIF by Sofia Qin	2023/12/19/261702962911.webp	traditional	2022	
500	Art Animation GIF by Sofia Qin	2023/12/19/261702962954.webp	traditional	2022	
501	Art Animation GIF by Sofia Qin	2023/12/19/261702963007.webp	traditional	2022	
502	Art Animation GIF by Sofia Qin	2023/12/19/261702963037.webp	traditional,morphing	2022	
503	London Animation GIF By Fáinleog	2023/12/19/261702963136.webp	traditional	2022	
504	Animation by Matthias Brown	2023/12/19/261702975451.webp	traditional	2016	Animation,Scribble,black and white,line drawing,traceloops
505	Animation by Matthias Brown	2023/12/19/261702975459.webp	traditional	2016	Animation,Scribble,black and white,line drawing,traceloops
506	Animation by Matthias Brown	2023/12/19/261702975471.webp	traditional	2016	Animation,Scribble,black and white,line drawing,traceloops
507	Animation by Matthias Brown	2023/12/19/261702975480.webp	traditional	2016	Animation,Scribble,black and white,line drawing,traceloops
508	Animation by Matthias Brown	2023/12/19/261702975491.webp	traditional	2016	Animation,Scribble,black and white,line drawing,traceloops
509	Animation by Matthias Brown	2023/12/19/261702975505.webp	traditional	2016	Animation,Scribble,black and white,line drawing,traceloops
510	Animation by Matthias Brown	2023/12/19/261702975515.webp	traditional	2016	Animation,Scribble,black and white,line drawing,traceloops
511	Animation by Matthias Brown	2023/12/19/261702975525.webp	traditional	2016	Animation,Scribble,black and white,line drawing,traceloops
512	Animation by Matthias Brown	2023/12/19/261702975534.webp	traditional	2016	Animation,Scribble,black and white,line drawing,traceloops
513	Animation by Matthias Brown	2023/12/19/261702975543.webp	traditional	2016	Animation,Scribble,black and white,line drawing,traceloops
514	Animation by Matthias Brown	2023/12/19/261702975554.webp	traditional	2016	Animation,Scribble,black and white,line drawing,traceloops
515	Animation by Matthias Brown	2023/12/19/261702975580.webp	traditional	2016	Animation,Scribble,black and white,line drawing,traceloops
516	Leap Year	2023/12/19/261702976173.webp	wide-shot	2010	Day,woman,nature,suitcase,exterior,wide
517	Broker	2023/12/19/261702976365.webp	wide-shot	2022	Day,woman,green,2022,two shot,exterior,cool,city,wide,1.85,2020s,ARRI ALEXA LF,Arri Signature Prime Lenses,digital,Park Jin Young,Hong Kyung-pyo,Broker,Hirokazu Koreeda
518	Babylon	2023/12/19/261702976548.webp	wide-shot	2022	Day,water,nature,ocean,exterior,overcast,wide
519	The Menu	2023/12/19/261702976761.webp	wide-shot	2022	forest,nature,night,dusk,exterior,trees,wide,the menu,angel
520	We Are Penn State	2023/12/19/261702977064.webp	close-up,as-object		woman,interior,dark,magnifying glass
521	RL Grime - Pour Your Heart Out (feat. 070 Shake)	2023/12/19/261702977548.webp	photogrammetry	2023	interior,dark,luma ai,nerf,luma
522	RL Grime - Pour Your Heart Out (feat. 070 Shake)	2023/12/19/261702977793.webp	photogrammetry	2023	interior,dark,luma ai,nerf,luma
523	RL Grime - Pour Your Heart Out (feat. 070 Shake)	2023/12/19/261702977823.webp	photogrammetry	2023	interior,dark,luma ai,nerf,luma
524	RL Grime - Pour Your Heart Out (feat. 070 Shake)	2023/12/19/261702977895.webp	photogrammetry	2023	interior,dark,luma ai,nerf,luma
525	RL Grime - Pour Your Heart Out (feat. 070 Shake)	2023/12/19/261702977950.webp	photogrammetry	2023	interior,dark,luma ai,nerf,luma
526	RL Grime - Pour Your Heart Out (feat. 070 Shake)	2023/12/19/261702978287.webp	photogrammetry	2023	interior,dark,luma ai,nerf,luma
527	RL Grime - Pour Your Heart Out (feat. 070 Shake)	2023/12/19/261702978668.webp	photogrammetry	2023	interior,dark,luma ai,nerf,luma
528	RL Grime - Pour Your Heart Out (feat. 070 Shake)	2023/12/19/261702978704.webp	photogrammetry	2023	interior,dark,luma ai,nerf,luma
529	RL Grime - Pour Your Heart Out (feat. 070 Shake)	2023/12/19/261702978727.webp	photogrammetry	2023	interior,dark,luma ai,nerf,luma
530	Under Armour - Phelps	2023/12/19/261702978933.webp	slow-motion	2021	
531	Deadpool (Breakdown)	2023/12/19/261702979491.webp	breakdown	2016	
532	Star Wars: Force Awakens (Breakdown)	2023/12/19/261702981423.webp	breakdown	2015	Day,vfx,breakdown,exterior,jj abrams,star wars,space ship
533	Batman: Arkham Knight (Video Game)	2023/12/19/261702981610.webp	breakdown	2015	
534	Guardians of the Galaxy Vol. 2	2023/12/19/261702981812.webp	breakdown	2017	
535	Game of Thrones S6E5 (Breakdown)	2023/12/19/261702982208.webp	breakdown	2016	
536	Star Wars: Force Awakens (Breakdown)	2023/12/19/261702982231.webp	breakdown	2015	Day,vfx,breakdown,exterior,jj abrams,star wars,space ship
537	Star Wars: The Last Jedi (Breakdown)	2023/12/19/261702982429.webp	breakdown	2017	
538	Fantastic Beasts and Where To Find Them (Breakdown)	2023/12/19/261702982759.webp	breakdown	2016	studio,vfx,breakdown,exterior,green screen
539	Fantastic Beasts and Where To Find Them (Breakdown)	2023/12/19/261702982797.webp	breakdown	2016	vfx,harry potter,exterior,vfx breakdown
540	Doctor Strange (Breakdown)	2023/12/19/261702983156.webp	breakdown	2016	interior,vfx,breakdown,dark,cool,Benedict Cumberbatch,vfx breakdown
541	GIF By weinventyou	2023/12/19/261702983529.webp	architexture	2014	Day,architexture,exterior,building
542	GIF By Hateplow	2023/12/19/261702983719.webp	architexture	2014	
543	Heracles GIF By Hateplow	2023/12/19/261702983797.webp	traditional,motion-blur	2015	
544	Nyc Fig GIF By Hateplow	2023/12/19/261702983836.webp	architexture	2014	
545	Beach GIF By Hateplow	2023/12/19/261702984006.webp	traditional	2014	
546	Loop Flatland GIF By Hateplow	2023/12/19/261702984149.webp	zoom-in	2014	
547	3D Photography GIF By Hateplow	2023/12/19/261702984221.webp	architexture	2013	
549	AXEL DE STAMPA GIF	2023/12/19/261702984433.webp	architexture	2016	
550	AXEL DE STAMPA GIF	2023/12/19/261702984465.webp	architexture	2016	
551	AXEL DE STAMPA GIF	2023/12/19/261702984483.webp	architexture	2016	
552	AXEL DE STAMPA GIF	2023/12/19/261702984503.webp	architexture	2017	
553	AXEL DE STAMPA GIF	2023/12/19/261702984520.webp	architexture	2017	
554	Elouen la Baleine / IG	2023/12/19/261702984716.webp	architexture	2023	
555	Street Art Loop GIF By A. L. Crego	2023/12/19/261702984772.webp	architexture	2020	Day,exterior,street art,mural
556	Street Art Loop GIF By A. L. Crego	2023/12/19/261703021494.webp	architexture	2020	Day,exterior,street art,mural
557	Street Art Loop GIF By A. L. Crego	2023/12/19/261703021626.webp	architexture	2020	Day,exterior,street art,mural
558	Street Art Loop GIF By A. L. Crego	2023/12/19/261703021650.webp	architexture	2020	Day,exterior,street art,mural
559	Street Art Loop GIF By A. L. Crego	2023/12/19/261703021665.webp	architexture	2017	Day,exterior,street art,mural
560	Street Art Loop GIF By A. L. Crego	2023/12/19/261703021680.webp	architexture	2017	Day,exterior,street art,mural
561	Street Art Loop GIF By A. L. Crego	2023/12/19/261703021723.webp	architexture	2015	Day,exterior,street art,mural
562	Street Art Loop GIF By A. L. Crego	2023/12/19/261703021754.webp	architexture	2020	Day,exterior,street art,mural
563	Street Art Loop GIF By A. L. Crego	2023/12/19/261703021813.webp	architexture	2020	Day,exterior,street art,mural
564	Street Art Loop GIF By A. L. Crego	2023/12/19/261703021858.webp	architexture	2017	Day,exterior,street art,mural
565	Street Art Loop GIF By A. L. Crego	2023/12/19/261703021878.webp	architexture	2016	Day,exterior,street art,mural
566	Street Art Loop GIF By A. L. Crego	2023/12/19/261703021908.webp	architexture	2016	Day,exterior,street art,mural
567	Street Art Loop GIF By A. L. Crego	2023/12/19/261703021921.webp	architexture	2016	Day,exterior,street art,mural
568	Street Art Loop GIF By A. L. Crego	2023/12/19/261703021938.webp	architexture	2016	Day,exterior,street art,mural
569	Street Art Loop GIF By A. L. Crego	2023/12/19/261703021980.webp	architexture	2015	Day,exterior,street art,mural
570	Street Art Loop GIF By A. L. Crego	2023/12/19/261703021994.webp	architexture	2015	Day,exterior,street art,mural
571	Minimize Street Art GIF By A. L. Crego	2023/12/19/261703022012.webp	architexture	2015	Day,architexture,exterior,building,brown,street art,mural
572	Street Art Loop GIF By A. L. Crego	2023/12/19/261703022036.webp	architexture	2015	Day,architexture,clouds,exterior,dark,rain,street art,mural,stormy
573	Street Art Loop GIF By A. L. Crego	2023/12/19/261703022426.webp	architexture	2015	Day,white,architexture,exterior,building,animated,street art,mural,phenakistiscope,motion
574	Street Art Loop GIF By A. L. Crego	2023/12/19/261703022450.webp	architexture	2015	Day,Red,architexture,clouds,exterior,overcast,street art,mural,phenakistiscope
575	Street Art Loop GIF By A. L. Crego	2023/12/19/261703022484.webp	architexture	2015	Day,white,architexture,exterior,street art,mural,muted
576	Street Art Loop GIF By A. L. Crego	2023/12/19/261703022500.webp	architexture	2015	Day,yellow,architexture,exterior,street art
577	Street Art Loop GIF By A. L. Crego	2023/12/19/261703022706.webp	architexture	2015	Day,architexture,exterior,animated,street art,mural,insa,trippy
578	Augmented Reality Graffiti GIF	2023/12/19/261703022797.webp	architexture	2018	Day,architexture,exterior,animated,street art,mural,insa,trippy
579	Augmented Reality Graffiti GIF	2023/12/19/261703022815.webp	architexture	2018	Day,architexture,exterior,animated,street art,mural,insa,trippy
580	Augmented Reality Graffiti GIF	2023/12/19/261703022836.webp	architexture	2018	Day,architexture,exterior,animated,street art,mural,insa
581	Augmented Reality Graffiti GIF	2023/12/19/261703022875.webp	architexture	2018	Day,architexture,exterior,animated,street art,mural,insa,trippy
582	Augmented Reality Graffiti GIF	2023/12/19/261703022903.webp	architexture	2018	Day,architexture,exterior,animated,street art,mural,insa,trippy
583	Augmented Reality Graffiti GIF	2023/12/19/261703022958.webp	architexture	2018	Day,architexture,exterior,orange,animated,street art,mural,insa,trippy
584	Long Live Liborius	2023/12/19/261703023536.webp	vhs	2021	white,interior,cool,vintage,skating,handheld,bruton stroube,skate,church,centered,vhs,noisy,overexposure
585	Long Live Liborius	2023/12/19/261703023606.webp	vhs	2021	white,close up,interior,cool,vintage,skating,handheld,bruton stroube,retro,skate,church,centered,vhs,drawing,noisy
586	Nine Inch Nails - Closer	2023/12/19/261703024169.webp	vhs	2009	warm,interior,film,vintage,burn,nine inch nails,expressionism,grunge,mark romanek,harris savides
587	BENEE - Never Ending	2023/12/19/261703024580.webp	vhs	2022	yellow,2022,warm,night,blue,exterior,vintage,aspect ratio switch,retro,vhs,street light,2020s,sodium lights,benee,devan narsai
588	Nine Inch Nails - Closer	2023/12/19/261703024653.webp	vhs	2009	2009,warm,interior,film,vintage,burn,orange,retro,nine inch nails,expressionism,grunge,2000s,mark romanek,harris savides,robert duffy
589	The Blair Witch Project	2023/12/19/261703025872.webp	vhs	1999	flash,dark,vintage,handheld,retro,horror,vhs,selfie,black,scared,daniel myrick,neal fredericks
590	Allbirds - Introducing The Trail Runner SWT	2023/12/19/261703028230.webp	collage,vhs	2021	green,blue,collage,shadow box,burn,retro,vhs,allbirds,flare,burn flare,brandon kuzma
591	Roman Anastasios / IG	2023/12/19/261703028328.webp	typography		pink,warm,walking,subtitles,exterior,city,handheld,church,stoplight,shaky,roman anastasios
592	Roman Anastasios / IG	2023/12/19/261703028357.webp	typography		pink,sky,subtitles,exterior,city,trees,handheld,park,dawn,sunrise,roman anastasios
593	Daveed Diggs for Playboy by Grant Spanier	2023/12/19/261703028812.webp	vhs	2020	singing,mic,film,vintage,fog,spotlight,retro,vhs,burn in,Super 8,singer,grant spanier
594	Casper - Bed Head	2023/12/19/261703028928.webp	vhs	2020	night,interior,bed,cool,lit,natural,vhs,selfie,sleep,jack foster,tired
595	Object Portal GIF by Lauren Sanderson	2023/12/19/261703028977.webp	object-portal,vhs		white,natural light,silhouette,vintage,object portal,natural,vhs,lauren sanderson,windows,washing machine
596	Casper - Bed Head	2023/12/19/261703029000.webp	vhs	2020	2020,white,night,interior,bed,dark,lit,natural,vhs,selfie,2020s,casper,sleep,jack foster,pillow
597	Thirteen	2023/12/19/261703029181.webp	vhs	2003	motion blur,woman,close up,green,face,exterior,cool,handheld,elliot davis,catherine hardwicke,shaky,trent johnson,whip,nancy richardson
598	Source Unknown	2023/12/19/261703029235.webp	vhs		interior,hallway,drone,orange,arc,vhs,tape,glitch
599	Sunset Wide Shot	2023/12/19/261703029321.webp	wide-shot		night,dusk,exterior,dark,silhouette,city,wide,zoom in
600	Daytime View Wide Shot	2023/12/19/261703029700.webp	wide-shot		Day,light,nature,blue,sky,clouds,exterior,silhouette,cool,wide,black,scenic view
601	City of God ‘Cidade de Deus’	2023/12/19/261703030002.webp	wide-shot	2002	water,white,green,exterior,reflection,jungle,river,wide,Rio,16mm,1.85,super 16mm,2000s,daniel rezende,cesar charlone,fernando meirelles,2002,splash,city of god
602	Picnic at Hanging Rock	2023/12/19/261703030309.webp	wide-shot	1975	Day,warm,sunny,brown,Panavision,wide,1900s,35mm,1800s,dee mclelland,margaret cardin,russell boyd,peter weir
603	Atonement	2023/12/20/261703030561.webp	projections,wide-shot	2007	night,interior,silhouette,cool,wide shot,Panavision,35mm,movie theater,1930s,2000s,2007,atonement,joe wright,adam inglis,paul tothill,projections,seamus mcgarvey
604	Last Night in Soho	2023/12/20/261703030714.webp	wide-shot	2021	yellow,warm,night,2021,Edgar Wright,exterior,orange,rain,Panavision,wide,alexa,ARRI ALEXA Mini,arri,street light,soho,2020s,stoplight,last night in soho,paul machliss,asa shoul,chung hoon chung
605	City of God ‘Cidade de Deus’	2023/12/20/261703030862.webp	wide-shot	2002	Day,beach,sand,sunset,ocean,smoking,sunny,wide,coast,16mm,1.85,bright,super 16mm,daniel rezende,cesar charlone,fernando meirelles
606	Pulp Fiction	2023/12/20/261703031058.webp	wide-shot	1994	90s,car,driving,night,blue,dark,1990s,1994,cool,wide shot,rain,Panavision,wide,35mm,2.35,black,street lights,quentin tarantino,sally menke,andrzej sekula
607	Pulp Fiction	2023/12/20/261703031282.webp	close-up	1994	close up,90s,warm,face,natural light,1990s,1994,Panavision,35mm,2.35,drink,quentin tarantino,sally menke,andrzej sekula,samuel l jackson
608	Pulp Fiction	2023/12/20/261703031433.webp	low-angle	1994	light,low angle,close up,90s,car,1990s,1994,cool,Panavision,35mm,2.35,saturated,pulp fiction,quentin tarantino,sally menke,andrzej sekula,samuel l jackson
609	Reservoir Dogs	2023/12/20/261703031684.webp	low-angle	1992	Day,low angle,exterior,1990s,Panavision,35mm,2.35,Arriflex BL3,Super 35,Panavision Primo Primes,1992,Reservoir Dogs,quentin tarantino,sally menke,andrzej sekula
610	Jackie Brown	2023/12/20/261703031861.webp	low-angle	1997	low angle,night,exterior,35mm,1.85,Zeiss Super Speed,Moviecam Compact,gun,jackie brown,shotgun,quentin tarantino,sally menke,andrzej sekula
611	Kill Bill: Vol. 1	2023/12/20/261703032102.webp	low-angle	2003	Day,low angle,interior,dark,cool,Panavision,kill bill,35mm,Panavision Primo Primes,Panavision Millennium,2.39,XL2L,2000s,Millenium X,2003,quentin tarantino,robert richardson,stephen nakamura,sally menke
612	Death Proof	2023/12/20/261703032330.webp	low-angle	2007	Day,low angle,car,blue,exterior,Panavision,35mm,2.35,trunk,saturated,Arriflex 435,3 perf,435,Panavision Panaflex,primo,2007,death proof,quentin tarantino,robert richardson,stephen nakamura,sally menke
613	Django Unchained	2023/12/20/261703032766.webp	low-angle	2012	Day,low angle,blue,exterior,Panavision,35mm,2.39,saturated,anamorphic,1800s,gun,company 3,quentin tarantino,yvan lucas,robert richardson,fred raskin
614	Nope	2023/12/20/261703033161.webp	wide-shot	2022	2022,dusk,exterior,dark,cool,smoke,fog,65mm,wide,Panavision 65 HR,Panavision System 65m,Daniel Kaluuya,1.78,2020s,greg fisher,hoyte van hoytema,company 3,nicholas monsour,jordan peele
615	Set it Up	2023/12/20/261703038189.webp	wide-shot	2018	Day,light,sports,cool,new york city,wide,yankee,yankee stadium,baseball,set it up,claire scanlon,crowd,wendy greene bricmont,matthew clark
616	Blade Runner	2023/12/20/261703040884.webp	wide-shot	1982	interior,silhouette,cool,wide,Mitchell FC 65,Jill Bogdanowicz,Panavision Primo,Karen Krause,Marsha Nakashima,Tom Burton,2.39 anamorphic,film 35mm,Ridley Scott,James Warren,Joshua Pines,Thomas Polizzi,Jordan Cronenweth
617	Blade Runner	2023/12/20/261703041063.webp	silhouette,wide-shot	1982	blue,interior,dark,silhouette,cool,smoke,wide,Mitchell FC 65,Jill Bogdanowicz,Panavision Primo,Karen Krause,Marsha Nakashima,Tom Burton,2.39 anamorphic,film 35mm,Ridley Scott,James Warren,Joshua Pines,Thomas Polizzi,Jordan Cronenweth
618	Blade Runner	2023/12/20/261703041146.webp	wide-shot	1982	blue,exterior,dark,silhouette,cool,smoke,wide,Mitchell FC 65,Jill Bogdanowicz,Panavision Primo,Karen Krause,Marsha Nakashima,Tom Burton,2.39 anamorphic,film 35mm,Ridley Scott,James Warren,Joshua Pines,Thomas Polizzi,Jordan Cronenweth
619	Blade Runner	2023/12/20/261703041252.webp	close-up	1982	Explosion,close up,blue,dark,cool,eye,eyeball,Mitchell FC 65,Jill Bogdanowicz,Panavision Primo,Karen Krause,Marsha Nakashima,Tom Burton,2.39 anamorphic,film 35mm,Ridley Scott,James Warren,Joshua Pines,Thomas Polizzi,Jordan Cronenweth
620	Blade Runner	2023/12/20/261703041373.webp	close-up	1982	woman,close up,Cigarette,smoking,Mitchell FC 65,Jill Bogdanowicz,Panavision Primo,Karen Krause,Marsha Nakashima,Tom Burton,2.39 anamorphic,film 35mm,Ridley Scott,James Warren,Joshua Pines,Thomas Polizzi,Jordan Cronenweth
621	Lady Chatterley’s Lover	2023/12/20/261703041673.webp	tableau-shots,wide-shot	2022	Day,Red,woman,green,2022,interior,window,wide,bright,saturated,2020s,lady chatterley's lover,Laure de Clermont-Tonnerre,Nina Annan,Benoît Delhomme,Geraldine Mangenot,reading
622	Nomadland	2023/12/20/261703041974.webp	wide-shot	2020	woman,trucking,pink,walking,sunset,dark,silhouette,lamp,field,orange,wide,ARRI ALEXA Mini,2.39,Zeiss Ultra Prime,ARRI AMIRA,Joshua James Richards,Chloe Zhao
623	Nomadland	2023/12/20/261703042224.webp	tableau-shots,two-shot	2020	pink,two shot,exterior,dawn,ARRI ALEXA Mini,Zeiss Ultra Prime,ARRI AMIRA,Joshua James Richards,Chloe Zhao
624	Nomadland	2023/12/20/261703042325.webp	wide-shot	2020	Day,car,road,blue,sky,wide,ARRI ALEXA Mini,bright,saturated,Zeiss Ultra Prime,ARRI AMIRA,Joshua James Richards,Chloe Zhao,van,vehicle
625	Nomadland	2023/12/20/261703042383.webp	tableau-shots,wide-shot	2020	Day,woman,running,nature,warm,exterior,brown,wide,ARRI ALEXA Mini,Zeiss Ultra Prime,ARRI AMIRA,Joshua James Richards,Chloe Zhao,rocks
626	Nomadland	2023/12/20/261703042431.webp	trucking	2020	Day,trucking,pink,sunset,dark,handheld,ARRI ALEXA Mini,sunrise,Zeiss Ultra Prime,ARRI AMIRA,Joshua James Richards,Chloe Zhao
627	The Life Aquatic with Steve Zissou	2023/12/20/261703042669.webp	wide-shot	2004	Day,light,warm,Wes Anderson,exterior,film,beanie,symmetrical,bill murray,life aquatic,natural,35mm,2.35,Panavision Panaflex,anamorphic,muted,soft light,Panavision Primo Anamorphics,david moritz,Panavision Primo Zooms,robert yeoman
628	The Life Aquatic with Steve Zissou	2023/12/20/261703042782.webp	cut-ins	2004	Day,warm,Wes Anderson,ocean,beanie,life aquatic,35mm,2.35,Panavision Panaflex,anamorphic,soft light,Panavision Primo Anamorphics,david moritz,Panavision Primo Zooms,robert yeoman,boating,willem defoe,sea
629	Asteroid City	2023/12/20/261703043233.webp	tableau-shots,wide-shot	2023	Day,Wes Anderson,wide,bright,saturated,2.39 anamorphic,film 35mm,Zeiss Master Anamorphics,Barney Pilling,Cooke S4/ i,Gareth Spensley,Robert D. Yeoman,desert,Arricam LT,tableau,Arricam ST,cyan
630	Asteroid City	2023/12/20/261703043563.webp	tableau-shots	2023	Day,Wes Anderson,medium,bright,saturated,2.39 anamorphic,film 35mm,Zeiss Master Anamorphics,Barney Pilling,Cooke S4/ i,Gareth Spensley,Robert D. Yeoman,Arricam LT,tableau,Arricam ST,tom hanks,phone,cyan
631	Asteroid City	2023/12/20/261703043655.webp	tableau-shots,trucking,wide-shot	2023	Day,trucking,Wes Anderson,sunny,wide,bright,2.39 anamorphic,film 35mm,Zeiss Master Anamorphics,Barney Pilling,Cooke S4/ i,Gareth Spensley,Robert D. Yeoman,Arricam LT,tableau,Arricam ST,tom hanks,fair,cyan,carnival
632	Asteroid City	2023/12/20/261703043714.webp	close-up	2023	Day,woman,close up,Wes Anderson,photography,sunny,bright,2.39 anamorphic,film 35mm,Zeiss Master Anamorphics,Barney Pilling,Cooke S4/ i,Gareth Spensley,Robert D. Yeoman,Arricam LT,Arricam ST,tom hanks,cyan,camera
633	Asteroid City	2023/12/20/261703043823.webp	dolly-shot,tableau-shots	2023	Day,Wes Anderson,sunny,wide,bright,saturated,2.39 anamorphic,film 35mm,Zeiss Master Anamorphics,Barney Pilling,Cooke S4/ i,Gareth Spensley,Robert D. Yeoman,desert,Arricam LT,Arricam ST,cyan,dolly out
634	Asteroid City	2023/12/20/261703043868.webp	tableau-shots	2023	Day,Wes Anderson,sunny,bright,saturated,2.39 anamorphic,film 35mm,Zeiss Master Anamorphics,Barney Pilling,Cooke S4/ i,Gareth Spensley,Robert D. Yeoman,desert,Arricam LT,tableau,Arricam ST,cyan,full shot
635	Asteroid City	2023/12/20/261703043974.webp	tableau-shots	2023	warm,Wes Anderson,centered,2.39 anamorphic,film 35mm,Zeiss Master Anamorphics,Barney Pilling,Cooke S4/ i,Gareth Spensley,Robert D. Yeoman,Arricam LT,Arricam ST,military,uniform
636	Cocaine Bear	2023/12/20/261703044374.webp	two-shot,wide-shot	2023	Day,green,nature,two shot,sunny,river,wide,2.39,company 3,john guleserian,ARRI ALEXA LF,Arri Signature Prime Lenses,elizabeth banks,joel negron,natasha leonnet,sunlight,hikers,digital
637	Cocaine Bear	2023/12/20/261703044430.webp	typography	2023	Day,green,forest,subtitles,2.39,company 3,john guleserian,ARRI ALEXA LF,Arri Signature Prime Lenses,elizabeth banks,joel negron,natasha leonnet,digital,wilderness
638	Cocaine Bear	2023/12/20/261703044492.webp	close-up	2023	close up,blue,smoke,fog,extreme close up,bear,2.39,company 3,john guleserian,ARRI ALEXA LF,Arri Signature Prime Lenses,elizabeth banks,joel negron,natasha leonnet,digital,nostrils,sniff,snout
639	Cocaine Bear	2023/12/20/261703044746.webp	light-flash	2023	Red,dark,strobe,2.39,company 3,john guleserian,ARRI ALEXA LF,Arri Signature Prime Lenses,elizabeth banks,joel negron,natasha leonnet,digital,emergency,light flash,cockpit,flashing light
640	Cocaine Bear	2023/12/20/261703044847.webp	close-up	2023	close up,upside down,bear,2.39,company 3,john guleserian,ARRI ALEXA LF,Arri Signature Prime Lenses,elizabeth banks,joel negron,natasha leonnet,digital
641	Cocaine Bear	2023/12/20/261703045001.webp	freeze-frame,typography	2023	exterior,title,wide,2.39,company 3,john guleserian,ARRI ALEXA LF,Arri Signature Prime Lenses,elizabeth banks,joel negron,natasha leonnet,digital,freeze frame
642	Cocaine Bear	2023/12/20/261703045032.webp	focal-focus	2023	rack focus,focus,2.39,gun,company 3,john guleserian,ARRI ALEXA LF,Arri Signature Prime Lenses,elizabeth banks,joel negron,natasha leonnet,digital
643	Napoleon Dynamite	2023/12/20/261703045301.webp	wide-shot	2004	Day,car,blue,field,orange,2000s,saturated,van,tan,George Chavez,Napoleon Dynamite,Jeremy Coon,2004,Jared Hess,Munn Powell
644	Napoleon Dynamite	2023/12/20/261703045500.webp	two-shot	2004	white,interior,two shot,symmetrical,hallway,Panavision,35mm,1.85,2000s,George Chavez,Napoleon Dynamite,Jeremy Coon,2004,Jared Hess,Munn Powell
645	Napoleon Dynamite	2023/12/20/261703045640.webp	close-up	2004	white,yellow,close up,glasses,warm,two shot,teeth,Panavision,35mm,1.85,2000s,George Chavez,Napoleon Dynamite,Jeremy Coon,2004,Jared Hess,Munn Powell
646	X	2023/12/20/261703045949.webp	wide-shot	2022	water,green,forest,2022,nature,exterior,extreme wide,river,anamorphic,2020s,splash,digital,X,Damian McDonnell,1.90,Hawk Lens,jump,Eliot Rockett,Sony VENICE,Ti West,David Kashevaroff
647	X	2023/12/20/261703046119.webp	close-up	2022	Red,white,2022,dark,lit,anamorphic,2020s,digital,X,Damian McDonnell,1.90,Hawk Lens,Eliot Rockett,Sony VENICE,Ti West,David Kashevaroff
648	X	2023/12/20/261703046260.webp	fpv-drone,overhead,wide-shot	2022	Day,water,green,2022,nature,exterior,lake,extreme wide,overhead,river,anamorphic,2020s,digital,X,Damian McDonnell,1.90,Hawk Lens,Eliot Rockett,Sony VENICE,Ti West,David Kashevaroff,birds-eye
649	X	2023/12/20/261703046284.webp	fpv-drone,overhead,wide-shot	2022	Day,water,green,2022,nature,exterior,lake,extreme wide,overhead,river,anamorphic,2020s,digital,X,Damian McDonnell,1.90,Hawk Lens,Eliot Rockett,Sony VENICE,Ti West,David Kashevaroff,birds-eye
650	X	2023/12/20/261703046409.webp	close-up,overhead	2022	Day,white,woman,2022,nature,face,exterior,lake,river,anamorphic,2020s,digital,X,Damian McDonnell,1.90,Hawk Lens,Eliot Rockett,Sony VENICE,Ti West,David Kashevaroff,floating
651	X	2023/12/20/261703046498.webp	close-up,low-angle	2022	2022,interior,dark,cool,anamorphic,2020s,muted,digital,X,Damian McDonnell,1.90,Hawk Lens,Eliot Rockett,Sony VENICE,Ti West,David Kashevaroff,jennifer ortega
652	The Piano Teacher	2023/12/20/261703046917.webp	wide-shot	2001	Day,light,warm,interior,2001,film,brown,wide,35mm,1.85,bright,Moviecam Compact,2000s,Cooke S4/ i,tan,Monika Willi,chairs,Cooke Varotal Lenses,Christian Berger,The Piano Teacher,Franz Rabl,Michael Haneke,Nadine Muse
653	Full Metal Jacket	2023/12/20/261703047400.webp	close-up	1987	Day,white,close up,green,exterior,1980s,Stanley Kubrick,35mm,Martin Hunter,Nikon Lenses,marine,Kodak 5294,full metal jacket,Zeiss Super Speed Lenses,1.33,1987,Arriflex 35 BL,Douglas Milsome,Arriflex 35 IIC
654	Full Metal Jacket	2023/12/20/261703047456.webp	tableau-shots,wide-shot	1987	white,interior,1980s,Stanley Kubrick,centered,wide,35mm,Martin Hunter,Nikon Lenses,Kodak 5294,full metal jacket,Zeiss Super Speed Lenses,1.33,1987,Arriflex 35 BL,Douglas Milsome,Arriflex 35 IIC,artificial light,marines,mess hall
655	Full Metal Jacket	2023/12/20/261703047513.webp	close-up,two-shot	1987	close up,green,two shot,1980s,Stanley Kubrick,35mm,Martin Hunter,Nikon Lenses,Kodak 5294,full metal jacket,Zeiss Super Speed Lenses,1.33,1987,Arriflex 35 BL,Douglas Milsome,Arriflex 35 IIC,grin,overexposed
656	Full Metal Jacket	2023/12/20/261703047584.webp	high-angle,two-shot	1987	Day,white,green,interior,two shot,1980s,Stanley Kubrick,35mm,saturated,gun,Martin Hunter,Nikon Lenses,Kodak 5294,full metal jacket,Zeiss Super Speed Lenses,1.33,1987,Arriflex 35 BL,Douglas Milsome,Arriflex 35 IIC,artificial light,marines,high angle
657	Full Metal Jacket	2023/12/20/261703047657.webp	close-up,zoom-in	1987	close up,exterior,1980s,Stanley Kubrick,zoom,35mm,Martin Hunter,Nikon Lenses,Kodak 5294,full metal jacket,Zeiss Super Speed Lenses,1.33,1987,Arriflex 35 BL,Douglas Milsome,Arriflex 35 IIC,green day,push in,subtle zoom
658	Full Metal Jacket	2023/12/20/261703047720.webp	close-up	1987	close up,green,night,interior,eating,1980s,Stanley Kubrick,35mm,bright,Martin Hunter,Nikon Lenses,Kodak 5294,full metal jacket,Zeiss Super Speed Lenses,1.33,1987,Arriflex 35 BL,Douglas Milsome,Arriflex 35 IIC,artificial light,donut
659	Full Metal Jacket	2023/12/20/261703047831.webp	close-up,first-person-pov	1987	low angle,first person,1980s,Stanley Kubrick,35mm,Martin Hunter,Nikon Lenses,Kodak 5294,full metal jacket,Zeiss Super Speed Lenses,1.33,1987,Arriflex 35 BL,Douglas Milsome,Arriflex 35 IIC,speaking to camera,fourth wall
660	Stranger Things S4	2023/12/20/261703048367.webp	close-up,hard-light	2022	night,blue,dark,orange,saturated,company 3,ARRI ALEXA LF,digital,Dean Zimmerman,Duffer Brothers,Skip Kimball,Casey Cichocki,2.0,Katherine Naranjo,hard light,Caleb Heymann,Joseph Quinn
661	Stranger Things S4	2023/12/20/261703048486.webp	close-up	2022	Day,light,white,close up,natural light,bright,company 3,ARRI ALEXA LF,digital,Dean Zimmerman,Duffer Brothers,Skip Kimball,Casey Cichocki,2.0,Katherine Naranjo,Caleb Heymann,Joseph Quinn
662	Stranger Things S4	2023/12/20/261703048565.webp	close-up	2022	Day,light,white,close up,forest,nature,natural light,exterior,bright,woods,company 3,ARRI ALEXA LF,digital,Dean Zimmerman,Duffer Brothers,Skip Kimball,Casey Cichocki,2.0,Katherine Naranjo,Caleb Heymann,Joseph Quinn
663	Stranger Things S4	2023/12/20/261703048637.webp	close-up	2022	close up,night,blue,natural light,exterior,dark,fire,orange,company 3,ARRI ALEXA LF,Dean Zimmerman,Duffer Brothers,Skip Kimball,Casey Cichocki,2.0,Katherine Naranjo,hard light,Caleb Heymann,Joseph Quinn,shock,surprise
664	The Ballad of Songbirds and Snakes	2023/12/20/261703049054.webp	close-up	2023	close up,black and white,company 3,tears,Mark Yoshikawa,ARRI ALEXA Mini LF,Francis Lawrence,Jo Willems,ARRI Signature Prime,crying,Dave Hussey
665	The Ballad of Songbirds and Snakes	2023/12/20/261703049091.webp	close-up	2023	close up,black and white,company 3,tears,Mark Yoshikawa,ARRI ALEXA Mini LF,Francis Lawrence,Jo Willems,ARRI Signature Prime,crying,Dave Hussey
666	The Truman Show	2023/12/20/261703049600.webp	wide-shot	1998	water,blue,exterior,dark,cool,film,spotlight,35mm,Panavision Primo Primes,1.78,peter weir,Panavision Platinum,Michael Healey,William M. Anderson,Lee Smith
667	The Truman Show	2023/12/20/261703049707.webp	high-angle	1998	Day,Red,yellow,green,dark,film,35mm,bright,Panavision Primo Primes,saturated,1.78,peter weir,high angle,Panavision Platinum,Michael Healey,William M. Anderson,Lee Smith,sun,stripe
668	The Truman Show	2023/12/20/261703049770.webp	as-object	1998	interior,dark,film,35mm,Panavision Primo Primes,1.78,peter weir,fourth wall,Panavision Platinum,Michael Healey,William M. Anderson,Lee Smith
669	The Truman Show	2023/12/20/261703050034.webp	glitch	1998	blue,dark,film,35mm,Panavision Primo Primes,1.78,peter weir,Panavision Platinum,Michael Healey,William M. Anderson,Lee Smith,noise
670	The Truman Show	2023/12/20/261703050309.webp	screen-in-screen	1998	close up,interior,35mm,Panavision Primo Primes,1.78,peter weir,artificial light,Panavision Platinum,Michael Healey,William M. Anderson,Lee Smith,screen in screen,tv
671	The Truman Show	2023/12/20/261703050556.webp	glitch,typography	1998	Day,light,blue sky,close up,car,driving,natural light,exterior,35mm,Panavision Primo Primes,saturated,1.78,peter weir,artificial light,Panavision Platinum,Michael Healey,William M. Anderson,Lee Smith,screen in screen,license plate,raster lines
672	Napoleon Dynamite	2023/12/20/261703050676.webp	wide-shot	2004	Day,field,extreme wide,bright,George Chavez,Napoleon Dynamite,Jeremy Coon,Jared Hess,Munn Powell,playground
673	Moon	2023/12/20/261703050970.webp	wide-shot	2009	white,interior,film,wide,35mm,Panavision Millennium,2.39,millenium xl,xl2,Arricam LT,artificial light,Duncan Jones,jogging,treadmill,Nicolas Gaster,Gary Shaw
674	Moon	2023/12/20/261703051104.webp	close-up	2009	white,macro,green,interior,film,wide,35mm,Panavision Millennium,2.39,millenium xl,xl2,Arricam LT,artificial light,Duncan Jones,Nicolas Gaster,Gary Shaw,frame,photograph,photo
675	Taxi Driver	2023/12/20/261703051575.webp	close-up	1976	Red,Male,face,dark,1970s,film,extreme close up,eyes,35mm,1.85,Zeiss Super Speed,Arriflex BL,1976,Taxi Driver,Michael Chapman,Melvin Shapiro,Martin Scorsese,Stefan Sonnenfeld
676	Taxi Driver	2023/12/20/261703052430.webp	close-up,reflections,focal-focus	1976	Male,green,car,mirror,dark,1970s,extreme close up,eyes,35mm,1.85,Zeiss Super Speed,Arriflex BL,1976,Taxi Driver,Michael Chapman,Melvin Shapiro,Martin Scorsese,Stefan Sonnenfeld
677	Taxi Driver	2023/12/20/261703052526.webp	close-up,focal-focus	1976	Male,green,car,mirror,dark,1970s,bokeh,extreme close up,eyes,35mm,1.85,Zeiss Super Speed,Arriflex BL,1976,Taxi Driver,Michael Chapman,Melvin Shapiro,Martin Scorsese,Stefan Sonnenfeld
678	Taxi Driver	2023/12/20/261703053211.webp	focal-focus	1976	Male,dark,silhouette,1970s,bokeh,extreme close up,35mm,1.85,Zeiss Super Speed,Arriflex BL,1976,Taxi Driver,Michael Chapman,Melvin Shapiro,Martin Scorsese,Stefan Sonnenfeld
680	Taxi Driver	2023/12/20/261703053387.webp	fixed-camera	1976	fixed camera,night,taxi,dark,1970s,extreme close up,35mm,1.85,Zeiss Super Speed,Arriflex BL,1976,Taxi Driver,Michael Chapman,Melvin Shapiro,Martin Scorsese,Stefan Sonnenfeld
681	Taxi Driver	2023/12/20/261703053512.webp	voyeur	1976	fixed camera,white,yellow,warm,night,exterior,1970s,extreme close up,35mm,1.85,Zeiss Super Speed,Arriflex BL,1976,Taxi Driver,Michael Chapman,Melvin Shapiro,Martin Scorsese,Stefan Sonnenfeld,voyeur
682	Nope	2023/12/20/261703053643.webp	surrealism,wide-shot	2022	2022,night,blood,blue,exterior,dark,rain,65mm,surrealism,Panavision 65 HR,Panavision System 65m,Daniel Kaluuya,1.78,2020s,greg fisher,hoyte van hoytema,company 3,nicholas monsour,jordan peele
683	The Grand Budapest Hotel	2023/12/20/261703053920.webp	wide-shot	2014	2014,Wes Anderson,blue,exterior,dark,film,2010s,wide,snow,35mm,1.78,Jill Bogdanowicz,Barney Pilling,Cooke S4/ i,Arricam ST,Cooke Varotal Lenses,robert yoeman,Cooke Varotel Zoom lenses,Angenieux Optimo Zooms,The Grand Budapest Hotel
684	The Fabelmans	2023/12/20/261703054444.webp	two-shot	2022	Day,green,two shot,exterior,16mm,ARRI ALEXA Mini LF,KODAK 35mm,Panavision PVintage,john vladic,Steven Spielberg,Super 8mm,sarah broshar,Michael Kahn
685	The Fabelmans	2023/12/20/261703054538.webp	wide-shot	2022	Day,light,blue sky,car,road,driving,exterior,wide,16mm,mountains,ARRI ALEXA Mini LF,KODAK 35mm,Panavision PVintage,john vladic,Steven Spielberg,Super 8mm,sarah broshar,Michael Kahn
686	The Fabelmans	2023/12/20/261703054602.webp	projections	2022	close up,night,projection,16mm,ARRI ALEXA Mini LF,KODAK 35mm,Panavision PVintage,john vladic,Steven Spielberg,Super 8mm,sarah broshar,Michael Kahn
687	Nope	2023/12/20/261703054718.webp	surrealism,wide-shot	2022	Day,2022,warm,65mm,bright,Panavision 65 HR,Panavision System 65m,Daniel Kaluuya,1.78,2020s,greg fisher,hoyte van hoytema,company 3,nicholas monsour,jordan peele,day. wide
688	Nope	2023/12/20/261703054801.webp	worms-eye	2022	Day,2022,warm,worms-eye,group,exterior,65mm,bright,Panavision 65 HR,Panavision System 65m,Daniel Kaluuya,1.78,2020s,greg fisher,hoyte van hoytema,company 3,nicholas monsour,jordan peele,day. wide,well
689	Nope	2023/12/20/261703054939.webp	first-person-pov	2022	Day,2022,warm,exterior,fog,orange,65mm,saturated,Panavision 65 HR,Panavision System 65m,Daniel Kaluuya,1.78,2020s,greg fisher,hoyte van hoytema,company 3,nicholas monsour,jordan peele,medium close up,mist
690	Nope	2023/12/20/261703055000.webp	close-up	2022	Day,2022,car,night,interior,dark,65mm,Panavision 65 HR,Panavision System 65m,Daniel Kaluuya,1.78,2020s,greg fisher,hoyte van hoytema,company 3,nicholas monsour,jordan peele
691	Nope	2023/12/20/261703055131.webp	close-up	2022	Day,yellow,2022,warm,interior,65mm,Panavision 65 HR,Panavision System 65m,Daniel Kaluuya,1.78,2020s,greg fisher,hoyte van hoytema,company 3,nicholas monsour,jordan peele
692	Nope	2023/12/20/261703055180.webp	breakdown	2022	Day,2022,vfx,breakdown,green screen,65mm,Panavision 65 HR,Panavision System 65m,Daniel Kaluuya,1.78,2020s,greg fisher,hoyte van hoytema,company 3,nicholas monsour,jordan peele
693	Nope	2023/12/20/261703055217.webp	close-up	2022	Day,2022,night,blue,exterior,dark,cool,65mm,Panavision 65 HR,Panavision System 65m,Daniel Kaluuya,1.78,2020s,greg fisher,hoyte van hoytema,company 3,nicholas monsour,jordan peele
694	Nope	2023/12/20/261703055324.webp	close-up	2022	Day,Red,close up,2022,exterior,65mm,bright,saturated,Panavision 65 HR,Panavision System 65m,Daniel Kaluuya,1.78,2020s,greg fisher,hoyte van hoytema,company 3,nicholas monsour,jordan peele,sun,cowboy hat
695	Nope	2023/12/20/261703055369.webp	close-up	2022	Day,close up,2022,exterior,65mm,Panavision 65 HR,Panavision System 65m,Daniel Kaluuya,1.78,2020s,greg fisher,hoyte van hoytema,company 3,nicholas monsour,jordan peele
696	Barbie	2023/12/20/261703055641.webp	wide-shot	2023	Day,water,2023,beach,sand,pink,barbie,blue,ocean,exterior,saturated,yvan lucas,cyan,digital,sun,ARRI ALEXA 65,2.00,greta gerwig,Panavision System 65 Lenses,Rodrigo Prieto,Nick Houy
697	Barbie	2023/12/20/261703055743.webp	tableau-shots,wide-shot	2023	Day,water,2023,beach,sand,pink,barbie,blue,ocean,exterior,saturated,yvan lucas,cyan,digital,sun,ARRI ALEXA 65,2.00,greta gerwig,Panavision System 65 Lenses,Rodrigo Prieto,Nick Houy
698	Barbie	2023/12/20/261703055857.webp	close-up	2023	2023,pink,Ryan Gosling,barbie,night,blue,exterior,dark,cool,yvan lucas,ARRI ALEXA 65,2.00,greta gerwig,Panavision System 65 Lenses,Rodrigo Prieto,Nick Houy,saturation
699	Barbie	2023/12/20/261703055878.webp	close-up	2023	2023,pink,Ryan Gosling,barbie,night,blue,exterior,dark,cool,yvan lucas,ARRI ALEXA 65,2.00,greta gerwig,Panavision System 65 Lenses,Rodrigo Prieto,Nick Houy,saturation
700	Barbie	2023/12/20/261703056041.webp	set-transition,transition,trucking	2023	2023,Ryan Gosling,barbie,yvan lucas,ARRI ALEXA 65,2.00,greta gerwig,Panavision System 65 Lenses,Rodrigo Prieto,Nick Houy
701	Barbie	2023/12/20/261703056102.webp	close-up,trucking	2023	Day,2023,light,pink,Ryan Gosling,barbie,feet,walking,interior,natural light,saturated,yvan lucas,ARRI ALEXA 65,2.00,greta gerwig,Panavision System 65 Lenses,Rodrigo Prieto,Nick Houy
702	Barbie	2023/12/20/261703056172.webp	match-cut,set-transition,trucking,wide-shot	2023	Day,2023,light,pink,Ryan Gosling,barbie,natural light,exterior,wide,saturated,yvan lucas,ARRI ALEXA 65,2.00,greta gerwig,Panavision System 65 Lenses,Rodrigo Prieto,Nick Houy,set transition
703	Barbie	2023/12/20/261703056257.webp	close-up	2023	2023,woman,close up,pink,Ryan Gosling,Margot Robbie,barbie,blue,natural light,saturated,yvan lucas,ARRI ALEXA 65,2.00,greta gerwig,Panavision System 65 Lenses,Rodrigo Prieto,Nick Houy,set transition,hat,wave
704	Broker	2023/12/20/261703056769.webp	two-shot,wide-shot	2022	water,2022,night,dusk,ocean,two shot,exterior,lake,cool,1.85,2020s,ARRI ALEXA LF,Arri Signature Prime Lenses,digital,Park Jin Young,Hong Kyung-pyo,Broker,Hirokazu Koreeda
707	Broker	2023/12/20/261703057075.webp	close-up	2022	Day,light,close up,green,2022,car,interior,two shot,rain,hand,1.85,2020s,ARRI ALEXA LF,Arri Signature Prime Lenses,frame,photo,Park Jin Young,Hong Kyung-pyo,Broker,Hirokazu Koreeda
708	Broker	2023/12/20/261703057171.webp	silhouette,two-shot	2022	close up,2022,two shot,exterior,dark,silhouette,cool,wide,1.85,2020s,ARRI ALEXA LF,Arri Signature Prime Lenses,Park Jin Young,Hong Kyung-pyo,Broker,Hirokazu Koreeda
709	Broker	2023/12/20/261703057236.webp	close-up	2022	close up,2022,warm,interior,two shot,exterior,dark,silhouette,cool,orange,wide,1.85,2020s,ARRI ALEXA LF,Arri Signature Prime Lenses,Park Jin Young,Hong Kyung-pyo,Broker,Hirokazu Koreeda
710	In Bruges	2023/12/20/261703057645.webp	wide-shot	2008	Day,warm,Ralph Fiennes,exterior,film,wide,35mm,bright,2.35,Super 35,2000s,3 perf,Arricam LT,Arricam ST,Angenieux Optimo Zooms,Arriflex 235,In Burges,Zeiss Master Primes,Martin McDonagh,Adam Glasman,2008,Jon Gregory,Eigil Bryld
711	In Bruges	2023/12/20/261703057768.webp	close-up,two-shot	2008	yellow,warm,Ralph Fiennes,35mm,2.35,Super 35,2000s,3 perf,Arricam LT,Arricam ST,Angenieux Optimo Zooms,Arriflex 235,In Burges,Zeiss Master Primes,Martin McDonagh,Adam Glasman,2008,Jon Gregory,Eigil Bryld
712	In Bruges	2023/12/20/261703057832.webp	close-up	2008	macro,Ralph Fiennes,extreme close up,35mm,2.35,Super 35,2000s,3 perf,Arricam LT,Arricam ST,Angenieux Optimo Zooms,Arriflex 235,In Burges,Zeiss Master Primes,Martin McDonagh,Adam Glasman,2008,Jon Gregory,Eigil Bryld,paper
713	In Bruges	2023/12/20/261703057885.webp	close-up	2008	close up,Ralph Fiennes,cool,35mm,2.35,Super 35,2000s,3 perf,Arricam LT,Arricam ST,Angenieux Optimo Zooms,Arriflex 235,In Burges,Zeiss Master Primes,Martin McDonagh,Adam Glasman,2008,Jon Gregory,Eigil Bryld
714	Pride & Prejudice	2023/12/20/261703058250.webp	two-shot,wide-shot	2005	green,two shot,film,rain,35mm,2.35,Super 35,Arriflex 435,anamorphic,joe wright,paul tothill,Cooke S4/ i,Arricam LT,Arricam ST,Roman Osin,Pride & Prejudice
715	She's Gotta Have It	2023/12/20/261703058495.webp	two-shot,wide-shot	1986	black and white,B&W,film,1986,1980s,spike lee,16mm,Ernest R. Dickerson,She's Gotta Have It,Arri SR2,1.66,Dave Pultz
716	Kamikaze Girls	2023/12/20/261703058726.webp	wide-shot	2004	sunset,two shot,sunrise,2004,1.85.1,Tetsuya Nakashima,Mazakazu Ato,Sony CineAlta HDW-F900,Kamikaze Girls,train tracks
717	Howl's Moving Castle	2023/12/20/261703058890.webp	traditional	2004	Animation,hand drawn,Takeshi Seyama,2D,Hayao Miyazaki,Atsushi Okui
718	The Quiet Girl	2023/12/20/261703059137.webp	two-shot,wide-shot	2022	green,2022,nature,two shot,exterior,1980s,wide,2020s,digital,Sony VENICE,1.33,Zeiss Compact Prime CP.2,Garry Curran,Colm Bairéad,John Murphy,The Quiet Girl,Kate McCullough
719	Long Live Liborius	2023/12/20/261703059203.webp	wide-shot	2021	white,close up,interior,cool,vintage,skating,handheld,bruton stroube,retro,extreme wide,skate,church,centered,vhs,drawing,noisy
720	The French Dispatch	2023/12/20/261703059338.webp	surrealism,tableau-shots,wide-shot	2021	Wes Anderson,film,extreme wide,surrealism,35mm,Cooke S4/ i,Gareth Spensley,Robert D. Yeoman,Arricam LT,Arricam ST,Arriflex 235,1.37,Andrew Weisblum
721	The French Dispatch	2023/12/20/261703059522.webp	first-person-pov	2021	Wes Anderson,first person,exterior,cool,film,symmetrical,extreme wide,surrealism,35mm,Cooke S4/ i,Gareth Spensley,Robert D. Yeoman,Arricam LT,Arricam ST,Arriflex 235,1.37,Andrew Weisblum
723	The French Dispatch	2023/12/20/261703059643.webp	silhouette,spotlight,tableau-shots,wide-shot	2021	Wes Anderson,silhouette,spotlight,extreme wide,wide,35mm,saturated,Cooke S4/ i,Gareth Spensley,Robert D. Yeoman,Arricam LT,Arricam ST,Arriflex 235,1.37,Andrew Weisblum
724	The French Dispatch	2023/12/20/261703059702.webp	close-up	2021	Wes Anderson,black and white,extreme wide,35mm,Cooke S4/ i,Gareth Spensley,Robert D. Yeoman,Arricam LT,Arricam ST,Arriflex 235,1.37,Andrew Weisblum,timothee chalemet
725	The French Dispatch	2023/12/20/261703059790.webp	voyeur	2021	Wes Anderson,black and white,extreme wide,Willem Dafoe,35mm,Cooke S4/ i,Gareth Spensley,Robert D. Yeoman,Arricam LT,Arricam ST,Arriflex 235,1.37,Andrew Weisblum
726	The French Dispatch	2023/12/20/261703059863.webp	close-up,first-person-pov	2021	Wes Anderson,first person,black and white,B&W,extreme wide,35mm,Cooke S4/ i,Gareth Spensley,Robert D. Yeoman,Arricam LT,Arricam ST,Arriflex 235,paper,1.37,Andrew Weisblum
727	The French Dispatch	2023/12/20/261703059920.webp	traditional	2021	Animation,night,Wes Anderson,blue,medium,exterior,dark,extreme wide,35mm,Cooke S4/ i,Gareth Spensley,Robert D. Yeoman,Arricam LT,Arricam ST,Arriflex 235,1.37,Andrew Weisblum
728	The French Dispatch	2023/12/20/261703059956.webp	traditional	2021	Animation,Wes Anderson,extreme wide,wide,35mm,Cooke S4/ i,Gareth Spensley,Robert D. Yeoman,Arricam LT,Arricam ST,Arriflex 235,1.37,Andrew Weisblum,2D animation
729	The French Dispatch	2023/12/20/261703060022.webp	color-shift,light-flash,spotlight	2021	Red,Wes Anderson,blue,riding,exterior,dark,spotlight,motorcycle,extreme wide,35mm,black,Cooke S4/ i,Gareth Spensley,Robert D. Yeoman,Arricam LT,Arricam ST,Arriflex 235,1.37,Andrew Weisblum
730	The French Dispatch	2023/12/20/261703060084.webp	close-up,pedestal	2021	close up,Wes Anderson,black and white,extreme wide,Willem Dafoe,35mm,Cooke S4/ i,Gareth Spensley,Robert D. Yeoman,Arricam LT,Arricam ST,Arriflex 235,1.37,Andrew Weisblum,conveyor
731	Better Call Saul (TV Series)	2023/12/20/261703060435.webp	wide-shot	2015	Day,light,sunny,skating,extreme wide,wide,2000s,1.78,digital,Skip Macdonald,Ted Brady,Angenieux,Better Call Saul,skatepark,RED Epic Dragon,Vince Gilligan,Panasonic VariCam 35
732	Better Call Saul (TV Series)	2023/12/20/261703060518.webp	wide-shot	2015	warm,interior,2000s,1.78,digital,artificial light,Skip Macdonald,Ted Brady,Angenieux,Better Call Saul,RED Epic Dragon,Vince Gilligan,Panasonic VariCam 35,sodium light,parking garage
733	Better Call Saul (TV Series)	2023/12/20/261703060564.webp	wide-shot	2015	Day,driving,blue,exterior,brown,field,extreme wide,2000s,1.78,vehicle,digital,sun,Skip Macdonald,Ted Brady,Angenieux,Better Call Saul,RED Epic Dragon,Vince Gilligan,Panasonic VariCam 35
734	Better Call Saul (TV Series)	2023/12/20/261703060603.webp	two-shot,wide-shot	2015	Day,white,two shot,exterior,2000s,1.78,digital,Skip Macdonald,Ted Brady,Angenieux,Better Call Saul,RED Epic Dragon,Vince Gilligan,Panasonic VariCam 35
735	Better Call Saul (TV Series)	2023/12/20/261703060636.webp	wide-shot	2015	Day,exterior,2000s,1.78,digital,Skip Macdonald,Ted Brady,Angenieux,Better Call Saul,RED Epic Dragon,Vince Gilligan,Panasonic VariCam 35
736	Better Call Saul (TV Series)	2023/12/20/261703060677.webp	wide-shot	2015	Day,sky,clouds,exterior,2000s,1.78,digital,Skip Macdonald,Ted Brady,Angenieux,Better Call Saul,RED Epic Dragon,Vince Gilligan,Panasonic VariCam 35
737	Blow-Up	2023/12/20/261703060923.webp	high-angle,wide-shot	1966	Hasselblad,Carlo Di Palma,Michelangelo Antonioni,Frank Clarke
738	RIMOWA - Ingenieurskunst	2023/12/20/261703061051.webp	fpv-drone,wide-shot	2022	suitcase,rimowa,maik schuster,sofie borup,maximilian pittner,carlos font clos
739	Art by Andhika Ramadhian	2023/12/20/261703061236.webp	wide-shot		ocean,flowers,extreme wide,saturated,Andhika Ramadhian
740	Art by Andhika Ramadhian	2023/12/20/261703061300.webp	surrealism,wide-shot		Day,yellow,blue,ocean,exterior,flowers,field,extreme wide,saturated,Andhika Ramadhian
741	Blood Simple	2023/12/20/261703062513.webp	wide-shot	1984	coen brothers,exterior,dark,cool,film,fog,overcast,35mm,1.85,Zeiss Super Speed,Arriflex BL,mist,Ethan Coen,cloudy,Barry Sonnenfeld,Don Wiegmann
742	Nike x Fear of God	2023/12/20/261703062797.webp	wide-shot	2019	Day,dusk,exterior,dark,cool,wide,dawn,Dean Podmore,Zak Marx,Matthew Pothier
743	Source Unknown	2023/12/20/261703062943.webp	fpv-drone,overhead,wide-shot		
744	It's La Dolce Velveeta	2023/12/20/261703063162.webp	typography	2021	title card,typography yellow,kinetic type
745	The North Face x Gucci presented by Highsnobiety	2023/12/20/261703063334.webp	typography	2021	Day,nature,outdoors,exterior,north face,fiona jane,gucci,wide shot,owl,wildlife,typography,title card,rich fearon,rich woolway,vw bus,luke c harper
746	Abstract: Art of Design	2023/12/20/261703063413.webp	typography	2017	2017,2010s,typography,saturated,title card,rainbow,scott dadich,abstract art of design,kinetic,sans serif
747	Hunters	2023/12/20/261703063470.webp	typography	2020	Red,2020,chess,overhead,typography,2020s,Alfonso Gomez-Rejon,hunters,title card
748	Gamera vs. Gyaos	2023/12/20/261703063513.webp	typography	1967	typography,title card,gamera vs. gyaos,1960s,1967,noriaka yuasa
749	Birds of Prey	2023/12/20/261703063561.webp	typography	2020	2020,pink,blue,typography,2020s,Cathy Yan,Birds of Prey,title card
750	Botis Seva - Santo	2023/12/20/261703063627.webp	typography	2022	2022,black and white,spotlight,title,marble,overhead,typography,2020s,santo,title card,freddie leyden,botis seva
751	Hayden Thorpe - Aerial Songs	2023/12/20/261703063861.webp	typography	2021	2021,typography,2020s,title card,Hayden Thorpe,jane burgees
752	Hayden Thorpe - Aerial Songs	2023/12/20/261703063880.webp	typography	2021	2021,typography,2020s,title card,Hayden Thorpe,jane burgees
753	Nirvanna the Band the Show	2023/12/20/261703063933.webp	typography	2017	night,2017,exterior,2010s,typography,title card,nirvanna,boom
754	The Rocky Horror Picture Show	2023/12/20/261703063992.webp	typography	1975	Red,close up,1975,lips,1970s,typography,title card,Jim Sharman,The Rocky Horror Picture Show
755	Charade	2023/12/20/261703064058.webp	typography	1963	Red,Animation,1963,typography,title card,1960s,graphic design,Charade,stanley donen,graphic
756	The Cabin in the Woods	2023/12/20/261703064109.webp	typography,two-shot	2011	two shot,2010s,typography,title card,Drew Goddard,2011,The cabin in the woods
757	The King of Comedy	2023/12/20/261703064164.webp	freeze-frame,typography	1982	1980s,typography,freeze frame,Martin Scorsese,title card,1982,The King of Comedy
758	Moonrise Kingdom	2023/12/20/261703064277.webp	tilt-shift,typography,wide-shot	2012	Day,green,forest,Wes Anderson,exterior,film,binoculars,river,scout,typography,16mm,1.85,Zeiss Super Speed,robert yoeman,Andrew Weisblum,title card,tim stipan,tilt shift,Aaton Aminima
759	We Are The Giant	2023/12/20/261703064351.webp	typography	2014	2014,black and white,dark,2010s,typography,title card,greg barker,monochromatic,we are the giant
760	Death Proof	2023/12/20/261703064494.webp	typography	2007	Day,low angle,car,blue,exterior,Panavision,typography,35mm,2.35,trunk,saturated,Arriflex 435,3 perf,435,Panavision Panaflex,primo,2007,death proof,quentin tarantino,robert richardson,stephen nakamura,sally menke,title card,opening credits
761	Russian Doll	2023/12/20/261703064525.webp	typography	2019	typography,title card,2019,Russian Doll
762	Broad City	2023/12/20/261703064604.webp	typography	2014	2014,2010s,typography,title card,Broad City,Abbi Jacobson
763	Captain America: The Winter Soldier	2023/12/20/261703064665.webp	typography	2014	2014,2010s,typography,title card,Captain America: The Winter Soldier,Anthony Russo
764	Mr. Robot	2023/12/20/261703064724.webp	typography	2015	Red,2010s,typography,black,title card,graphic,mr. robot,2015,sam esmail
765	Stranger Things S4	2023/12/20/261703064760.webp	typography	2022	Red,close up,night,blue,natural light,exterior,dark,fire,orange,typography,black,company 3,ARRI ALEXA LF,Dean Zimmerman,Duffer Brothers,Skip Kimball,Casey Cichocki,2.0,Katherine Naranjo,hard light,Caleb Heymann,Joseph Quinn,shock,surprise,title card,opening credits
766	Fistful of Dollars	2023/12/20/261703064885.webp	typography	1964	Red,typography,title card,1960s,Fistful of Dollars,sergio leone,title design,1964
767	Pulp Fiction	2023/12/20/261703064930.webp	typography	1994	light,low angle,close up,90s,car,1990s,1994,cool,Panavision,typography,35mm,2.35,saturated,pulp fiction,quentin tarantino,sally menke,andrzej sekula,samuel l jackson,title card
768	Charade	2023/12/20/261703064980.webp	typography	1963	Red,Animation,1963,typography,title card,1960s,rainbow,graphic design,Charade,stanley donen,graphic
769	Charade	2023/12/20/261703065006.webp	typography	1963	Red,Animation,1963,typography,title card,1960s,rainbow,graphic design,Charade,stanley donen,graphic
770	Will Success Spoil Rock Hunter?	2023/12/20/261703065043.webp	typography	1957	typography,title card,title design,Will Success Spoil Rock Hunter?,1957
771	Invincible	2023/12/20/261703065108.webp	typography	2021	blood,blue,2021,typography,saturated,2020s,title card,title design,Ericson Core,Invincible
772	Birds of Prey	2023/12/20/261703065146.webp	typography	2020	Red,2020,silhouette,typography,black,2020s,Cathy Yan,Birds of Prey,title card,title design
773	Uncut Gems	2023/12/20/261703065209.webp	typography	2019	typography,title card,title design,Uncut Gems,Safdie Brothers
774	Cannondale Presents - High Road	2023/12/20/261703065271.webp	typography	2022	2022,typography,2020s,title card,title design,Lindsey Hagen,Cannondale Presents High Road
775	Kathmandu - Summer Never Sleeps	2023/12/20/261703065354.webp	typography	2022	2022,night,group,exterior,dark,fire,typography,campfire,2020s,title card,title design,jan david gunther,kathmandu,daniel warwick,sarah salzmann
776	H&M Group – Calling You	2023/12/20/261703065408.webp	typography	2018	Wes Anderson,2010s,typography,title card,2018,H&M Group – Calling You,credits
777	Pharrell Williams - Cash In Cash Out	2023/12/20/261703065491.webp	typography	2022	Red,tyler the creator,blue,portrait,pharrell,faces,21 savage,nicolas larrouquere,francois rousselet,connor coolbear
778	Somebody I Used to Know	2023/12/20/261703071845.webp	two-shot	2023	2023,warm,interior,two shot,medium,natural light,2020s,company 3,brian lannin,Ernie Gilbert,Somebody I Used to Know,Dave Franco
779	Somebody I Used to Know	2023/12/20/261703071974.webp	two-shot	2023	Day,2023,green,dinner,two shot,natural light,exterior,2020s,company 3,brian lannin,Ernie Gilbert,Somebody I Used to Know,Dave Franco,food,lunch,wine
780	Somebody I Used to Know	2023/12/20/261703072014.webp	two-shot	2023	2023,night,interior,drinks,bar,two shot,natural light,dark,2020s,company 3,brian lannin,Ernie Gilbert,Somebody I Used to Know,Dave Franco
781	Somebody I Used to Know	2023/12/20/261703072085.webp	two-shot	2023	2023,white,night,blue,interior,bar,two shot,natural light,dark,neon,2020s,company 3,brian lannin,Ernie Gilbert,Somebody I Used to Know,Dave Franco
782	Somebody I Used to Know	2023/12/20/261703072132.webp	two-shot	2023	Day,2023,light,green,forest,two shot,natural light,exterior,2020s,company 3,brian lannin,Ernie Gilbert,Somebody I Used to Know,Dave Franco
783	Somebody I Used to Know	2023/12/20/261703072198.webp	two-shot	2023	Day,2023,forest,two shot,natural light,exterior,dark,eye,2020s,company 3,brian lannin,Ernie Gilbert,Somebody I Used to Know,Dave Franco
784	Somebody I Used to Know	2023/12/20/261703072318.webp	two-shot	2023	2023,night,two shot,natural light,exterior,dark,2020s,company 3,brian lannin,Ernie Gilbert,Somebody I Used to Know,Dave Franco
785	Mulholland Drive	2023/12/20/261703072823.webp	profile-shot,two-shot	2001	white,2001,film,natural,35mm,1.85,Super 35,Panavision Primo Primes,2000s,Panavision Platinum,Mulholland Drive,peter deming,david lynch,Panavision Lenses
786	Moonrise Kingdom	2023/12/20/261703072941.webp	two-shot,wide-shot	2012	Wes Anderson,two shot,film,wide shot,16mm,1.85,Zeiss Super Speed,muted,robert yoeman,Andrew Weisblum,tim stipan,Aaton Aminima
787	In Bruges	2023/12/20/261703073004.webp	two-shot	2008	Ralph Fiennes,35mm,2.35,Super 35,2000s,3 perf,Arricam LT,Arricam ST,Angenieux Optimo Zooms,Arriflex 235,In Burges,Zeiss Master Primes,Martin McDonagh,Adam Glasman,2008,Jon Gregory,Eigil Bryld
788	The Shining	2023/12/20/261703073098.webp	two-shot	1980	white,smoking,Stanley Kubrick,kitchen,eddie gordon,ray lovejoy,the shining,john alcott
789	Peter Pan	2023/12/20/261703073191.webp	two-shot	2003	2000s,2003,p.j. hogan,peter pan
790	NBA - Play Off Mode	2023/12/20/261703106006.webp	object-portal	2023	Day,exterior,object portal,hole,terence neale
791	Salomon - Tomorrow is Yours	2023/12/20/261703106259.webp	object-portal	2023	2023,interior,exterior,object portal,skating,valentin petit,portal,2020s,salomon,sylvain canaux,olmo sobrino,Jon Echeveste,shoe,teva vasseur,tunnel
792	Sampha - Sampha - Can't Go Back	2023/12/20/261703106498.webp	silhouette,two-shot	2023	white,studio,abstract,natural high contrast
793	Sampha - Sampha - Can't Go Back	2023/12/20/261703106940.webp	close-up,silhouette	2023	close up,soft focus,abstract,silhouette,black
794	Sampha - Sampha - Can't Go Back	2023/12/20/261703107193.webp	silhouette,spotlight	2023	black and white,hard light,sampha,reveal
796	Sampha - Sampha - Can't Go Back	2023/12/20/261703107695.webp	step-printing	2023	soft focus,abstract,black and white,lens blur
797	Sampha - Sampha - Can't Go Back	2023/12/20/261703108057.webp	wide-shot	2023	abstract,black and white
798	Sampha - Sampha - Can't Go Back	2023/12/20/261703108121.webp	wide-shot	2023	abstract,black and white
799	Sampha - Sampha - Can't Go Back	2023/12/20/261703108172.webp	motion-blur	2023	blur,close up,abstract,black and white,dark
800	Sampha - Sampha - Can't Go Back	2023/12/20/261703108473.webp	surrealism,two-shot	2023	abstract,black and white,dark
801	Sampha - Sampha - Can't Go Back	2023/12/20/261703108534.webp	close-up,datamosh,profile-shot	2023	close up,soft focus,abstract,silhouette,black
803	Sampha - Sampha - Can't Go Back	2023/12/20/261703108894.webp	surrealism,void,wide-shot	2023	black and white,dark,silhouette,negative
804	A$AP Ferg - Floor Seats	2023/12/21/261703198896.webp	object-portal	2019	Day,bullet time,mouth,frozen
805	A$AP Ferg - Floor Seats	2023/12/21/261703199199.webp	object-portal	2019	close up,gold,night,teeth,grillz
806	Nike x End Clothing	2023/12/21/261703199458.webp	object-portal	2020	green,interior,surrealist,dark,camera,artificial light,teal,lens
807	Nike - Never Settle. Never Done	2023/12/21/261703199986.webp	arc-movement,bullet-time,object-portal	2022	Day,Red,sports,interior,bullet time,soccer,stadium,frame
808	Samsung - I'm Open to That	2023/12/21/261703203101.webp	falling,surrealism,object-portal	2022	space,exterior,doors
809	IKEA - Make Space for What You Love	2023/12/22/261703203817.webp	surrealism,object-portal,as-object	2022	warm,interior
810	Armani White - Billie Eilish.	2023/12/22/261703213540.webp	object-portal	2022	uno
811	The Wandering Earth	2023/12/22/261703214111.webp	object-portal	2019	space,exterior,dark,outer space,eye,window portal,naturla
812	Valentino Khan - Deep Down Low	2023/12/22/261703214433.webp	object-portal	2016	pink,object portal,mouth
813	Nike x End Clothing	2023/12/22/261703214788.webp	object-portal	2020	blue,dusk,exterior,dark,cool,dolly in
814	Valentino Khan - Deep Down Low	2023/12/22/261703214826.webp	object-portal	2016	pink,object portal,mouth
815	Valentino Khan - Deep Down Low	2023/12/22/261703214843.webp	object-portal	2016	pink,object portal,mouth
816	Nike x End Clothing	2023/12/22/261703214940.webp	object-portal	2020	close up,hand,grillz,tunnel
817	H&M - House of Members	2023/12/22/261703215008.webp	pass-through,probe-lens	2023	Red,white,close up,interior,mail slot,door slot
818	H&M - House of Members	2023/12/22/261703215128.webp	object-portal,scale-shift,zoom-in	2023	pink,interior,dark
819	Tim Macmillan - Early Work 1980 - 1994	2023/12/22/261703232695.webp	arc-movement	2010	checker,restaurant,interior,overhead
820	Tim Macmillan - Early Work 1980 - 1994	2023/12/22/261703232819.webp	arc-movement	2010	interior,overhead,cyan
821	Rosalia - Saoko	2023/12/22/261703232936.webp	arc-movement	2022	road,bike,night,exterior,dark,cool,city,rain,wet,street,motorcycle
822	Lucy	2023/12/22/261703233079.webp	arc-movement	2014	outdoors,exterior,outside,fingers,super zoom,globe,ape,planet,earth,primate,monkey
823	Vaeda Black - Run Fast	2023/12/22/261703233104.webp	arc-movement	2019	music video,night,dusk,sky,arc shot,ocean,dark,nighttime,handheld,justin leyba,jacobi mehringer,vaeda black
824	A$AP Rocky - Kids Turned Out Fine	2023/12/22/261703233225.webp	arc-movement,bullet-time	2019	Day,exterior,asap rocky,a$ap
825	RIMOWA - Ingenieurskunst	2023/12/22/261703233267.webp	arc-movement	2022	white,rimowa,interior
826	A$AP Rocky - Kids Turned Out Fine	2023/12/22/261703233432.webp	arc-movement,bullet-time	2019	night,interior,eating,bullet time,warm dark
827	A$AP Rocky - Kids Turned Out Fine	2023/12/22/261703233678.webp	arc-movement,bullet-time	2019	Red,warm,night,dark,bullet time
828	Downtown Kayoto - Changed it	2023/12/22/261703233840.webp	arc-movement	2023	interior,dark,cool,wall,cold
829	Clip by David Friday	2023/12/22/261703233947.webp	arc-movement,flash-cut		Day,exterior,motorcycle
830	Animation by Matthias Brown	2023/12/22/261703234033.webp	arc-movement,double-exposure		close up,face,black and white,dark,photography
831	Source Unknown	2023/12/22/261703234432.webp	arc-movement		dinner,black and white,exterior
832	Source Unknown	2023/12/22/261703234502.webp	arc-movement		interior,dark,black
833	Source Unknown	2023/12/22/261703234551.webp	arc-movement		interior,dark,black
834	Source Unknown	2023/12/22/261703234767.webp	arc-movement		interior,dark,black
835	Dell - Get Into Your Youniverse	2023/12/22/261703235110.webp	arc-movement,surrealism	2021	close up,interior,surrealism,void,dream
836	Dell - Get Into Your Youniverse	2023/12/22/261703235284.webp	arc-movement,surrealism,void	2021	interior,dark,void,dream,infinite
837	Drone shot by FPV Shenanigans	2023/12/22/261703235368.webp	arc-movement		Day,water,nature,sky,exterior,arc,river,tree,bright,sun
838	Source Unknown	2023/12/22/261703235462.webp	arc-movement,undercranking		Day,hyperlapse,exterior,castle
839	© Easten Diamond Sports, LLC.	2023/12/22/261703235582.webp	arc-movement,bullet-time	2022	dark,bullet,baseball,void,uniforms
840	Pi-Slices GIF	2023/12/22/261703283477.webp	dolly-shot	2019	forest,sunset,exterior,dark,trees,sunrise
841	Art Smile GIF By Pi-Slices	2023/12/22/261703235877.webp	traditional,infinite	2023	skeleton,skull
842	Art Glow GIF By Pi-Slices	2023/12/22/261703236043.webp	traditional,infinite	2023	Red,night,interior,window,dark,horror
843	Art Loop GIF By Pi-Slices	2023/12/22/261703236174.webp	traditional,dolly-shot	2023	Red,night,interior,window,dark,horror
844	REEBOK X LA HAINE	2023/12/22/261703239167.webp	scale-shift	2020	black and white,exterior,shoe
845	KAYTRAMINÉ - 4EVA feat. Pharrell Williams	2023/12/22/261703239438.webp	scale-shift	2023	blue,studio,glass,profile,surrealism,wine,miniature,spill
846	KAYTRAMINÉ - 4EVA feat. Pharrell Williams	2023/12/22/261703239515.webp	scale-shift	2023	blue,interior,studio,surrealism,miniature
847	KAYTRAMINÉ - 4EVA feat. Pharrell Williams	2023/12/22/261703239575.webp	traditional,duplication,scale-shift	2023	blue,studio,surrealism,miniature
848	@truehustlerss / IG	2023/12/22/261703239705.webp	infinite,scale-shift		exterior,zoom,scale shift,plants
849	@truehustlerss / IG	2023/12/22/261703239763.webp	infinite,scale-shift,zoom-in		exterior,zoom,scale shift,plants
850	Recursive Dimensions	2023/12/22/261703239846.webp	scale-shift,zoom-in		Day,light,green,exterior,miniature
851	@truehustlerss / IG	2023/12/22/261703239882.webp	infinite,scale-shift,zoom-in		exterior,zoom,scale shift,plants
852	Scale shift by Jonas Amador	2023/12/22/261703239933.webp	scale-shift		Day,Red,blue sky,clouds,exterior,paris,natural,saturation
853	Scale shift by Zach King	2023/12/22/261703240044.webp	surrealism,scale-shift	2023	
854	Scale shift by Zach King	2023/12/22/261703240092.webp	scale-shift	2023	Day,Red,exterior,overcast,stonehenge
855	Scale shift by Erik Schmitt	2023/12/22/261703240179.webp	scale-shift		first person,exterior,hands,cars
856	Scale shift GIF by Elouen la Baleine	2023/12/22/261703240272.webp	scale-shift		Day,white,exterior,overcast
857	Source Unknown	2023/12/22/261703241152.webp	scale-shift		interior,natural light
858	@truehustlerss / IG	2023/12/22/261703241196.webp	infinite,scale-shift,zoom-in		close up,extreme close up,food,guitar,bagel
859	Art by Miniature Space	2023/12/22/261703241308.webp	scale-shift		
860	Art by Miniature Space	2023/12/22/261703241318.webp	scale-shift		
861	Art by Miniature Space	2023/12/22/261703241329.webp	scale-shift		
862	BENEE - Never Ending	2023/12/22/261703241452.webp	light-flash,void	2022	dark,black,street lights
863	Dell - Get Into Your Youniverse	2023/12/22/261703241535.webp	void	2021	interior,dark,black,floating,void,dream,infinite,levitation
864	Duda Beat feat. Trevo - Nem Um Pouquinho	2023/12/22/261703241821.webp	surrealism,low-angle,void	2021	night,exterior,cool,rain,dream
865	Duda Beat feat. Trevo - Nem Um Pouquinho	2023/12/22/261703241907.webp	close-up,surrealism	2021	surreal,extreme close up,vignette
866	Duda Beat feat. Trevo - Nem Um Pouquinho	2023/12/22/261703241995.webp	floating,surrealism,spotlight,void	2021	night,exterior,fog,mist,levitation
867	Duda Beat feat. Trevo - Nem Um Pouquinho	2023/12/22/261703242063.webp	close-up,hard-light	2021	close up,blue,dark,eyes,hard light
868	Downtown Kayoto - Changed it	2023/12/22/261703242150.webp	spotlight,void	2023	dark,mic,kayoto,hard light,void,press conference,interview
869	Downtown Kayoto - Changed it	2023/12/22/261703242189.webp	hard-light,quick-cuts,spotlight	2023	kayoto
870	Nike - Never Settle. Never Done	2023/12/22/261703242454.webp	spotlight,void	2022	night,exterior,dark
871	KITKAT - Break Épico	2023/12/22/261703242540.webp	void	2023	spotlight,void
872	@ezco.tv / IG	2023/12/22/261703242593.webp	void		
873	Skepta SkAir Air Max Tailwind V	2023/12/22/261703242848.webp	void	2021	blue,dark
874	Skepta SkAir Air Max Tailwind V	2023/12/22/261703242911.webp	void	2021	feet,blue,dark,dolly,tracking
875	Source Unknown	2023/12/22/261703242989.webp	light-flash		black and white,strobe,train,platform,station
876	BYREDO - Tall Are the Roots	2023/12/22/261703243168.webp	void	2021	
877	Source Unknown	2023/12/22/261703243237.webp	duplication,void		dancing
878	Botis Seva - Santo	2023/12/22/261703282502.webp	zoom-in	2022	black and white
879	Botis Seva - Santo	2023/12/22/261703282534.webp	zoom-in	2022	black and white
880	Hunnidkbaby - What3ver!	2023/12/22/261703282726.webp	zoom-in	2022	
881	Art by Paul Trillo	2023/12/22/261703282816.webp	zoom-in	2017	night,new york,street
882	Infinite Loop Vintage GIF By François Dejardin	2023/12/22/261703283176.webp	infinite,zoom-in	2016	
883	Cadillac ft. RZA - Path of Arrival	2023/12/22/261703283292.webp	surrealism,void,zoom-in	2021	dark,surrealism
884	GIF by Feliks Tomasz Konczakowski	2023/12/22/261703283615.webp	zoom-in	2017	saturated,food,sushi
885	Animation by Artist, Invisible World	2023/12/22/261703283796.webp	overhead,zoom-in	2023	macro,overhead,quarter
886	Art by Paul Trillo	2023/12/22/261703283993.webp	fourth-wall,infinite,zoom-in		Day,interior,bed,instagram,phone
887	Limitless (opening titles)	2023/12/22/261703285080.webp	zoom-in	2011	night,city,new york city
888	Limitless (opening titles)	2023/12/22/261703285172.webp	falling,first-person-pov	2011	night,city,new york city
889	Limitless (opening titles)	2023/12/22/261703285220.webp	low-angle	2011	night,dark,city,new york city
890	Source Unknown	2023/12/22/261703285263.webp	probe-lens		
891	Limitless	2023/12/22/261703285328.webp	fourth-wall,infinite,zoom-in	2011	barber,interior,mirror,reflection
892	Animation by Cole Quigley	2023/12/22/261703285465.webp	flash-cut,infinite,overhead,zoom-in		Day,car,overhead,snow,birds eye
893	Laowa 24mm f/14 2x Macro	2023/12/23/261703306716.webp	probe-lens,slow-motion	2018	macro,interior,slow motion,void,Laowa,probe,24mm f/14 2x,book
894	Laowa 24mm f/14 2x Macro	2023/12/23/261703306893.webp	probe-lens		macro,interior,pants,Laowa,probe,24mm f/14 2x,book
895	Laowa 24mm f/14 2x Macro	2023/12/23/261703306920.webp	probe-lens		macro,interior,pants,Laowa,probe,24mm f/14 2x,book
896	Glossier - You	2023/12/23/261703307696.webp	flash-cut	2023	white,studio,photography,glossier,product
897	A$AP Rocky - D.M.B.	2023/12/23/261703309110.webp	flash-cut,vhs	2022	night,photography,vintage,flash cut
898	Flash cut animation by Cole Quigley	2023/12/23/261703309322.webp	flash-cut		Day,light,music,interior,photography,overhead,record
899	Downtown Kayoto - Changed it	2023/12/23/261703309487.webp	flash-cut,locked-on,profile-shot	2023	Day,walking,profile,cool,kayoto,zoom in,phone
900	Downtown Kayoto - Changed it	2023/12/23/261703309550.webp	locked-on	2023	Day,feet,walking,exterior,cool,shoes
901	EA SPORTS FC x Triangles ft. Dave	2023/12/23/261703309638.webp	quick-cuts	2023	sports,photography,soccer,fans,EA sports
902	Typologies of New York City: A Crowdsourced Hyperlapse	2023/12/23/261703309754.webp	flash-cut,undercranking	2019	photography,new york city,frenetic,brooklyn bridge
903	Typologies of New York City: A Crowdsourced Hyperlapse	2023/12/23/261703309805.webp	flash-cut,undercranking,shadow-box	2019	taxi,photography,new york city,frenetic,manhattan
904	Typologies of New York City: A Crowdsourced Hyperlapse	2023/12/23/261703309843.webp	flash-cut,undercranking	2019	Day,exterior,photography,frenetic,manhattan
905	Typologies of New York City: A Crowdsourced Hyperlapse	2023/12/23/261703309884.webp	flash-cut,undercranking,shadow-box,worms-eye	2019	Day,exterior,photography,frenetic,manhattan
906	Source Unknown	2023/12/23/261703309967.webp	flash-cut		light,interior,natural light,muted
907	Circular by Hannah Johnston	2023/12/23/261703310133.webp	flash-cut	2021	photography
908	Source Unknown	2023/12/23/261703310169.webp	flash-cut		
909	Source Unknown	2023/12/23/261703310201.webp	flash-cut		
910	Source Unknown	2023/12/23/261703310226.webp	flash-cut,shadow-box		black and white,skating
911	Source Unknown	2023/12/23/261703310284.webp	flash-cut,shadow-box		photography,David Bowie
912	Tyler, The Creator - Who Dat Boy	2023/12/23/261703310604.webp	flash-cut,zoom-in	2017	photography,zoom out,rihanna
913	Flash cut animation by Kevin McGloughlin	2023/12/23/261703310799.webp	flash-cut,overhead		Day,exterior,earth,birds-eye,crop,farmland
914	Source Unknown	2023/12/23/261703310847.webp	flash-cut		sports,vintage,baseball,pitcher
915	Flash cut animation by Kevin McGloughlin	2023/12/23/261703310892.webp	flash-cut,overhead		Day,exterior,earth,birds-eye,crop,farmland
916	Typologies of New York City: A Crowdsourced Hyperlapse	2023/12/23/261703310934.webp	flash-cut,undercranking,shadow-box	2019	Day,exterior,photography,frenetic,manhattan
917	Typologies of New York City: A Crowdsourced Hyperlapse	2023/12/23/261703310956.webp	flash-cut,undercranking	2019	Day,exterior,photography,frenetic,manhattan
918	Typologies of New York City: A Crowdsourced Hyperlapse	2023/12/23/261703311105.webp	flash-cut,undercranking	2019	Day,blue,sky,exterior,photography,frenetic,manhattan
919	Typologies of New York City: A Crowdsourced Hyperlapse	2023/12/23/261703311136.webp	flash-cut,undercranking,shadow-box	2019	Day,exterior,photography,frenetic,manhattan
920	Flash cut animation by Cole Quigley	2023/12/23/261703311182.webp	flash-cut		sunset,stop light,sunrise,traffic
921	Flash cut animation by Cole Quigley	2023/12/23/261703311201.webp	flash-cut		close up,nature,animal,wolf
922	Flash cut animation by Cole Quigley	2023/12/23/261703311250.webp	flash-cut,vhs		Marilyn,Monroe
923	Botis Seva - Santo	2023/12/23/261703311289.webp	flash-cut	2022	black and white
924	Flash cut animation by Lloyd Winter	2023/12/23/261703311513.webp	flash-cut		close up,money,eyes,currency,dollar
925	Source Unknown	2023/12/23/261703311899.webp	flash-cut,shadow-box		sports,tennis
926	The French Dispatch	2023/12/23/261703313152.webp	tableau-shots	2021	warm,35mm,Cooke S4/ i,Arricam LT,Arricam ST,Arriflex 235,1.37
927	The French Dispatch	2023/12/23/261703313186.webp	tableau-shots	2021	white,night,natural,35mm,Cooke S4/ i,Arricam LT,Arricam ST,military,Arriflex 235,1.37,bunks
928	The French Dispatch	2023/12/23/261703313228.webp	bullet-time,conveyor	2021	trucking,black and white,35mm,Cooke S4/ i,Arricam LT,Arricam ST,Arriflex 235,1.37
929	The French Dispatch	2023/12/23/261703313261.webp	tableau-shots	2021	black and white,35mm,Cooke S4/ i,Arricam LT,Arricam ST,Arriflex 235,1.37
930	The French Dispatch	2023/12/23/261703313290.webp	bullet-time,conveyor,tableau-shots	2021	black and white,35mm,Cooke S4/ i,Arricam LT,Arricam ST,Arriflex 235,1.37
931	Botis Seva - Santo	2023/12/23/261703313348.webp	bullet-time,duplication,surrealism	2022	black and white
932	Botis Seva - Santo	2023/12/23/261703313366.webp	bullet-time,duplication,surrealism	2022	black and white
933	Lucy	2023/12/23/261703313531.webp	bullet-time	2014	Day,close up,exterior,new york city,bright,times square
934	Phillips - Carousel	2023/12/23/261703313911.webp	bullet-time	2009	Explosion,interior,hallway,dolly
935	Phillips - Carousel	2023/12/23/261703313952.webp	arc-movement,bullet-time	2009	Explosion,interior,hallway
936	Phillips - Carousel	2023/12/23/261703313982.webp	bullet-time	2009	Explosion,night,exterior,push
937	Phillips - Carousel	2023/12/23/261703314009.webp	bullet-time	2009	Explosion,night,exterior,push
938	A$AP Ferg - Floor Seats	2023/12/23/261703314101.webp	camera-roll,bullet-time	2019	Day,bike,exterior
939	Duda Beat feat. Trevo - Nem Um Pouquinho	2023/12/23/261703314154.webp	arc-movement,bullet-time,spotlight	2021	close up,blue,dark,eyes,hard light
940	Tim MacMillan - Ferment	2023/12/23/261703314297.webp	arc-movement,bullet-time	1999	interior,overhead,cyan
941	The Other Guys	2023/12/23/261703314638.webp	bullet-time	2010	interior,bar,35mm,2.35,Super 35,3 perf,Arriflex 235,Panavision Primo Lenses,Panavision Panaflex Millennium XL2
942	Nomis Football - Boots Damn Boots	2023/12/23/261703314859.webp	arc-movement,bullet-time,tilt,void	2009	surrealist,surrealism,void
943	The Wandering Earth	2023/12/23/261703363006.webp	camera-roll	2019	interior,natural,muted
944	Pharrell Williams - Cash In Cash Out	2023/12/23/261703363043.webp	traditional,camera-roll	2022	Red,tyler the creator,blue,portrait,pharrell,faces,21 savage,nicolas larrouquere,francois rousselet,connor coolbear
945	A$AP Ferg - Floor Seats	2023/12/23/261703363275.webp	camera-roll,fisheye	2019	Day,bike,exterior
946	Rosalia - Saoko	2023/12/23/261703363382.webp	camera-roll	2022	Day,bike,bridge,exterior
947	Nike - Never Settle. Never Done	2023/12/23/261703363423.webp	camera-roll	2022	Day,white,spin,exterior
948	Ben Claremont - It's Time	2023/12/23/261703364010.webp	omnidirectional	2016	Day,music video,grass,exterior,fisheye
949	DJ Premier - Our Streets feat. A$AP Ferg	2023/12/23/261703364278.webp	camera-roll	2017	
950	Source Unknown	2023/12/23/261703364350.webp	camera-roll,overhead		interior,bed,dark,overhead
951	Source Unknown	2023/12/23/261703364867.webp	camera-roll		night,exterior,wet
952	Infinity Pool	2023/12/23/261703365103.webp	camera-roll	2023	Day,beach,blue,exterior,cool,ARRI ALEXA Mini,coast,1.78,Angenieux,25-250mm,Canon K35,desaresort,Helios 44mm T2,tropical
953	Ford - Kuga	2023/12/23/261703365314.webp	camera-roll,datamosh	2021	Day,green,car,road,driving,exterior,vehicle
954	Husky - Never-ever	2023/12/23/261703365628.webp	camera-roll,overhead	2020	warm,interior,dark,orange,overhead
955	Husky - Never-ever	2023/12/23/261703365685.webp	close-up	2020	yellow,warm,interior,dark,orange,overhead
956	Husky - Never-ever	2023/12/23/261703365826.webp	zoom-in	2020	yellow,warm,interior,dark,orange,overhead
957	Husky - Never-ever	2023/12/23/261703365874.webp	overhead	2020	yellow,warm,interior,dark,orange,overhead
958	Husky - Never-ever	2023/12/23/261703365938.webp	wide-shot	2020	yellow,warm,interior,dark,orange,overhead
959	Husky - Never-ever	2023/12/23/261703366262.webp	fourth-wall	2020	yellow,warm,interior,dark,orange,overhead
960	Husky - Never-ever	2023/12/23/261703366441.webp	profile-shot	2020	yellow,warm,interior,dark,orange,overhead
961	Husky - Never-ever	2023/12/23/261703366569.webp	overhead	2020	yellow,warm,interior,dark,orange,overhead
962	Husky - Never-ever	2023/12/23/261703366650.webp	profile-shot,zoom-in	2020	yellow,warm,interior,dark,orange,overhead
963	Husky - Never-ever	2023/12/23/261703366728.webp	profile-shot	2020	yellow,warm,interior,dark,orange,overhead
964	Husky - Never-ever	2023/12/23/261703366776.webp	high-angle	2020	yellow,warm,interior,dark,orange,overhead
965	Husky - Never-ever	2023/12/23/261703366872.webp	voyeur,whip-pan	2020	yellow,warm,interior,dark,orange,overhead
966	Husky - Never-ever	2023/12/23/261703366954.webp	close-up,tableau-shots	2020	yellow,warm,interior,dark,orange,overhead
967	Husky - Never-ever	2023/12/23/261703367033.webp	glitch,overhead	2020	yellow,warm,interior,dark,orange,overhead
968	Husky - Never-ever	2023/12/23/261703367074.webp	overhead	2020	yellow,warm,interior,dark,orange,overhead
969	Husky - Never-ever	2023/12/23/261703367160.webp	jump-cut,overhead	2020	yellow,warm,interior,dark,orange,overhead
970	Husky - Never-ever	2023/12/23/261703367232.webp	high-angle	2020	blue,exterior,dark,orange,vehicle,truck
971	Husky - Never-ever	2023/12/23/261703367283.webp	cut-ins	2020	blue,exterior,dark,orange,vehicle,truck
972	Husky - Never-ever	2023/12/23/261703367330.webp	typography	2020	blue,exterior,dark,orange,vehicle,truck
973	Husky - Never-ever	2023/12/23/261703367389.webp	typography	2020	blue,exterior,dark,orange,vehicle,truck
974	Source Unknown	2023/12/23/261703368865.webp	camera-roll		Red,warm,restaurant,interior,diner
975	PeeWee's Big Adventure	2023/12/23/261703369861.webp	dutch-angle	1985	Day,exterior,Panavision,scary,horror,35mm,1.85,1.37,clown
976	PeeWee's Big Adventure	2023/12/23/261703369895.webp	dutch-angle	1985	Day,exterior,Panavision,scary,horror,35mm,1.85,1.37,clown
977	PeeWee's Big Adventure	2023/12/23/261703369912.webp	dutch-angle	1985	Day,exterior,Panavision,scary,horror,35mm,1.85,1.37,clown
978	Black Panther	2023/12/23/261703370251.webp	camera-roll	2018	Day,interior,natural light,michael b jordan,wakanda
979	McLaren - Three Crowns	2023/12/23/261703374022.webp	camera-roll	2023	
980	St. Louis City FC - The City Kit Is Here	2023/12/23/261703374153.webp	camera-roll,fourth-wall	2022	Day,exterior
981	Talk To Me	2023/12/23/261703374456.webp	camera-roll	2023	Day,close up,interior,hand,horror
982	The French Dispatch	2023/12/23/261703375390.webp	conveyor,trucking	2021	black and white,35mm,Cooke S4/ i,Arricam LT,Arricam ST,Arriflex 235,1.37
983	The French Dispatch	2023/12/23/261703375423.webp	conveyor	2021	black and white,35mm,Cooke S4/ i,Arricam LT,Arricam ST,Arriflex 235,1.37
984	A$AP Rocky - Kids Turned Out Fine	2023/12/23/261703375604.webp	arc-movement,conveyor,set-transition	2019	Red,warm,night,dark,bullet time
985	A$AP Rocky - Kids Turned Out Fine	2023/12/24/261703387213.webp	conveyor,set-transition	2019	interior,cool,scribble animation
986	A$AP Rocky - Kids Turned Out Fine	2023/12/24/261703387296.webp	conveyor,set-transition	2019	interior
987	Jo Malone - Heroes	2023/12/24/261703387941.webp	conveyor	2020	Day,interior,studio,practical,set
988	Halfprice - Fitting room	2023/12/24/261703388266.webp	conveyor,overhead	2022	blue,interior,overhead,fashion,changing room
989	Halfprice - Fitting room	2023/12/24/261703388330.webp	match-cut,overhead	2022	blue,interior,overhead,fashion,changing room
990	Halfprice - Fitting room	2023/12/24/261703388611.webp	masking,as-object	2022	close up,blue,interior,fashion,changing room
991	Halfprice - Fitting room	2023/12/24/261703389247.webp	bolt-cam	2022	blue,interior,cool,selfie,fashion,changing room
992	Halfprice - Fitting room	2023/12/24/261703389606.webp	bullet-time,set-transition	2022	blue,interior,cool,selfie,fashion,changing room
993	Halfprice - Fitting room	2023/12/24/261703389675.webp	bolt-cam,bullet-time,flash-cut	2022	blue,interior,cool,selfie,fashion,changing room
994	Halfprice - Fitting room	2023/12/24/261703389791.webp	color-shift,jump-cut	2022	Red,glitch,changing room,jump cut
995	Halfprice - Fitting room	2023/12/24/261703390480.webp	dutch-angle,double-exposure	2022	Red,changing room
996	Halfprice - Fitting room	2023/12/24/261703390482.webp	dutch-angle,double-exposure	2022	Red,changing room
997	adidas Originals - Original Is Never Finished	2023/12/24/261703399559.webp	conveyor,duplication	2018	green,feet,interior,dark,adidas,tv,television
998	adidas Originals - Original Is Never Finished	2023/12/24/261703399872.webp	duplication,profile-shot,trucking	2018	green,walking,interior,dark,adidas,tv,television
999	adidas Originals - Original Is Never Finished	2023/12/24/261703400196.webp	pedestal,trucking	2018	interior,pedestal
1000	adidas Originals - Original Is Never Finished	2023/12/24/261703400286.webp	transition	2018	green,interior,cool,adidas,pedestal
1001	adidas Originals - Original Is Never Finished	2023/12/24/261703400460.webp	glitch	2018	Red,car,interior
1002	adidas Originals - Original Is Never Finished	2023/12/24/261703400658.webp	duplication,glitch,pedestal,trucking	2018	dark,glitch,sodium lights,warm white,amateur,analogue
1004	adidas Originals - Original Is Never Finished	2023/12/24/261703400815.webp	glitch,vhs	2018	green,dark,skating,skateboard,glitch,sodium lights,warm white,amateur,analogue,camcorder
1005	adidas Originals - Original Is Never Finished	2023/12/24/261703400907.webp	duplication,surrealism,trucking,void	2018	duplication,piano,void,cool white
1006	adidas Originals - Original Is Never Finished	2023/12/24/261703401107.webp	glitch,pedestal	2018	green,dark,skating,skateboard,glitch,sodium lights,warm white,amateur,analogue,camcorder
1007	adidas Originals - Original Is Never Finished	2023/12/24/261703401642.webp	conveyor,cut-ins,overhead,stop-motion	2018	interior,cool,overhead,cool white
1008	adidas Originals - Original Is Never Finished	2023/12/24/261703401994.webp	conveyor,collage,duplication,masking	2018	Animation,meme,saturated,nick young,illustration,swaggy p
1009	adidas Originals - Original Is Never Finished	2023/12/24/261703402183.webp	arc-movement,duplication,ground-shot	2018	purple,shoes,adidas
1010	adidas Originals - Original Is Never Finished	2023/12/24/261703402298.webp	pedestal	2018	purple,shoes,adidas
1011	adidas Originals - Original Is Never Finished	2023/12/24/261703402523.webp	conveyor,duplication,high-angle,maximalism	2018	interior,purple,maximalism
1012	adidas Originals - Original Is Never Finished	2023/12/24/261703403368.webp	dolly-shot,undercranking	2018	night,interior,maximalism
1013	adidas Originals - Original Is Never Finished	2023/12/24/261703403461.webp	color-shift,conveyor,undercranking	2018	Day,interior,maximalism
1014	adidas Originals - Original Is Never Finished	2023/12/24/261703403642.webp	conveyor,glitch,hard-light,transition	2018	interior,dark
1015	adidas Originals - Original Is Never Finished	2023/12/24/261703403762.webp	conveyor,cut-ins,glitch	2018	night,exterior,sodium,warm white
1016	adidas Originals - Original Is Never Finished	2023/12/24/261703403949.webp	breakdown,pedestal	2018	studio,vfx,breakdown,green screen
1017	The Darjeeling Limited	2023/12/24/261703404363.webp	conveyor	2007	Day,interior,film,train,35mm,bright,Panavision Primo Primes,2.39,2000s,Panavision Panaflex,warm white
1018	Come Together: A Fashion Picture in Motion	2023/12/24/261703404995.webp	tableau-shots,wide-shot	2016	Day,interior,train,conductor,cool white
1019	Come Together: A Fashion Picture in Motion	2023/12/24/261703405185.webp	conveyor	2016	exterior,train,conductor,conveyor,cool white
1020	Come Together: A Fashion Picture in Motion	2023/12/24/261703405293.webp	conveyor	2016	exterior,train,conductor,conveyor,cool white
1021	Come Together: A Fashion Picture in Motion	2023/12/24/261703405367.webp	pedestal	2016	exterior,train,conductor,conveyor,cool white
1022	Come Together: A Fashion Picture in Motion	2023/12/24/261703405457.webp	conveyor	2016	exterior,train,conductor,conveyor,cool white
1023	Come Together: A Fashion Picture in Motion	2023/12/24/261703405556.webp	conveyor	2016	interior,train,conductor
1024	Come Together: A Fashion Picture in Motion	2023/12/24/261703405614.webp	dolly-shot	2016	green,interior,dolly in
1025	Come Together: A Fashion Picture in Motion	2023/12/24/261703405689.webp	low-angle,tracking	2016	green,interior
1026	Come Together: A Fashion Picture in Motion	2023/12/24/261703405792.webp	color-shift,typography	2016	green,interior
1027	Come Together: A Fashion Picture in Motion	2023/12/24/261703405911.webp	pedestal,tableau-shots	2016	green,interior,pedestal
1028	Come Together: A Fashion Picture in Motion	2023/12/24/261703406025.webp	cut-ins	2016	interior,cool white
1029	Pepsi The Encounter - Feat. William H. Macy	2023/12/24/261703406231.webp	color-shift,conveyor,transition	2019	blue,interior,dark,cool,warm white
1030	Moonrise Kingdom	2023/12/24/261703406346.webp	pedestal	2012	white,film,16mm,1.85,Zeiss Super Speed,muted,Aaton Aminima
1031	Moonrise Kingdom	2023/12/24/261703406371.webp	pedestal	2012	white,film,16mm,1.85,Zeiss Super Speed,muted,warm white,Aaton Aminima
1032	Moonrise Kingdom	2023/12/24/261703406396.webp	pedestal,tilt	2012	night,blue,exterior,dark,silhouette,film,tilt,16mm,1.85,Zeiss Super Speed,Aaton Aminima
1033	Scott Pilgrim vs. the World	2023/12/24/261703406456.webp	pedestal	2010	music,interior,band
1034	Art by Paul Trillo	2023/12/24/261703406511.webp	pedestal		Day,exterior,building,brick
1035	Sorry to Bother You	2023/12/24/261703406738.webp	pedestal	2018	ARRI ALEXA Mini,2.39,anamorphic,3.2K / 3.2K ArriRaw,Cooke
1036	Kendrick Lamar - Humble	2023/12/24/261703407112.webp	wide-shot	2017	window,fog,church,kendrick lamar,cathedral
1037	Kendrick Lamar - Humble	2023/12/24/261703407173.webp	typography	2017	window,fog,church,kendrick lamar,cathedral
1038	Kendrick Lamar - Humble	2023/12/24/261703407244.webp	low-angle,wide-shot	2017	low angle,dark,cool,fog,kendrick lamar,mist,cool white
1039	Kendrick Lamar - Humble	2023/12/24/261703407317.webp	overhead	2017	cash,kendrick lamar,cool white,money gun
1040	Kendrick Lamar - Humble	2023/12/24/261703407518.webp	dolly-shot,tableau-shots	2017	blue,purple,dark,surrealism,kendrick lamar
1041	Kendrick Lamar - Humble	2023/12/24/261703407605.webp	omnidirectional	2017	Day,bike,exterior,kendrick lamar,biking,GoPro Omni
1042	Kendrick Lamar - Humble	2023/12/24/261703407723.webp	omnidirectional	2017	Day,bike,exterior,kendrick lamar,biking,GoPro Omni
1043	Kendrick Lamar - Humble	2023/12/24/261703407842.webp	cut-ins	2017	Day,kendrick lamar,los angeles,golfing
1044	Kendrick Lamar - Humble	2023/12/24/261703407959.webp	high-angle,surrealism,tableau-shots	2017	exterior,kendrick lamar,high angle
1045	Kendrick Lamar - Humble	2023/12/24/261703408067.webp	dolly-shot,tableau-shots	2017	dark,symmetrical,kendrick lamar,cool white
1046	Kendrick Lamar - Humble	2023/12/24/261703408211.webp	fourth-wall	2017	kendrick lamar,fourth wall,cool white
1047	Kendrick Lamar - Humble	2023/12/24/261703408283.webp	high-angle,surrealism,wide-shot	2017	kendrick lamar,cool white
1048	Kendrick Lamar - Humble	2023/12/24/261703408417.webp	wigglegram	2017	interior,kendrick lamar,cool white
1049	Kendrick Lamar - Humble	2023/12/24/261703408588.webp	surrealism,zoom-in	2017	exterior,fire,flame,kendrick lamar,cool white
1050	Kendrick Lamar - Humble	2023/12/24/261703408709.webp	match-split,split-screen	2017	interior,studio,split screen,kendrick lamar,cool white
1051	Kendrick Lamar - Humble	2023/12/24/261703408747.webp	match-split,split-screen	2017	interior,studio,split screen,kendrick lamar,cool white
1052	Kendrick Lamar - Humble	2023/12/24/261703408961.webp	bolt-cam	2017	exterior,kendrick lamar,cool white
1053	Kendrick Lamar - Humble	2023/12/24/261703409041.webp	fourth-wall,pan	2017	car,road,exterior,kendrick lamar,vehicle,cool white,grey poupon
1054	Kendrick Lamar - Humble	2023/12/24/261703409155.webp	close-up,fourth-wall	2017	car,road,exterior,kendrick lamar,vehicle,cool white
1055	Kendrick Lamar - Humble	2023/12/24/261703409328.webp	light-flash	2017	Lights,night,exterior,dark,kendrick lamar,cool white,laser,police
1056	Kendrick Lamar - Humble	2023/12/24/261703409471.webp	wigglegram	2017	kendrick lamar
1057	Kendrick Lamar - Humble	2023/12/24/261703409539.webp	wigglegram	2017	kendrick lamar,angle,high
1058	Kendrick Lamar - Humble	2023/12/24/261703409601.webp	bolt-cam	2017	exterior,kendrick lamar,cool white
1059	Kendrick Lamar - Humble	2023/12/24/261703409664.webp	bolt-cam,cut-ins	2017	exterior,kendrick lamar,cool white
1060	Kendrick Lamar - Humble	2023/12/24/261703409832.webp	tableau-shots,wide-shot	2017	exterior,kendrick lamar,cool white
1061	Kendrick Lamar - Humble	2023/12/24/261703409869.webp	glitch	2017	interior,kendrick lamar,cool white
1062	Unknown Source	2023/12/24/261703409934.webp	arc-movement,void		
1063	Kyan Khojandi - Haagen-Dazs	2023/12/24/261703410058.webp	arc-movement,bolt-cam,void	2021	dark,void
1064	RIMOWA - Ingenieurskunst	2023/12/24/261703410713.webp	transition	2022	white,rimowa,interior
1065	Rosalia - Saoko	2023/12/24/261703410776.webp	transition	2022	bike,night,exterior,dark,sodium light
1066	NBA - Playoff Mode	2023/12/24/261703410876.webp	transition	2023	night,blue,dark,workout,barbell
1067	Art by Paul Trillo	2023/12/24/261703410949.webp	transition		Day,exterior
1068	Art by Paul Trillo	2023/12/24/261703410978.webp	bullet-time,transition		Day,exterior
1069	Source unknown	2023/12/24/261703450610.webp	collage,masking		white,collage,shadow box,shoe
1070	Milos Rajkovic GIF By Sholim	2023/12/24/261703450689.webp	masking	2017	mask,clipping
1071	Black And White Animation GIF	2023/12/24/261703450875.webp	stop-motion		black and white,paper,torn,tear
1072	Source unknown	2023/12/24/261703451040.webp	masking		Day,exterior
1073	Contemporary Art Love GIF By Iosonof	2023/12/24/261703451148.webp	masking		sunset,portrait,vintage
1074	Inversion GIF by Kevin McGloughlin	2023/12/24/261703451266.webp	masking		Day,black and white,exterior,dark,skating,skateboard
1075	Animation Love GIF By Ryan Seslow	2023/12/24/261703451442.webp	collage,masking,maximalism	2020	
1076	New Media Animation GIF By Ryan Seslow	2023/12/24/261703451579.webp	masking	2017	collage,glitch,saturation,masking,over saturated colorful
1077	Source unknown	2023/12/24/261703451666.webp	masking		
1078	John Grant Animation GIF By Ewan Jones Morris	2023/12/24/261703451821.webp	collage,masking,mixed-media	2018	dark,colorful,saturated,black
1079	Downtown Kayoto - Lite	2023/12/24/261703451973.webp	dolly-zoom,stop-motion	2023	Day,downtown kayoto,exterior,photography
1080	Rosalia - Saoko	2023/12/24/261703452044.webp	dolly-zoom,wide-shot	2022	Day,light,bridge,exterior
1081	Micaël Reynaud	2023/12/24/261703452220.webp	dolly-zoom	2012	
1082	GEICO - Geckosaurus	2023/12/24/261703452353.webp	dolly-zoom	2022	Day,interior,warm white
1083	Animation by Marion Sila	2023/12/24/261703452452.webp	dolly-zoom,slit-scan		interior,cool white,graffiti
1084	Sony - Your World. Nothing Else	2023/12/24/261703452531.webp	color-shift,dolly-zoom	2022	interior,natural,warm white
1085	Ikea - Infinite Play	2023/12/24/261703452593.webp	dolly-zoom,slit-scan	2022	Day,interior,warp,warm white
1086	Ikea - Infinite Play	2023/12/24/261703452688.webp	close-up,dolly-zoom,ultra-wide-zero-d	2022	interior,warm white
1087	Guardians of the Galaxy	2023/12/24/261703452893.webp	dolly-zoom	2014	close up,interior,face,cool white,chris pratt
1088	Sex Education (TV Series)	2023/12/24/261703453180.webp	dolly-zoom	2021	locker room,interior,cool white
1089	Source unknown	2023/12/24/261703453279.webp	dolly-zoom		Day,exterior
1090	Source unknown	2023/12/24/261703453301.webp	dolly-zoom		Day,exterior
1091	Source unknown	2023/12/24/261703453350.webp	dolly-zoom,fpv-drone		Day,exterior
1092	Severance	2023/12/24/261703453907.webp	dolly-zoom	2022	blue,interior,cool,adam scott,elevator
1093	Severance	2023/12/24/261703454091.webp	close-up,as-object	2022	blue,interior,cool,adam scott,elevator
1095	Severance	2023/12/24/261703454253.webp	overhead,tableau-shots	2022	green,interior,cool,overhead
1096	Severance	2023/12/24/261703454289.webp	close-up,profile-shot	2022	interior,face,side profile,cool,adam scott
1097	Severance	2023/12/24/261703454356.webp	close-up,as-object	2022	interior,Christopher Walken,magnifying glass,eye,cool white
1099	Severance	2023/12/24/261703454564.webp	close-up	2022	
1100	Severance	2023/12/24/261703454596.webp	overhead,tableau-shots	2022	green,conference room
1101	Severance	2023/12/24/261703454638.webp	tableau-shots,two-shot	2022	green,couple,two shot,Christopher Walken,plants,kiss
1102	Severance	2023/12/24/261703454675.webp	close-up	2022	blue,interior,cool,adam scott,elevator
1103	Severance	2023/12/24/261703454715.webp	overhead	2022	cool,cool white
1104	Severance	2023/12/24/261703454747.webp	first-person-pov	2022	door,cool white
1105	Severance	2023/12/24/261703454793.webp	high-angle,wide-shot	2022	natural light,spotlight,marble,warm white,floor
1106	Severance	2023/12/24/261703454828.webp	as-object,split-screen	2022	interior,dark
1107	Severance	2023/12/24/261703454850.webp	split-screen	2022	interior,cool white,office
1108	Severance	2023/12/24/261703454890.webp	close-up	2022	interior,office
1109	Severance	2023/12/24/261703454930.webp	close-up	2022	blue,interior,dark,John Turturro,office
1110	Severance	2023/12/24/261703455032.webp	glitch,typography	2022	interior,britt lower
1111	Severance	2023/12/24/261703455056.webp	split-screen	2022	close up,3 shot,faces
1112	Severance	2023/12/24/261703455130.webp	close-up	2022	face,cool white,Patricia Arquette
1113	Severance	2023/12/24/261703455150.webp	close-up,first-person-pov	2022	face,cool white,Patricia Arquette
1114	Severance	2023/12/24/261703455181.webp	close-up,focal-focus	2022	face,cool white,britt lower
1115	Severance	2023/12/24/261703455211.webp	close-up,focal-focus	2022	blue,face,cool white,britt lower
1116	Severance	2023/12/24/261703455258.webp	double-exposure	2022	interior,warm white,adam scott
1118	Severance	2023/12/24/261703455372.webp	double-exposure,two-shot	2022	green,interior,dark,cyan,adam scott,Nora Dale
1119	Severance	2023/12/24/261703455410.webp	close-up,split-screen,two-shot	2022	close up,interior,face,two shot,dark,adam scott,Nora Dale
1120	Severance	2023/12/24/261703455458.webp	high-angle	2022	interior,suit,cool white,adam scott,elevator,office,blue white
1121	Severance	2023/12/24/261703455498.webp	close-up,zoom-in	2022	warm,night,exterior,dark,warm white,adam scott
1122	Severance	2023/12/24/261703455672.webp	focal-focus	2022	green,exterior,Christopher Walken,bokeh,John Turturro
1123	Severance	2023/12/24/261703455711.webp	light-flash,two-shot	2022	interior,purple,saturated,office
1124	Severance	2023/12/24/261703455739.webp	close-up,light-flash	2022	interior,purple,saturated,office,pink colorful
1125	Severance	2023/12/24/261703455792.webp	screen-in-screen	2022	white,britt lower,minimalist,liminal
1126	Nowness - Sister Cities	2023/12/24/261703457906.webp	split-screen,two-shot	2019	night,interior,warm white,phone call
1127	Fargo (TV Series)	2023/12/24/261703459273.webp	split-screen	2014	night,ARRI ALEXA Mini,1.78,cool white,Leitz SUMMILUX-C,ARRI ALEXA,Zeiss Supreme Prime
1128	Fargo (TV Series)	2023/12/24/261703458794.webp	split-screen,typography	2014	Day,exterior,typography,ARRI ALEXA Mini,1.78,Leitz SUMMILUX-C,ARRI ALEXA,Zeiss Supreme Prime
1129	Fargo (TV Series)	2023/12/24/261703458854.webp	split-screen,typography	2014	Day,exterior,typography,ARRI ALEXA Mini,1.78,Leitz SUMMILUX-C,ARRI ALEXA,Zeiss Supreme Prime
1130	Fargo (TV Series)	2023/12/24/261703458919.webp	split-screen,typography	2014	Day,car,interior,typography,ARRI ALEXA Mini,1.78,Leitz SUMMILUX-C,ARRI ALEXA,Zeiss Supreme Prime
1131	Fargo (TV Series)	2023/12/24/261703458975.webp	split-screen,typography	2014	Day,car,interior,typography,ARRI ALEXA Mini,1.78,Leitz SUMMILUX-C,ARRI ALEXA,Zeiss Supreme Prime
1132	Fargo (TV Series)	2023/12/24/261703459035.webp	split-screen	2014	Day,exterior,ARRI ALEXA Mini,1.78,warm white,Leitz SUMMILUX-C,ARRI ALEXA,Zeiss Supreme Prime
1133	Fargo (TV Series)	2023/12/24/261703459081.webp	split-screen	2014	blue,interior,ARRI ALEXA Mini,1.78,cool white,Leitz SUMMILUX-C,ARRI ALEXA,Zeiss Supreme Prime,fridge
1134	Fargo (TV Series)	2023/12/24/261703459207.webp	split-screen	2014	Day,walking,restaurant,interior,table,ARRI ALEXA Mini,1.78,Leitz SUMMILUX-C,ARRI ALEXA,Zeiss Supreme Prime,haze,destaturated,diiner
1135	Fargo (TV Series)	2023/12/24/261703459319.webp	split-screen	2014	walking,night,exterior,ARRI ALEXA Mini,1.78,Leitz SUMMILUX-C,ARRI ALEXA,Zeiss Supreme Prime,sheriff
1136	Fargo (TV Series)	2023/12/24/261703459367.webp	match-split,split-screen	2014	Day,exterior,ARRI ALEXA Mini,1.78,truck,Leitz SUMMILUX-C,ARRI ALEXA,Zeiss Supreme Prime
1137	Fargo (TV Series)	2023/12/24/261703459412.webp	split-screen	2014	Day,white,car,driving,exterior,snow,ARRI ALEXA Mini,1.78,Leitz SUMMILUX-C,ARRI ALEXA,Zeiss Supreme Prime,crash
1138	Fargo (TV Series)	2023/12/24/261703459447.webp	split-screen	2014	car,night,exterior,dark,ARRI ALEXA Mini,1.78,Leitz SUMMILUX-C,ARRI ALEXA,Zeiss Supreme Prime
1139	Fargo (TV Series)	2023/12/24/261703459522.webp	split-screen	2014	night,exterior,dark,ARRI ALEXA Mini,1.78,sodium,Leitz SUMMILUX-C,ARRI ALEXA,Zeiss Supreme Prime
1140	Fargo (TV Series)	2023/12/24/261703459601.webp	split-screen	2014	Day,car,driving,ARRI ALEXA Mini,1.78,cool white,Leitz SUMMILUX-C,ARRI ALEXA,Zeiss Supreme Prime
1141	Fargo (TV Series)	2023/12/24/261703459672.webp	split-screen	2014	night,exterior,dark,ARRI ALEXA Mini,1.78,Leitz SUMMILUX-C,ARRI ALEXA,Zeiss Supreme Prime
1142	Fargo (TV Series)	2023/12/24/261703459746.webp	split-screen	2014	Day,exterior,ARRI ALEXA Mini,1.78,phone,Leitz SUMMILUX-C,ARRI ALEXA,Zeiss Supreme Prime,phone booth
1143	Fargo (TV Series)	2023/12/24/261703459795.webp	split-screen	2014	Day,car,road,driving,exterior,ARRI ALEXA Mini,1.78,warm white,Leitz SUMMILUX-C,ARRI ALEXA,Zeiss Supreme Prime
1144	Fargo (TV Series)	2023/12/24/261703459859.webp	split-screen	2014	Day,car,road,driving,interior,ARRI ALEXA Mini,1.78,warm white,Leitz SUMMILUX-C,ARRI ALEXA,Zeiss Supreme Prime
1145	Fargo (TV Series)	2023/12/24/261703459956.webp	match-split,split-screen,two-shot	2014	car,driving,interior,two shot,ARRI ALEXA Mini,1.78,cool white,Leitz SUMMILUX-C,ARRI ALEXA,Zeiss Supreme Prime
1146	Fargo (TV Series)	2023/12/24/261703459975.webp	split-screen	2014	car,driving,interior,two shot,ARRI ALEXA Mini,1.78,cool white,Leitz SUMMILUX-C,ARRI ALEXA,Zeiss Supreme Prime
1147	Fargo (TV Series)	2023/12/24/261703460026.webp	split-screen	2014	walking,night,exterior,dark,snow,ARRI ALEXA Mini,1.78,Leitz SUMMILUX-C,ARRI ALEXA,Zeiss Supreme Prime,fargo,cops
1148	Nike - The Ball Makes Us More	2023/12/24/261703460204.webp	match-split	2018	sports,soccer,jersey
1149	Instagram - Coeur Sur Toi	2023/12/24/261703460379.webp	split-screen	2019	Day,walking,exterior,shoes
1150	Instagram - Coeur Sur Toi	2023/12/24/261703460714.webp	match-split	2019	Day,exterior,bright
1151	Instagram - Coeur Sur Toi	2023/12/24/261703460768.webp	arc-movement,match-split	2019	Day,exterior,bright
1152	Instagram - Coeur Sur Toi	2023/12/24/261703460802.webp	match-split	2019	Day,walking,exterior,tracking,bright
1153	Instagram - Coeur Sur Toi	2023/12/24/261703460828.webp	match-split	2019	Day,exterior,bright,ice cream
1154	Nike - The Ball Makes Us More	2023/12/24/261703460879.webp	match-split	2018	sports,soccer,jersey
1155	Cassius feat Pharrell Williams & Cat Power - Go Up	2023/12/24/261703461216.webp	match-split	2021	profile,stock,lion,Pharrell Williams
1156	Stan Smith x Adidas “Superstan”	2023/12/25/261703465433.webp	match-split,split-screen	2020	
1157	Nike - You Can't Stop Sport	2023/12/25/261703465712.webp	match-split	2020	sports,soccer,athlete,found footage
1158	A$AP Rocky - Praise The Lord	2023/12/25/261703465956.webp	match-split	2018	exterior,new york city
1159	A$AP Rocky - Praise The Lord	2023/12/25/261703466528.webp	collage,shadow-box	2018	collage,black
1160	A$AP Rocky - Praise The Lord	2023/12/25/261703466600.webp	match-split,typography	2018	collage,black
1161	A$AP Rocky - Praise The Lord	2023/12/25/261703466713.webp	match-split,split-screen	2018	exterior,vintage,new york city
1162	A$AP Rocky - Praise The Lord	2023/12/25/261703466794.webp	quick-cuts	2018	exterior,vintage,new york city
1163	A$AP Rocky - Praise The Lord	2023/12/25/261703466899.webp	masking	2018	green,interior,warm white
1164	A$AP Rocky - Praise The Lord	2023/12/25/261703467605.webp	architexture	2018	Day,exterior
1165	A$AP Rocky - Praise The Lord	2023/12/25/261703467068.webp	split-screen	2018	Day,close up,exterior
1166	A$AP Rocky - Praise The Lord	2023/12/25/261703467341.webp	split-screen	2018	
1167	A$AP Rocky - Praise The Lord	2023/12/25/261703467428.webp	close-up	2018	close up,green,night,interior,dark,grain
1168	A$AP Rocky - Praise The Lord	2023/12/25/261703467493.webp	match-split	2018	
1169	A$AP Rocky - Praise The Lord	2023/12/25/261703467673.webp	architexture	2018	
1170	A$AP Rocky - Praise The Lord	2023/12/25/261703467729.webp	close-up,quick-cuts	2018	
1171	A$AP Rocky - Praise The Lord	2023/12/25/261703467854.webp	glitch,vhs	2018	
1172	A$AP Rocky - Praise The Lord	2023/12/25/261703476829.webp	match-split	2018	
1173	blink-182 - Always	2023/12/25/261703478021.webp	match-split	2009	yellow,interior
1174	Merge Records Walking In The Dark GIF By Escape-Ism	2023/12/25/261703478130.webp	match-split	2017	white,black
1175	@wysh.shop / IG	2023/12/25/261703478179.webp	match-split		
1176	Rainsford - Love Me Like You Hate Me (2022)	2023/12/25/261703478974.webp	split-screen	2022	interior
1177	Nike - The Ball Makes Us More	2023/12/25/261703479297.webp	split-screen	2018	sports,soccer,jersey
1178	Nike - The Ball Makes Us More	2023/12/25/261703479378.webp	match-split,split-screen	2018	sports,soccer,jersey
1179	Nike - The Ball Makes Us More	2023/12/25/261703479443.webp	split-screen	2018	sports,soccer,jersey
1180	Nike - The Ball Makes Us More	2023/12/25/261703479717.webp	overhead,split-screen	2018	sports,soccer,jersey
1181	Nike - The Ball Makes Us More	2023/12/25/261703479775.webp	match-split,typography	2018	sports,soccer,jersey
1182	Lil Yachty - TESLA	2023/12/25/261703487187.webp	dolly-shot,ultra-wide-zero-d	2023	yellow,interior,lil yachty,saturation,kitchen
1183	Lil Yachty - TESLA	2023/12/25/261703488128.webp	low-angle	2023	interior,lil yachty,saturation,garage
1184	Lil Yachty - TESLA	2023/12/25/261703487586.webp	flash-cut,typography	2023	yellow,interior,lil yachty,stop motion,saturation,kitchen
1185	Lil Yachty - TESLA	2023/12/25/261703487681.webp	tableau-shots	2023	Day,pink,exterior,lil yachty,ladder
1186	Lil Yachty - TESLA	2023/12/25/261703487883.webp	cut-ins	2023	exterior,muted,pastel,pink white
1187	Lil Yachty - TESLA	2023/12/25/261703488250.webp	high-angle,ultra-wide-zero-d	2023	interior,orange,high angle
1189	Lil Yachty - TESLA	2023/12/25/261703488417.webp	tableau-shots,wide-shot,zoom-in	2023	interior,orange,high angle
1190	Lil Yachty - TESLA	2023/12/25/261703488518.webp	cut-ins	2023	Day,pink,exterior,wide,garage
1191	Lil Yachty - TESLA	2023/12/25/261703488658.webp	flash-cut	2023	yellow,close up,glasses,interior,face,colorful,lil yachty,bright
1192	Lil Yachty - TESLA	2023/12/25/261703488763.webp	dutch-angle,high-angle	2023	interior,orange
1193	Lil Yachty - TESLA	2023/12/25/261703488933.webp	camera-roll	2023	green,interior
1194	Lil Yachty - TESLA	2023/12/25/261703489162.webp	fisheye,high-angle	2023	Day,green,interior,fisheye,wide angle,distortion
1195	Lil Yachty - TESLA	2023/12/25/261703489329.webp	overhead	2023	green,pink,colorful,overhead,saturated
1196	Lil Yachty - TESLA	2023/12/25/261703489510.webp	dolly-shot,undercranking,jump-cut,focal-focus,ultra-wide-zero-d	2023	Day,yellow,close up,interior,colorful,lil yachty,saturated,saturation,kitchen
1197	Lil Yachty - TESLA	2023/12/25/261703489701.webp	close-up,ultra-wide-zero-d	2023	Day,yellow,close up,interior,colorful,lil yachty,saturated,saturation,kitchen
1198	Lil Yachty - TESLA	2023/12/25/261703489876.webp	lazy-susan,overhead	2023	green,pink,interior,colorful,overhead,saturated,saturation,duotone
1199	Lil Yachty - TESLA	2023/12/25/261703489976.webp	close-up,focal-focus	2023	Red,close up,saturated,rack
1200	Lil Yachty - TESLA	2023/12/25/261703490077.webp	typography	2023	Red,close up,saturated,rack
1201	SNL - S42 Premiere	2023/12/25/261703502401.webp	split-diopter	2016	Margot Robbie,interior,bright,library
1202	Us	2023/12/25/261703502699.webp	split-diopter	2019	interior
1203	Midnight Mass (TV Series)	2023/12/28/261703729394.webp	split-diopter	2021	Day,white,interior,anamorphic,ARRI ALEXA Mini LF,2.00,Atlas Orion Series
1204	Evil Dead Rise	2023/12/28/261703729851.webp	split-diopter	2023	Day,interior,rack focus,2.39,anamorphic,2020s,ARRI ALEXA Mini LF,Panavision Lenses,Panavision Ultra Speed MKII,Panavision Ultra Panatar Lenses,Panavision G series
1205	Evil Dead Rise	2023/12/28/261703730065.webp	dutch-angle,split-diopter	2023	interior,2.39,anamorphic,2020s,ARRI ALEXA Mini LF,Panavision Lenses,Panavision Ultra Speed MKII,Panavision Ultra Panatar Lenses,Panavision G series
1206	Evil Dead Rise	2023/12/28/261703730392.webp	close-up,dutch-angle,ground-shot,split-diopter	2023	interior,2.39,anamorphic,2020s,ARRI ALEXA Mini LF,Panavision Lenses,Panavision Ultra Speed MKII,Panavision Ultra Panatar Lenses,Panavision G series
1207	Evil Dead Rise	2023/12/28/261703730502.webp	split-diopter,two-shot	2023	Day,blood,interior,two shot,dark,hand,finger,2.39,anamorphic,2020s,cyan,ARRI ALEXA Mini LF,Panavision Lenses,Panavision Ultra Speed MKII,Panavision Ultra Panatar Lenses,Panavision G series
1208	Evil Dead Rise	2023/12/28/261703730550.webp	dutch-angle,ground-shot,split-diopter	2023	Day,interior,child,2.39,anamorphic,2020s,ARRI ALEXA Mini LF,Panavision Lenses,floor,Panavision Ultra Speed MKII,Panavision Ultra Panatar Lenses,Panavision G series,keys,crawl
1209	Halt and Catch Fire S3E7 (TV Series)	2023/12/28/261703732015.webp	split-diopter	2016	interior,profile,cool,ARRI ALEXA,FotoKem
1210	Jennifer's Body	2023/12/28/261703732579.webp	split-diopter	2009	yellow,close up,glasses,night,interior,film,35mm,1.85,Super 35,Panavision Primo Primes,saturated,3 perf,saturation,Phantom HD Gold,Panavision Millennium / Millenium XL / XL2,Panavision Gold / G2
1211	Jennifer's Body	2023/12/28/261703732803.webp	focal-focus	2009	Day,close up,glasses,interior,film,hallway,35mm,1.85,Super 35,Panavision Primo Primes,3 perf,Phantom HD Gold,Panavision Millennium / Millenium XL / XL2,Panavision Gold / G2
1212	Jennifer's Body	2023/12/28/261703732838.webp	profile-shot,silhouette,two-shot	2009	Day,close up,interior,35mm,1.85,Super 35,Panavision Primo Primes,3 perf,Phantom HD Gold,Panavision Millennium / Millenium XL / XL2,Panavision Gold / G2
1213	Jennifer's Body	2023/12/28/261703732964.webp	falling,overhead,slow-motion	2009	night,interior,dark,cool,35mm,1.85,Super 35,Panavision Primo Primes,3 perf,Phantom HD Gold,Panavision Millennium / Millenium XL / XL2,Panavision Gold / G2
1214	Jennifer's Body	2023/12/28/261703733429.webp	focal-focus,slow-motion	2009	green,cool,hallway,35mm,1.85,Super 35,Panavision Primo Primes,3 perf,Phantom HD Gold,Panavision Millennium / Millenium XL / XL2,Panavision Gold / G2
1215	Jennifer's Body	2023/12/28/261703733476.webp	high-angle,wide-shot	2009	night,blue,dusk,exterior,35mm,1.85,Super 35,Panavision Primo Primes,3 perf,Phantom HD Gold,Panavision Millennium / Millenium XL / XL2,Panavision Gold / G2
1216	Jennifer's Body	2023/12/28/261703733509.webp	reflections	2009	close up,mirror,35mm,1.85,Super 35,Panavision Primo Primes,3 perf,Phantom HD Gold,Panavision Millennium / Millenium XL / XL2,Panavision Gold / G2
1217	Jennifer's Body	2023/12/28/261703733574.webp	close-up,two-shot	2009	interior,couple,hands,35mm,1.85,Super 35,Panavision Primo Primes,3 perf,Phantom HD Gold,Panavision Millennium / Millenium XL / XL2,Panavision Gold / G2
1218	Jennifer's Body	2023/12/28/261703733687.webp	overhead	2009	Day,interior,grey,35mm,1.85,Super 35,Panavision Primo Primes,3 perf,Phantom HD Gold,Panavision Millennium / Millenium XL / XL2,Panavision Gold / G2
1219	Jennifer's Body	2023/12/28/261703733745.webp	close-up	2009	necklace,face,lips,hand,35mm,1.85,Super 35,Panavision Primo Primes,3 perf,Phantom HD Gold,Panavision Millennium / Millenium XL / XL2,Panavision Gold / G2
1220	Jennifer's Body	2023/12/28/261703733791.webp	slow-motion	2009	Day,interior,necklace,ground,35mm,1.85,Super 35,Panavision Primo Primes,3 perf,Phantom HD Gold,Panavision Millennium / Millenium XL / XL2,Panavision Gold / G2
1221	Jennifer's Body	2023/12/28/261703733843.webp	close-up,ground-shot,slow-motion	2009	water,night,blue,purple,dark,colorful,shoes,cup,35mm,1.85,Super 35,Panavision Primo Primes,saturated,3 perf,saturation,spill,Phantom HD Gold,Panavision Millennium / Millenium XL / XL2,Panavision Gold / G2
1222	Jennifer's Body	2023/12/28/261703733884.webp	close-up,reflections	2009	glasses,face,reflection,fire,35mm,1.85,Super 35,Panavision Primo Primes,3 perf,Phantom HD Gold,Panavision Millennium / Millenium XL / XL2,Panavision Gold / G2
1223	Jennifer's Body	2023/12/28/261703733926.webp	conveyor	2009	Day,interior,35mm,1.85,Super 35,Panavision Primo Primes,3 perf,library,Phantom HD Gold,Panavision Millennium / Millenium XL / XL2,Panavision Gold / G2
1224	Jennifer's Body	2023/12/28/261703733977.webp	focal-focus,two-shot	2009	night,smile,dark,35mm,1.85,Super 35,Panavision Primo Primes,3 perf,Phantom HD Gold,Panavision Millennium / Millenium XL / XL2,Panavision Gold / G2
1225	Jennifer's Body	2023/12/28/261703734033.webp	close-up,ground-shot,focal-focus	2009	blood,blue,dark,35mm,1.85,Super 35,Panavision Primo Primes,3 perf,Phantom HD Gold,Panavision Millennium / Millenium XL / XL2,Panavision Gold / G2
1226	Jennifer's Body	2023/12/28/261703734070.webp	close-up	2009	gold,warm,dark,35mm,1.85,Super 35,Panavision Primo Primes,3 perf,warm white,Phantom HD Gold,Panavision Millennium / Millenium XL / XL2,Panavision Gold / G2
1227	Jennifer's Body	2023/12/28/261703734092.webp	close-up,two-shot	2009	gold,warm,two shot,dark,35mm,1.85,Super 35,Panavision Primo Primes,3 perf,warm white,kiss,Phantom HD Gold,Panavision Millennium / Millenium XL / XL2,Panavision Gold / G2
1228	Jennifer's Body	2023/12/28/261703734128.webp	undercranking	2009	Day,light,blue,clouds,exterior,trees,35mm,1.85,Super 35,Panavision Primo Primes,3 perf,Phantom HD Gold,Panavision Millennium / Millenium XL / XL2,Panavision Gold / G2
1229	Jennifer's Body	2023/12/28/261703734178.webp	close-up,reflections	2009	close up,interior,mirror,35mm,1.85,Super 35,Panavision Primo Primes,3 perf,Phantom HD Gold,Panavision Millennium / Millenium XL / XL2,Panavision Gold / G2
1230	Jennifer's Body	2023/12/28/261703734260.webp	close-up	2009	35mm,1.85,Super 35,Panavision Primo Primes,3 perf,mouth,Phantom HD Gold,Panavision Millennium / Millenium XL / XL2,Panavision Gold / G2
1231	Close Encounters of the Third Kind	2023/12/28/261703735556.webp	split-diopter,two-shot	1977	close up,interior,dinner,profile,two shot,1970s,film,35mm,2.35,Panavision Panaflex,anamorphic,Panavision 65 HR,Panavision R-200,Panavision C series
1232	Close Encounters of the Third Kind	2023/12/28/261703735636.webp	as-object	1977	dark,1970s,film,35mm,2.35,Panavision Panaflex,anamorphic,Panavision 65 HR,Panavision R-200,Panavision C series
1233	Close Encounters of the Third Kind	2023/12/28/261703735693.webp	wide-shot	1977	night,1970s,alien,film,35mm,2.35,Panavision Panaflex,anamorphic,Panavision 65 HR,Panavision R-200,Panavision C series,ufo,extraterrestrial
1234	Close Encounters of the Third Kind	2023/12/28/261703735753.webp	hard-light,wide-shot	1977	warm,interior,surreal,1970s,film,orange,35mm,2.35,saturated,Panavision Panaflex,anamorphic,Panavision 65 HR,hard light,saturation,Panavision R-200,Panavision C series,ufo
1235	Carrie	2023/12/29/261703842028.webp	split-diopter	1976	Day,close up,interior,colorful,1970s,film,35mm,1.85,saturated,Panavision Panaflex,1976,school,carrie
1236	Carrie	2023/12/29/261703842066.webp	split-diopter	1976	Day,grass,exterior,1970s,film,35mm,1.85,saturated,Panavision Panaflex,1976,saturation,carrie
1237	Carrie	2023/12/29/261703842086.webp	split-diopter	1976	night,interior,dark,1970s,film,35mm,1.85,Panavision Panaflex,1976,carrie
1238	Ma	2023/12/29/261703842570.webp	split-diopter	2019	Day,exterior,Panavision,2.39,cool white,ARRIRAW,Blumhouse Productions,Dentsu,Fuji Television Network
1239	Death Proof	2023/12/29/261703843129.webp	split-diopter	2007	Day,exterior,35mm,2.35,2000s,Arriflex 435,3 perf,Panavision Panaflex,anamorphic,2007,Panavision Primo
1240	Death Proof	2023/12/29/261703843286.webp	typography	2007	Day,exterior,35mm,2.35,2000s,Arriflex 435,3 perf,Panavision Panaflex,anamorphic,2007,Panavision Primo
1241	Death Proof	2023/12/29/261703843431.webp	close-up,typography	2007	Day,35mm,2.35,2000s,Arriflex 435,3 perf,Panavision Panaflex,anamorphic,2007,Panavision Primo
1242	Death Proof	2023/12/29/261703843454.webp	close-up	2007	Day,35mm,2.35,2000s,Arriflex 435,3 perf,Panavision Panaflex,anamorphic,2007,Panavision Primo
1243	Death Proof	2023/12/29/261703843473.webp	overhead	2007	Day,35mm,2.35,2000s,Arriflex 435,3 perf,Panavision Panaflex,anamorphic,2007,Panavision Primo
1244	Death Proof	2023/12/29/261703843504.webp	central-framing	2007	Day,interior,bar,dark,symmetrical,centered,35mm,2.35,2000s,Arriflex 435,3 perf,Panavision Panaflex,anamorphic,2007,Panavision Primo
1245	The Birds	2023/12/29/261703843673.webp	split-diopter	1963	Day,light,white,1963,exterior,film,horror,35mm,1.85,1960s,Thriller,Mitchell BNC,Drama,Bausch and Lomb - Super Baltar
1246	Jaws	2023/12/29/261703844028.webp	split-diopter	1975	Day,dolly zoom,1975,ocean,two shot,exterior,1970s,film,35mm,2.35,anamorphic,Panavision C series
1247	The Thing	2023/12/29/261703844274.webp	split-diopter	1982	interior,two shot,dark,film,1980s,35mm,2.35,anamorphic,hard light,1982,Panavision Gold / G2,Panavision C series,Panavision E series
1248	Bride of Chucky	2023/12/29/261703844514.webp	split-diopter	1998	night,blue,interior,two shot,1990s,horror,Moviecam Compact,Thriller,1998
1249	House of 1,000 Corpses	2023/12/29/261703844850.webp	split-diopter	2003	night,blue,exterior,dark,horror,Thriller
1250	Saint Maud	2023/12/29/261703845076.webp	split-diopter	2019	warm,night,interior,2010s,orange,bedroom,horror,ARRI ALEXA Mini,2.39,2019,Thriller,Spherical,Canon K35 mk3
1251	Ouija: Origin of Evil	2023/12/29/261703845353.webp	split-diopter	2016	Day,light,interior,two shot
1252	Suspiria	2023/12/29/261703845579.webp	split-diopter	2018	night,interior,two shot,film,2010s,35mm,1.85,Super 35,Zeiss Super Speed,Arricam LT,Cooke Varotel Zoom lenses,Angenieux Optimo Zooms,2018,Spherical,Cooke Speed Panchro,Arriflex 35 IIa
1253	Art by Paul Trillo	2023/12/29/261703893380.webp	arc-movement,photogrammetry	2017	night,exterior,dark
1254	Art by Paul Trillo	2023/12/29/261703893464.webp	arc-movement,photogrammetry	2017	night,exterior,dark
1255	Childish Gambino - Sweatpants ft. Problem	2023/12/30/261703898910.webp	arc-movement	2014	restaurant,night,exterior,warm white,Noktor T0.324 135mm HyperPrime,RED Hypno-Dragon 7.2K,Zacuto
1256	Childish Gambino - Sweatpants ft. Problem	2023/12/30/261703898663.webp	tracking	2014	restaurant,night,interior,warm white,Noktor T0.324 135mm HyperPrime,RED Hypno-Dragon 7.2K,Zacuto
1257	Childish Gambino - Sweatpants ft. Problem	2023/12/30/261703898723.webp	tracking	2014	restaurant,night,interior,warm white,Noktor T0.324 135mm HyperPrime,RED Hypno-Dragon 7.2K,Zacuto
1258	Childish Gambino - Sweatpants ft. Problem	2023/12/30/261703898814.webp	trucking	2014	restaurant,night,interior,warm white,Noktor T0.324 135mm HyperPrime,RED Hypno-Dragon 7.2K,Zacuto
1259	Childish Gambino - Sweatpants ft. Problem	2023/12/30/261703899012.webp	tracking	2014	restaurant,night,interior,warm white,Noktor T0.324 135mm HyperPrime,RED Hypno-Dragon 7.2K,Zacuto
1260	Childish Gambino - Sweatpants ft. Problem	2023/12/30/261703899059.webp	duplication	2014	restaurant,night,interior,warm white,Noktor T0.324 135mm HyperPrime,RED Hypno-Dragon 7.2K,Zacuto
1261	Childish Gambino - Sweatpants ft. Problem	2023/12/30/261703899121.webp	fourth-wall,trucking	2014	restaurant,night,interior,warm white,Noktor T0.324 135mm HyperPrime,RED Hypno-Dragon 7.2K,Zacuto
1262	Childish Gambino - Sweatpants ft. Problem	2023/12/30/261703899179.webp	transition	2014	restaurant,night,interior,warm white,Noktor T0.324 135mm HyperPrime,RED Hypno-Dragon 7.2K,Zacuto
1263	Childish Gambino - Sweatpants ft. Problem	2023/12/30/261703899251.webp	duplication,lazy-susan	2014	restaurant,night,interior,warm white,Noktor T0.324 135mm HyperPrime,RED Hypno-Dragon 7.2K,Zacuto
1264	Childish Gambino - Sweatpants ft. Problem	2023/12/30/261703899338.webp	lazy-susan,pan	2014	restaurant,night,interior,warm white,Noktor T0.324 135mm HyperPrime,RED Hypno-Dragon 7.2K,Zacuto
1265	Quavo x Takeoff - Hotel Lobby	2023/12/30/261703918712.webp	typography	2022	Day,light,car,road,driving,exterior,K35s,quavo,nevada,Alexa Mini LF
1266	Quavo x Takeoff - Hotel Lobby	2023/12/30/261703918850.webp	fixed-camera,jump-cut	2022	Day,car,driving,profile,exterior,medium shot,K35s,quavo,nevada,Alexa Mini LF
1267	Quavo x Takeoff - Hotel Lobby	2023/12/30/261703919010.webp	tilt,tracking	2022	Day,Lights,warm,night,Hotel,exterior,bright,K35s,quavo,nevada,Alexa Mini LF
1268	Quavo x Takeoff - Hotel Lobby	2023/12/30/261703919112.webp	jump-cut	2022	Day,car,driving,Hotel,dusk,exterior,warm white,K35s,nevada,Alexa Mini LF
1269	Quavo x Takeoff - Hotel Lobby	2023/12/30/261703919210.webp	fixed-camera,jump-cut	2022	2022,car,driving,night,blue,dusk,dark,2020s,cool white,K35s,Alexa Mini LF
1270	Quavo x Takeoff - Hotel Lobby	2023/12/30/261703919409.webp	cut-ins	2022	2022,car,driving,night,Hotel,interior,saturated,2020s,vehicle,saturation,K35s,Alexa Mini LF
1271	Quavo x Takeoff - Hotel Lobby	2023/12/30/261703919551.webp	trip,two-shot	2022	2022,car,warm,night,interior,medium shot,2020s,vehicle,K35s,Alexa Mini LF,yellow white
1272	Quavo x Takeoff - Hotel Lobby	2023/12/30/261703919647.webp	trip,close-up,reflections	2022	2022,car,warm,night,exterior,medium shot,2020s,K35s,quavo,Alexa Mini LF,yellow white
1273	Quavo x Takeoff - Hotel Lobby	2023/12/30/261703919763.webp	trip	2022	2022,car,warm,night,exterior,2020s,K35s,quavo,Alexa Mini LF,yellow white
1274	Quavo x Takeoff - Hotel Lobby	2023/12/30/261703919851.webp	trip,arc-movement	2022	2022,car,warm,night,exterior,2020s,K35s,quavo,Alexa Mini LF,yellow white
1275	Quavo x Takeoff - Hotel Lobby	2023/12/30/261703920293.webp	low-angle	2022	2022,car,warm,night,exterior,2020s,K35s,quavo,Alexa Mini LF,yellow white
1276	Quavo x Takeoff - Hotel Lobby	2023/12/30/261703920422.webp	trip,tracking	2022	2022,2020s,K35s,quavo,Alexa Mini LF,yellow white
1277	Quavo x Takeoff - Hotel Lobby	2023/12/30/261703920497.webp	trip	2022	2022,2020s,K35s,quavo,Alexa Mini LF,yellow white
1278	Quavo x Takeoff - Hotel Lobby	2023/12/30/261703920546.webp	two-shot	2022	2022,2020s,K35s,quavo,Alexa Mini LF,yellow white
1279	Quavo x Takeoff - Hotel Lobby	2023/12/30/261703920604.webp	trip,quick-cuts	2022	2022,Hotel,interior,hallway,2020s,K35s,quavo,Alexa Mini LF,yellow white
1280	Quavo x Takeoff - Hotel Lobby	2023/12/30/261703920667.webp	high-angle,tilt	2022	2022,Hotel,interior,hallway,2020s,K35s,quavo,Alexa Mini LF,yellow white
1281	Quavo x Takeoff - Hotel Lobby	2023/12/30/261703920812.webp	trip,dutch-angle	2022	2022,Hotel,interior,hallway,2020s,K35s,quavo,Alexa Mini LF,yellow white
1282	Quavo x Takeoff - Hotel Lobby	2023/12/30/261703920909.webp	flash-cut	2022	2022,Hotel,interior,hallway,2020s,K35s,quavo,Alexa Mini LF,yellow white
1283	Bad Boys II	2023/12/30/261703921867.webp	arc-movement	2003	green,interior,Panavision Primo Primes,2.39,2000s,Arriflex 435,anamorphic,2003,will smith,Panavision Panaflex Platinum,Cine SL-35,Bell & Howell Super 8
1284	slowthai - Yum	2023/12/30/261703922314.webp	close-up,profile-shot	2023	Day,exterior,cool,cyan,cool white
1285	slowthai - Yum	2023/12/30/261703922393.webp	close-up,profile-shot	2023	Day,exterior,cool,cyan,cool white
1286	slowthai - Yum	2023/12/30/261703922457.webp	quick-cuts	2023	Day,exterior,cool,cyan,cool white
1287	slowthai - Yum	2023/12/30/261703922505.webp	match-cut	2023	Day,cool,cyan,cool white
1288	slowthai - Yum	2023/12/30/261703922546.webp	dolly-zoom	2023	Day,cool,cyan,cool white
1289	slowthai - Yum	2023/12/30/261703922688.webp	close-up,high-angle,zoom-in	2023	cool,cool white,cyan interior
1290	slowthai - Yum	2023/12/30/261703922725.webp	low-angle	2023	cool,cool white,cyan interior
1293	slowthai - Yum	2023/12/30/261703923041.webp	dolly-zoom	2023	cool,cool white,cyan interior
1294	slowthai - Yum	2023/12/30/261703923084.webp	transition	2023	cool,cool white,cyan interior
1295	slowthai - Yum	2023/12/30/261703923306.webp	overhead,tracking	2023	cool,cool white,clock
1296	slowthai - Yum	2023/12/30/261703923431.webp	surrealism,overhead,tracking	2023	Red,warm,overhead,surrealism
1297	slowthai - Yum	2023/12/30/261703923563.webp	tilt,transition	2023	dark,surrealism
1298	slowthai - Yum	2023/12/30/261703923743.webp	arc-movement,match-cut	2023	interior,dark,void
1299	slowthai - Yum	2023/12/30/261703924048.webp	trip,arc-movement	2023	interior,dark
1300	slowthai - Yum	2023/12/30/261703924138.webp	arc-movement,flash-cut	2023	interior,dark
1301	slowthai - Yum	2023/12/30/261703924232.webp	cut-ins,surrealism,spotlight	2023	night,blue,exterior,dark,sodium light,snowing
1302	slowthai - Yum	2023/12/30/261703924303.webp	trip,arc-movement,double-exposure	2023	night,blue,exterior,dark,sodium light,snowing
1303	slowthai - Yum	2023/12/30/261703924391.webp	overhead,tracking	2023	Red,overhead,drugs
1304	slowthai - Yum	2023/12/30/261703924451.webp	arc-movement,echo-printing,quick-cuts	2023	Red,overhead,drugs
1305	slowthai - Yum	2023/12/30/261703925742.webp	set-transition	2023	blue,medium,exterior,cool,centered,cyan
1306	slowthai - Yum	2023/12/30/261703925814.webp	zoom-in	2023	blue,medium,exterior,cool,centered,cyan
1307	Nike - Nothing Beats a Londoner	2023/12/31/261703992521.webp	arc-movement	2018	Lights,sports,night,arc,soccer,stadium
1308	Commuting London GIF By Fáinleog	2023/12/31/261703992665.webp	traditional		white,pencil.,sketch
1310	Stop motion arc shot by Johannes Höhn	2023/12/31/261703992887.webp	arc-movement,stop-motion		
1311	Last Night in Soho	2023/12/31/261703992971.webp	arc-movement	2021	warm,night,2021,Edgar Wright,exterior,orange,Panavision,alexa,ARRI ALEXA Mini,arri,street light,2020s,last night in soho
1312	Bishop Briggs - JEKYLL & HIDE	2023/12/31/261703993383.webp	arc-movement,flash-cut	2019	black and white,black,void,college
1313	Mesmerizing Montenegro	2023/12/31/261703993688.webp	tilt-shift	2016	Day,exterior,GH2,Gorillapod,7-14mm,14-140mm,Lumix GH4,Lumix Lens
1314	Mesmerizing Montenegro	2023/12/31/261703993729.webp	tilt-shift	2016	Day,exterior,GH2,Gorillapod,7-14mm,14-140mm,Lumix GH4,Lumix Lens
1315	Mesmerizing Montenegro	2023/12/31/261703993752.webp	tilt-shift	2016	Day,exterior,GH2,Gorillapod,7-14mm,14-140mm,Lumix GH4,Lumix Lens
1316	Mesmerizing Montenegro	2023/12/31/261703993765.webp	tilt-shift	2016	Day,exterior,GH2,Gorillapod,7-14mm,14-140mm,Lumix GH4,Lumix Lens
1317	Mesmerizing Montenegro	2023/12/31/261703993781.webp	tilt-shift	2016	Day,exterior,GH2,Gorillapod,7-14mm,14-140mm,Lumix GH4,Lumix Lens
1318	Mesmerizing Montenegro	2023/12/31/261703993792.webp	tilt-shift	2016	Day,exterior,GH2,Gorillapod,7-14mm,14-140mm,Lumix GH4,Lumix Lens
1319	Mesmerizing Montenegro	2023/12/31/261703993806.webp	tilt-shift	2016	Day,exterior,GH2,Gorillapod,7-14mm,14-140mm,Lumix GH4,Lumix Lens
1320	Mesmerizing Montenegro	2023/12/31/261703993822.webp	tilt-shift	2016	Day,exterior,GH2,Gorillapod,7-14mm,14-140mm,Lumix GH4,Lumix Lens
1321	Mesmerizing Montenegro	2023/12/31/261703993836.webp	tilt-shift	2016	Day,exterior,GH2,Gorillapod,7-14mm,14-140mm,Lumix GH4,Lumix Lens
1322	Mesmerizing Montenegro	2023/12/31/261703993849.webp	tilt-shift	2016	Day,exterior,GH2,Gorillapod,7-14mm,14-140mm,Lumix GH4,Lumix Lens
1323	Mesmerizing Montenegro	2023/12/31/261703993864.webp	tilt-shift	2016	Day,exterior,GH2,Gorillapod,7-14mm,14-140mm,Lumix GH4,Lumix Lens
1324	Tiltshift Club - Miniature	2023/12/31/261703993959.webp	tilt-shift	2016	Day,exterior
1325	Tiltshift Club - Miniature	2023/12/31/261703993975.webp	tilt-shift	2016	Day,exterior
1326	Game Night	2023/12/31/261703994370.webp	tilt-shift	2018	Day,exterior,2010s,ARRI ALEXA Mini,2.39,anamorphic,Cooke S4/ i,2018,2.8K / 2.8K ArriRaw,ARRI ALEXA XT / XTplus,Redcode RAW 8k,RED Epic-W Helium
1327	Source Unknown	2023/12/31/261703994559.webp	undercranking		interior
1328	Metro Boomin & Future - Superhero (Heroes & Villains)	2023/12/31/261703995417.webp	undercranking,fixed-camera	2022	Day,fixed camera,car,exterior
1330	Metro Boomin & Future - Superhero (Heroes & Villains)	2023/12/31/261703996710.webp	profile-shot,focal-focus	2022	Day,interior,muted,dull
1331	Metro Boomin & Future - Superhero (Heroes & Villains)	2023/12/31/261703996805.webp	fourth-wall	2022	Day,interior,muted,dull,hammer,destruction,deconstruction
1332	Metro Boomin & Future - Superhero (Heroes & Villains)	2023/12/31/261703996923.webp	falling,silhouette,slow-motion	2022	Explosion,yellow,slow motion,silhouette,fire,orange,wide,action
1333	Metro Boomin & Future - Superhero (Heroes & Villains)	2023/12/31/261703996972.webp	falling,slow-motion	2022	surrealist,exterior,silhouette,falling
1334	Metro Boomin & Future - Superhero (Heroes & Villains)	2023/12/31/261703997085.webp	two-shot,void	2022	white,interior,muted,dull,coffee
1335	Metro Boomin & Future - Superhero (Heroes & Villains)	2023/12/31/261703997244.webp	close-up,slow-motion,void	2022	white,interior,muted,dull,coffee
1336	Metro Boomin & Future - Superhero (Heroes & Villains)	2023/12/31/261703997281.webp	void	2022	white,interior,muted,dull,coffee
1337	Metro Boomin & Future - Superhero (Heroes & Villains)	2023/12/31/261703997441.webp	void	2022	neon,black,void
1338	Metro Boomin & Future - Superhero (Heroes & Villains)	2023/12/31/261703997551.webp	first-person-pov,screen-in-screen	2022	night,first person,dark,phone,uber
1339	Metro Boomin & Future - Superhero (Heroes & Villains)	2023/12/31/261703997783.webp	speed-ramping,void	2022	white,two shot,void,speed ramp
1340	Metro Boomin & Future - Superhero (Heroes & Villains)	2023/12/31/261703997863.webp	kaleidoscope	2022	white,void
1341	Metro Boomin & Future - Superhero (Heroes & Villains)	2023/12/31/261703997944.webp	jump-cut,void	2022	white,void
1342	Metro Boomin & Future - Superhero (Heroes & Villains)	2023/12/31/261703998160.webp	high-angle,silhouette	2022	white,glitch,void,masking
1343	Metro Boomin & Future - Superhero (Heroes & Villains)	2023/12/31/261703998428.webp	jump-cut,motion-blur,speed-ramping	2022	Day,exterior
1344	Metro Boomin & Future - Superhero (Heroes & Villains)	2023/12/31/261703998532.webp	surrealism	2022	Day,exterior
1345	Metro Boomin & Future - Superhero (Heroes & Villains)	2023/12/31/261703998592.webp	slit-scan	2022	dark,cool
1346	Metro Boomin & Future - Superhero (Heroes & Villains)	2023/12/31/261703998627.webp	overhead	2022	dark,cool
1347	Metro Boomin & Future - Superhero (Heroes & Villains)	2023/12/31/261703998665.webp	camera-roll	2022	dark,cool
1348	Metro Boomin & Future - Superhero (Heroes & Villains)	2023/12/31/261703998710.webp	slit-scan	2022	dark,cool
1349	Metro Boomin & Future - Superhero (Heroes & Villains)	2023/12/31/261703998776.webp	spotlight,void,zoom-in	2022	dark,cool
1350	slowthai - Yum	2023/12/31/261704023962.webp	trip,arc-movement,echo-printing	2023	
1351	Cinemagraph from Fight Club	2023/12/31/261704024270.webp	cinemagraph	1999	interior,film,35mm,Super 35,Panavision Primo Primes,2.39,Panavision Primo Zooms,Panavision Platinum,Spherical
1352	Cinemagraph from Fight Club	2023/12/31/261704024293.webp	cinemagraph	1999	interior,dark,smoking,film,35mm,Super 35,Panavision Primo Primes,2.39,Panavision Primo Zooms,Panavision Platinum,Spherical
1353	Kevin Burg & Jamie Beck for Chanel	2023/12/31/261704024502.webp	cinemagraph,void		
1354	Kevin Burg & Jamie Beck for Armani	2023/12/31/261704024563.webp	cinemagraph		Day,glasses,interior,muted,book,coffee,overhead close up
1355	Kevin Burg & Jamie Beck for Saks Fifth Avenue	2023/12/31/261704024626.webp	cinemagraph		white,feet,interior,dining,table,legs,rabbit,bunny
1356	Kevin Burg & Jamie Beck for Chopard	2023/12/31/261704024663.webp	cinemagraph		Day,woman,dress,exterior
1357	Kevin Burg & Jamie Beck - The Train to Machu Picchu	2023/12/31/261704024780.webp	cinemagraph		Day,woman,interior,train,wide,motion,warm white,moving
1358	Kevin Burg & Jamie Beck for Armani	2023/12/31/261704024830.webp	cinemagraph		Day,glasses,exterior,colorful,park,saturation,seasonal,leaves,fall
1359	Kevin Burg & Jamie Beck for Lincoln	2023/12/31/261704024882.webp	cinemagraph		woman,car,nature,dusk,sunset,grass,exterior,field,wide,lincoln
1360	Kevin Burg & Jamie Beck - Avenue Matignon	2023/12/31/261704024949.webp	cinemagraph		night,dusk,sunset,exterior,dark,city,paris,cars,architecture,europe
1361	Kevin Burg & Jamie Beck - Pont Louis-Philippe	2023/12/31/261704024988.webp	cinemagraph		Day,bridge,reflection,city,fog,river,mist,haze,smog
1362	Kevin Burg & Jamie Beck - Tierra Patagonia	2023/12/31/261704025039.webp	cinemagraph		water,pool,nature,house,interior,glass,indoors,windows,mountains,Tierra Patagonia,steam,patagonia
1363	Kevin Burg & Jamie Beck for Amazon	2023/12/31/261704025107.webp	cinemagraph		interior,muted,full shot,direct address
1364	Cinemagraph by Kevin Burg & Jamie Beck	2023/12/31/261704025189.webp	cinemagraph		fruit,orange,table,saturated,saturation,food,mandarine,orange bowl,fruit bowl
1365	Cinemagraph by Kevin Burg & Jamie Beck	2023/12/31/261704025225.webp	cinemagraph		night,dusk,dark,busy,city,newspaper,architecture,people,newsstand
1366	Cinemagraph by Kevin Burg & Jamie Beck	2023/12/31/261704025257.webp	cinemagraph		night,interior,dusk,dinner,wine,meal,candle,pour
1367	Cinemagraph by Kevin Burg & Jamie Beck	2023/12/31/261704025292.webp	cinemagraph		woman,night,interior,dusk,dress,indoors,stairs,flame,candle,evening
1368	Jamie Beck and Kevin Burg for Harpers Bazaar	2023/12/31/261704025383.webp	cinemagraph	2016	woman,green,nature,wedding,dress,medium,floral,flowers,direct address
1369	Older Brother - Talk to Your Plants	2023/12/31/261704025716.webp	cinemagraph,two-shot	2016	interior,two shot,brown,beige,wide,muted
1370	The Life Aquatic with Steve Zissou	2023/12/31/261704025808.webp	central-framing,tableau-shots	2004	Day,underwater,Wes Anderson,symmetrical,life aquatic,centered,35mm,2.35,Panavision Panaflex,anamorphic,soft light,Panavision Primo Anamorphics,david moritz,Panavision Primo Zooms,robert yeoman,willem defoe
1371	Joy	2023/12/31/261704026169.webp	cinemagraph	2015	Day,exterior,jennifer lawrence,snowing,sunglasses
1372	Botis Seva - Santo	2023/12/31/261704030931.webp	echo-printing	2022	black and white
1373	Trent Jaklitsch - Alyssa Monks	2024/01/01/261704069890.webp	cinemagraph,ground-shot	2014	water,close up,lake,reflection,hand,boat,ground shot
1374	The Runaways	2024/01/01/261704070327.webp	overhead	2010	Cigarette,interior,smoking,film,bath,overhead,16mm,2.39,muted,Zeiss Master Prime Lenses,ARRIFLEX 416 Camera,super 16
1375	Léon	2024/01/01/261704070605.webp	cinemagraph	1994	interior,muted,kitchen,Jean Reno
1376	Casino	2024/01/01/261704070795.webp	cinemagraph,reflections	1995	interior,reflection
1377	Memories of Murder	2024/01/01/261704071058.webp	cinemagraph,two-shot	2003	interior,two shot
1378	Cinemagraph by Daria Khoroshavina	2024/01/01/261704071291.webp	cinemagraph		glass,beer
1379	Cinemagraph by Daria Khoroshavina	2024/01/01/261704071329.webp	cinemagraph		interior,dark,black,witchcraft,tarot
1380	Cinemagraph by Daria Khoroshavina	2024/01/01/261704071442.webp	cinemagraph,surrealism		light,white,overhead,magical surrealism
1381	Cinemagraph by Daria Khoroshavina	2024/01/01/261704071479.webp	cinemagraph,slow-motion		white,interior,slow motion,coffee
1382	Cinemagraph by Daria Khoroshavina	2024/01/01/261704071509.webp	cinemagraph,surrealism		dark,drink,food,cooking,spoon
1383	Cinemagraph by Daria Khoroshavina	2024/01/01/261704071547.webp	cinemagraph		overhead,high angle,book,pedals,tea
1384	Cinemagraph by Daria Khoroshavina	2024/01/01/261704071615.webp	cinemagraph,overhead		overhead,book,leaves,tea,lime,pie
1385	Cinemagraph by Daria Khoroshavina	2024/01/01/261704071652.webp	cinemagraph		glass,drink,raspberry,iced tea
1386	Cinemagraph by Daria Khoroshavina	2024/01/01/261704071690.webp	cinemagraph		slow motion,high angle,pour,tea
1387	Cinemagraph by Daria Khoroshavina	2024/01/01/261704071721.webp	cinemagraph		bed,books,sheets,butterfly
1388	Cinemagraph by Daria Khoroshavina	2024/01/01/261704071754.webp	cinemagraph		interior,dark,smoking,smoke,drink,kitchen,cooking,pinecone
1389	Cinemagraph by Daria Khoroshavina	2024/01/01/261704071793.webp	cinemagraph		interior,slow motion,dark,kitchen,powder,plate
1390	Cinemagraph by Daria Khoroshavina	2024/01/01/261704071823.webp	cinemagraph		interior,kitchen,pour,spoon,honey
1392	Cinemagraph by Daria Khoroshavina	2024/01/01/261704071889.webp	cinemagraph		studio,orange,tea,honey,jar
1393	Cinemagraph by Daria Khoroshavina	2024/01/01/261704071923.webp	cinemagraph		studio,glass,smoking,smoke,drink,books,honey,cocktail
1394	Cinemagraph by Daria Khoroshavina	2024/01/01/261704071955.webp	cinemagraph,floating,surrealism		night,interior,bed,book,candle,magic
1395	Cinemagraph by Daria Khoroshavina	2024/01/01/261704072003.webp	cinemagraph,floating,surrealism		pink,colorful,dessert,floating,donut,saturation,food,levitation,magic,sweets
1396	SleazyWorld Go - Sleazy Flow	2024/01/01/261704072906.webp	datamosh	2022	
1397	Yamborghini High	2024/01/01/261704073269.webp	datamosh	2016	Day,green,forest,exterior
1398	Yamborghini High	2024/01/01/261704073365.webp	datamosh	2016	Day,green,forest,exterior
1399	Yamborghini High	2024/01/01/261704073442.webp	datamosh	2016	exterior,glitch,datamosh
1400	Yamborghini High	2024/01/01/261704073476.webp	datamosh	2016	interior,purple,dark,dutch
1401	A$AP Rocky - A$AP Forever	2024/01/01/261704073704.webp	datamosh,void	2018	floating,void,A$AP Rocky
1402	Datamosh from Jaws (1975)	2024/01/01/261704073888.webp	datamosh	1975	Day,dolly zoom,jaws,beach,1975,exterior,1970s
1403	Art from LetsGlitchIt	2024/01/01/261704074075.webp	datamosh		Day,dolly zoom,jaws,beach,1975,exterior,1970s
1404	Datamosh from Game of Thrones Title	2024/01/01/261704073943.webp	datamosh		purple,saturated,color,video game
1405	Datamosh from Game of Thrones (TV Series)	2024/01/01/261704074041.webp	datamosh		title card,game of thrones
1406	Datamosh from Game of Thrones Title	2024/01/01/261704073995.webp	datamosh		glitch,graphic,duotone
1407	Duda Beat feat. Trevo - Nem Um Pouquinho	2024/01/01/261704074164.webp	cut-ins,datamosh	2021	interior,dark,overhead
1408	Merge Records Walking In The Dark GIF By Escape-Ism	2024/01/01/261704074297.webp	datamosh	2017	black and white,legs
1409	Animation by Matthias Brown	2024/01/01/261704074358.webp	datamosh		white,woman,black and white
1410	Datamosh clip by Sabato Visconti	2024/01/01/261704074530.webp	datamosh		
1411	Datamosh clip. Unknown source	2024/01/01/261704074676.webp	datamosh		Day,trucking,exterior
1412	Ford Kuga - Levels	2024/01/01/261704077112.webp	camera-roll,datamosh	2021	Day,car,Ford,road,exterior,tracking
1413	Ford Kuga - Levels	2024/01/01/261704075077.webp	tilt	2021	night,exterior,dark,reflection,city,neon,cyberpunk
1414	Ford Kuga - Levels	2024/01/01/261704075163.webp	cut-ins,trucking	2021	trucking,night,interior,bar,dark,conveyor
1415	Ford Kuga - Levels	2024/01/01/261704075232.webp	object-portal	2021	interior,dark,goggles
1416	Ford Kuga - Levels	2024/01/01/261704075296.webp	spotlight	2021	night,dark,spotlight,wide,car light
1417	Ford Kuga - Levels	2024/01/01/261704075342.webp	cut-ins	2021	night,dark,spotlight,wide,car light
1418	Ford Kuga - Levels	2024/01/01/261704075431.webp	tilt,trucking	2021	trucking,dusk,sunset,tilt
1419	Ford Kuga - Levels	2024/01/01/261704075513.webp	pedestal,transition	2021	woman,car,driving,sunset,phone,transition
1420	Ford Kuga - Levels	2024/01/01/261704075593.webp	close-up,ultra-wide-zero-d	2021	close up,car,driving,face
1421	Ford Kuga - Levels	2024/01/01/261704075666.webp	first-person-pov	2021	car,driving,interior,dusk,sunset,first person
1422	Ford Kuga - Levels	2024/01/01/261704075776.webp	pixel-art	2021	bike,dusk,sunset,ocean,pixelation
1423	Ford Kuga - Levels	2024/01/01/261704075859.webp	dolly-shot,pixel-art	2021	bike,dusk,sunset,ocean,pixelation
1424	Ford Kuga - Levels	2024/01/01/261704076080.webp	pixel-art,tracking,video-game	2021	car,racing,road,driving,pixelation
1425	Ford Kuga - Levels	2024/01/01/261704076286.webp	aerial,dutch-angle,speed-ramping	2021	night,dark,city,neon,aerial
1426	Ford Kuga - Levels	2024/01/01/261704076351.webp	dutch-angle	2021	driving,night,city,neon
1427	Ford Kuga - Levels	2024/01/01/261704076392.webp	dutch-angle	2021	car,driving,night,city,neon
1428	Ford Kuga - Levels	2024/01/01/261704076467.webp	dutch-angle	2021	car,driving,night,city,neon
1429	Ford Kuga - Levels	2024/01/01/261704076501.webp	camera-roll,dutch-angle	2021	car,driving,night,city,neon
1430	Ford Kuga - Levels	2024/01/01/261704076549.webp	double-exposure	2021	double exposure,yellow,night
1431	Ford Kuga - Levels	2024/01/01/261704076638.webp	maximalism,transition	2021	yellow,driving,night,maximalism,city,tracking
1432	Ford Kuga - Levels	2024/01/01/261704076739.webp	arc-movement,surrealism	2021	water,car,road,driving,bridge,arc shot,exterior,extreme wide,river
1433	Ford Kuga - Levels	2024/01/01/261704077050.webp	aerial,surrealism,scale-shift,tilt,transition	2021	clouds,overhead,scale shift,aerial
1434	Ford Kuga - Levels	2024/01/01/261704077305.webp	tilt	2021	night,bar,exterior,city,neon,tilt down
1435	Ford Kuga - Levels	2024/01/01/261704077361.webp	spotlight	2021	night,dark,park,spotlight
1436	Ford Kuga - Levels	2024/01/01/261704077406.webp	double-exposure	2021	double exposure,night
1437	The French Dispatch	2024/01/01/261704078647.webp	dolly-shot,tableau-shots	2021	black and white,35mm,Cooke S4/ i,Arricam LT,Arricam ST,Arriflex 235,1.37
1438	The French Dispatch	2024/01/01/261704078671.webp	dolly-shot,tableau-shots	2021	bill murray,35mm,Cooke S4/ i,Arricam LT,Arricam ST,Arriflex 235,1.37
1439	The French Dispatch	2024/01/01/261704078691.webp	dolly-shot	2021	35mm,Cooke S4/ i,Arricam LT,Arricam ST,Arriflex 235,1.37
1440	The French Dispatch	2024/01/01/261704079128.webp	dolly-shot,tableau-shots	2021	wide,35mm,muted,Cooke S4/ i,Arricam LT,Arricam ST,Arriflex 235,1.37,newspaper stand
1441	Moonrise Kingdom	2024/01/01/261704080110.webp	dolly-shot	2012	yellow,woman,interior,orange,16mm,1.85,Zeiss Super Speed,Aaton Aminima,day. warm
1442	Moonrise Kingdom	2024/01/01/261704080139.webp	dolly-shot	2012	Day,exterior,wide,16mm,1.85,Zeiss Super Speed,muted,Aaton Aminima,day. warm
1443	Rosalia - Saoko	2024/01/01/261704080270.webp	low-angle,tracking,ultra-wide-zero-d	2022	Day,low angle,rosalia,exterior,gas station,corner
1444	Duda Beat feat. Trevo - Nem Um Pouquinho	2024/01/01/261704081349.webp	dolly-shot	2021	night,exterior,dark,steadicam
1445	Do the Right Thing	2024/01/01/261704081736.webp	dolly-shot	1989	Day,exterior,film,1980s,new york city,brooklyn,35mm,1.85,1989,Arriflex BL4
1446	Do the Right Thing	2024/01/01/261704081870.webp	dolly-shot	1989	Day,interior,film,1980s,new york city,brooklyn,John Turturro,35mm,1.85,1989,Arriflex BL4
1447	Do the Right Thing	2024/01/01/261704081931.webp	low-angle	1989	Day,yellow,exterior,film,1980s,new york city,brooklyn,35mm,1.85,saturated,saturation,1989,Arriflex BL4
1448	Do the Right Thing	2024/01/01/261704081968.webp	close-up,zoom-in	1989	Day,close up,exterior,film,1980s,new york city,brooklyn,35mm,1.85,shoe,1989,Arriflex BL4
1449	Do the Right Thing	2024/01/01/261704082017.webp	close-up,profile-shot	1989	Day,close up,lips,film,1980s,new york city,brooklyn,35mm,1.85,1989,Arriflex BL4,ice cube
1450	Do the Right Thing	2024/01/01/261704082051.webp	first-person-pov	1989	Day,interior,film,1980s,new york city,brooklyn,35mm,1.85,1989,Arriflex BL4,samuel l. jackson
1451	Do the Right Thing	2024/01/01/261704082172.webp	zoom-in	1989	Day,night,dark,film,1980s,new york city,brooklyn,street,35mm,1.85,1989,Arriflex BL4,speaker,boombox,music player
1452	Do the Right Thing	2024/01/01/261704082198.webp	reflections	1989	Day,close up,reflection,film,1980s,new york city,brooklyn,35mm,1.85,1989,Arriflex BL4,record player,vinyl
1453	Do the Right Thing	2024/01/01/261704082235.webp	fourth-wall	1989	Day,exterior,film,1980s,new york city,brooklyn,35mm,1.85,1989,Arriflex BL4
1454	Do the Right Thing	2024/01/01/261704082289.webp	close-up,underwater,worms-eye	1989	underwater,interior,face,film,1980s,new york city,brooklyn,35mm,1.85,1989,Arriflex BL4,ice,sink
1455	Do the Right Thing	2024/01/01/261704082390.webp	tracking	1989	Day,film,1980s,new york city,handheld,brooklyn,tracking,35mm,1.85,1989,Arriflex BL4,streets
1456	Do the Right Thing	2024/01/01/261704082452.webp	dutch-angle,low-angle	1989	Day,exterior,film,1980s,new york city,brooklyn,35mm,1.85,dutch,1989,Arriflex BL4
1457	Do the Right Thing	2024/01/01/261704082511.webp	close-up,dutch-angle	1989	Day,close up,exterior,film,1980s,new york city,brooklyn,35mm,1.85,1989,Arriflex BL4
1458	Do the Right Thing	2024/01/01/261704082595.webp	close-up,dutch-angle,first-person-pov,ultra-wide-zero-d	1989	close up,warm,house,interior,film,1980s,new york city,brooklyn,35mm,1.85,1989,Arriflex BL4,sweaty
1459	Do the Right Thing	2024/01/01/261704082657.webp	dolly-shot,dutch-angle	1989	interior,film,1980s,new york city,brooklyn,35mm,1.85,1989,Arriflex BL4,entrance,group shot,dutch angle
1460	Sophia Scott - More Me	2024/01/01/261704082893.webp	dolly-shot	2023	interior,beige,handheld,muted
1461	Apple Arcade - A New World to Play In	2024/01/01/261704083167.webp	fpv-drone	2020	Day,ad,road,driving,grass,exterior,apple,field,tracking,sun,aerial,fpv drone
1462	Apple Arcade - A New World to Play In	2024/01/01/261704083356.webp	screen-in-screen,transition	2020	car,interior,apple,zoom,overhead,push,video game,ipad
1463	Apple Arcade - A New World to Play In	2024/01/01/261704083538.webp	traditional,tracking,video-game	2020	running,forest,spacesuit,video game,dinosaur
1464	Apple Arcade - A New World to Play In	2024/01/01/261704083710.webp	match-cut	2020	interior,apple,door,phone,dinosaur,iphone
1465	Apple Arcade - A New World to Play In	2024/01/01/261704083790.webp	transition	2020	interior,dark,apple,video game,transition,iphone,arcade
1466	Apple Arcade - A New World to Play In	2024/01/01/261704083935.webp	transition,ultra-wide-zero-d	2020	Day,exterior,apple,video game,transition,iphone,arcade
1467	Apple Arcade - A New World to Play In	2024/01/01/261704084047.webp	surrealism,speed-ramping,slow-motion	2020	Day,exterior,apple,video game,transition,iphone,arcade
1468	Apple Arcade - A New World to Play In	2024/01/01/261704084156.webp	speed-ramping,slow-motion,two-shot	2020	Day,blue,interior,dark
1469	Apple Arcade - A New World to Play In	2024/01/01/261704084267.webp	dolly-shot,tilt,ultra-wide-zero-d	2020	woman,night,exterior,apple,rain,wet,iphone
1470	Sub Urban - UH OH! (feat. BENEE)	2024/01/01/261704106439.webp	wide-shot	2022	Day,house,exterior,KODAK 35mm,FotoKem,picket fence
1471	Sub Urban - UH OH! (feat. BENEE)	2024/01/01/261704106554.webp	dolly-zoom	2022	Day,house,exterior,KODAK 35mm,FotoKem,picket fence
1472	Sub Urban - UH OH! (feat. BENEE)	2024/01/01/261704106720.webp	tilt	2022	Day,exterior,medium shot,tilt,horror,KODAK 35mm,Thriller,picket fence
1473	Sub Urban - UH OH! (feat. BENEE)	2024/01/01/261704106826.webp	tracking	2022	white,back of head,interior,snorricam,35mm,kodak
1474	Sub Urban - UH OH! (feat. BENEE)	2024/01/01/261704106961.webp	high-angle,surrealism	2022	blue,interior,horror,surrealism,35mm,high angle,Thriller,kodak,rug,carpet,head
1475	Sub Urban - UH OH! (feat. BENEE)	2024/01/01/261704107042.webp	surrealism	2022	interior,bathroom,horror,surrealism,35mm,high angle,Thriller,kodak,head,bathtub
1476	Sub Urban - UH OH! (feat. BENEE)	2024/01/01/261704107162.webp	aspect-ratio-switch,split-screen	2022	interior,35mm,phone,kodak,police officer,call
1477	Sub Urban - UH OH! (feat. BENEE)	2024/01/01/261704107201.webp	aspect-ratio-switch,split-screen	2022	interior,35mm,phone,kodak,police officer,call
1478	Sub Urban - UH OH! (feat. BENEE)	2024/01/01/261704107240.webp	screen-in-screen,zoom-in	2022	black and white,35mm,television,kodak,tube tv
1479	Sub Urban - UH OH! (feat. BENEE)	2024/01/01/261704107310.webp	floating,surrealism	2022	white,35mm,full shot,floating,kitchen,levitation,kodak,locked off
1480	Sub Urban - UH OH! (feat. BENEE)	2024/01/01/261704107385.webp	floating,tracking	2022	feet,walking,ground,exterior,shoes,tracking,35mm,high angle,kodak
1481	Sub Urban - UH OH! (feat. BENEE)	2024/01/01/261704107862.webp	falling	2022	overhead,35mm,kodak,flying shot
1482	Sub Urban - UH OH! (feat. BENEE)	2024/01/01/261704107894.webp	typography	2022	blue,typography,35mm,title card,kodak
1483	© Grids App / IG	2024/01/01/261704109458.webp	digital-gesture		
1484	Erik Schmitt / IG	2024/01/01/261704109560.webp	digital-gesture		exterior,hand
1485	© Rafael Villegas	2024/01/01/261704109651.webp	digital-gesture		Day,exterior
1486	@sssamein / IG	2024/01/01/261704109723.webp	digital-gesture		interior,first person,interface,ui
1487	云 - @_tonyun / IG	2024/01/01/261704109752.webp	digital-gesture		Day,exterior,tent
1488	Memorials (TV Series)	2024/01/01/261704110124.webp	dutch-angle	2020	warm,night,interior,saturated,saturation
1489	Memorials (TV Series)	2024/01/01/261704110192.webp	dutch-angle	2020	interior,cool,muted,haze
1490	Do the Right Thing	2024/01/01/261704110257.webp	dutch-angle	1989	window,film,1980s,new york city,brooklyn,brick,35mm,1.85,1989,Arriflex BL4,dutch angle,exterior,
1491	Fear and Loathing in Las Vegas	2024/01/01/261704110473.webp	dutch-angle	1999	pink,interior,dark,1990s,film,bathroom,35mm,2.35,Super 35,magenta,1998,Spherical,Arriflex 35 IIa,Arriflex BL4,bathtub,Zeiss Standard Primes
1492	Fear and Loathing in Las Vegas	2024/01/01/261704110604.webp	fixed-camera	1999	fixed camera,car,driving,dusk,sunset,exterior,1990s,film,35mm,2.35,Super 35,1998,Spherical,Arriflex 35 IIa,Arriflex BL4,Zeiss Standard Primes
1493	Fear and Loathing in Las Vegas	2024/01/01/261704110759.webp	low-angle	1999	1990s,35mm,2.35,Super 35,1998,Spherical,Arriflex 35 IIa,Arriflex BL4,Zeiss Standard Primes
1494	Fear and Loathing in Las Vegas	2024/01/01/261704110792.webp	close-up,zoom-in	1999	Day,exterior,1990s,35mm,2.35,Super 35,1998,Spherical,Arriflex 35 IIa,Arriflex BL4,Zeiss Standard Primes
1495	Fear and Loathing in Las Vegas	2024/01/01/261704110821.webp	close-up	1999	night,exterior,1990s,35mm,2.35,Super 35,1998,Spherical,Arriflex 35 IIa,Arriflex BL4,Zeiss Standard Primes
1496	Fear and Loathing in Las Vegas	2024/01/01/261704110955.webp	close-up	1999	close up,interior,face,dark,1990s,35mm,2.35,Super 35,1998,Spherical,Arriflex 35 IIa,Arriflex BL4,Zeiss Standard Primes
1497	Mission Impossible	2024/01/01/261704111327.webp	dutch-angle	1996	low angle,close up,interior,Panavision Panaflex Camera,Wescam Cameras
1498	A Serious Man	2024/01/01/261704111539.webp	dutch-angle	2009	2009,film,35mm,2000s,1.33,Zeiss Master Primes,Arri 535 / 535B
1499	A Serious Man	2024/01/01/261704111560.webp	dutch-angle	2009	2009,film,35mm,2000s,1.33,Zeiss Master Primes,Arri 535 / 535B
1500	St. Louis City FC - The City Kit Is Here	2024/01/01/261704111640.webp	dutch-angle	2022	Day,sports,exterior,soccer
1501	12 Monkeys	2024/01/01/261704111836.webp	dutch-angle	1995	interior,grey,muted,dutch angle
1502	Methyl Ethel Eyes GIF By 4AD	2024/01/01/261704111986.webp	dutch-angle,screen-in-screen		eyes,tv,screen
1503	KITKAT - Break Épico	2024/01/01/261704112408.webp	dolly-shot,pass-through,probe-lens,void	2023	Red,two shot,dark,void
1504	ROSALÍA - DIABLO (Visualizer)	2024/01/01/261704112550.webp	dolly-shot	2022	night,interior,dark,bus
1505	Twice - What is Love?	2024/01/01/261704112809.webp	dolly-shot	2018	Day,white,interior,bright
1506	A$AP Rocky - L$D	2024/02/11/261707623518.webp	dolly-shot,hard-light	2015	music video,night,blue,Dexter Navy,exterior,rocky,asap,a$ap,mv,rap,neon,saturated,saturation
1507	Source unknown	2024/01/01/261704113049.webp	dolly-shot		convenience store,interior,dolly
1508	The Dark Knight	2024/01/01/261704113320.webp	dolly-shot	2008	Day,exterior,film,2000s,1.78,2008,Panavision Lenses,Panavision Millennium / Millenium XL / XL2,Panavision C series,Panavision E series,IMAX MK-II Hasselblad Lenses,Panavision 40-80 (Bailey zoom - AWZ2),Panavision 70-200mm (ATZ),IMAX,IMAX-MSM 9802
1509	Moulin Rouge!	2024/01/01/261704113588.webp	dolly-shot	2001	dark,saturated
1510	Nike x End Clothing	2024/01/01/261704114041.webp	dolly-shot,object-portal	2020	exterior,orange,dolly
1511	Nike x End Clothing	2024/01/01/261704114079.webp	dolly-shot,object-portal	2020	night,interior,dusk,dark,orange,neon,dolly
1512	Nike x End Clothing	2024/01/01/261704114153.webp	color-shift,dolly-shot,surrealism	2020	Red,blue,interior,floral,dark,flowers,180 degree pan
1513	Nike x End Clothing	2024/01/01/261704114203.webp	dolly-shot,surrealism,transition	2020	Red,interior,floral,dark,flowers,train
1514	Nike x End Clothing	2024/01/01/261704114248.webp	dolly-shot,object-portal	2020	interior,wide,cyan
1515	Nike x End Clothing	2024/01/01/261704114292.webp	dolly-shot,object-portal	2020	Red,night,interior,dusk,orange,dolly,saturated,saturation,dolly shot
1516	KFC - Crunch Collective	2024/01/01/261704114992.webp	dolly-shot	2023	car,restaurant,interior,food,kfc
1517	KFC - Crunch Collective	2024/01/01/261704115097.webp	arc-movement,close-up	2023	Day,mustard,interior,food,honey,bun
1518	KFC - Crunch Collective	2024/01/01/261704115165.webp	cut-ins,slow-motion	2023	Day,interior,chicken
1519	KFC - Crunch Collective	2024/01/01/261704115256.webp	first-person-pov	2023	restaurant,interior,kfc,chicken,dip
1520	KFC - Crunch Collective	2024/01/01/261704115323.webp	split-screen	2023	restaurant,interior,kfc,chicken,dip
1521	KFC - Crunch Collective	2024/01/01/261704115384.webp	close-up,split-screen	2023	split screen,burger,food,cheese
1522	KFC - Crunch Collective	2024/01/01/261704115433.webp	fixed-camera,typography	2023	restaurant,food,kfc,tray
1523	Delta - Runways	2024/01/01/261704115957.webp	dolly-shot,match-cut	2018	Day,exterior,tree,match cut
1524	Delta - Runways	2024/01/01/261704116164.webp	dolly-shot,match-cut	2018	Day,night,bridge,exterior,sheep
1525	Delta - Runways	2024/01/01/261704116240.webp	dolly-shot,match-cut	2018	Day,dolly shot
1526	Delta - Runways	2024/01/01/261704116263.webp	dolly-shot,match-cut,probe-lens	2018	Day,dolly shot
1527	Delta - Runways	2024/01/01/261704116433.webp	dolly-shot,match-cut,probe-lens	2018	Day,dolly shot
1528	Delta - Runways	2024/01/01/261704116548.webp	dolly-shot,probe-lens	2018	water,pool,sky,probe,dolly shot,plane,floatie
1529	Delta - Runways	2024/01/01/261704116575.webp	tilt	2018	water,pool,sky,probe,dolly shot,plane,floatie
1531	Harley-Davidson: Breathe	2024/01/01/261704117468.webp	first-person-pov	2020	blue,dusk,film,motorcycle,16mm
1532	Harley-Davidson: Breathe	2024/01/01/261704117637.webp	zoom-in	2020	blue,dusk,film,motorcycle,16mm,sodium light,tunnel
1533	Harley-Davidson: Breathe	2024/01/01/261704117949.webp	close-up,fixed-camera,ground-shot	2020	close up,green,blue,dusk,film,motorcycle,16mm,sodium light,tunnel
1534	Harley-Davidson: Breathe	2024/01/01/261704118036.webp	fixed-camera,low-angle	2020	Day,blue,exterior,film,motorcycle,16mm
1535	Harley-Davidson: Breathe	2024/01/01/261704118101.webp	close-up	2020	close up,face,riding,helmet,motorcycle,16mm
1536	Harley-Davidson: Breathe	2024/01/01/261704118159.webp	first-person-pov	2020	Day,close up,green,forest,road,face,riding,exterior,helmet,motorcycle,16mm
1537	Lazy Susan	2024/01/01/261704118356.webp	overhead,tracking	2019	interior,table,overhead,food
1538	@zaim.fpv / IG	2024/01/01/261704118425.webp	fpv-drone		Day,exterior,train tracks
1539	@chinmayakotian / IG	2024/01/01/261704118472.webp	undercranking		night,hyperlapse,city
1540	Bonobo - No Reason	2024/01/01/261704118666.webp	dolly-shot,scale-shift	2017	Day,interior
1541	Bonobo - No Reason	2024/01/01/261704118766.webp	dolly-shot,scale-shift	2017	night,blue,interior
1542	Hallway GIF from The New Big Poppa E	2024/01/01/261704118872.webp	dolly-shot	2015	Day,interior,hallway
1543	@43lens / IG	2024/01/01/261704118958.webp	fpv-drone		Day,exterior
1544	First Hawaiian Bank - Dance Party	2024/01/01/261704119256.webp	dolly-shot,ultra-wide-zero-d	2022	Day,white,woman,interior,carpet,fan,living room
1545	First Hawaiian Bank - Dance Party	2024/01/01/261704119379.webp	ultra-wide-zero-d,whip-pan	2022	Day,woman,glasses,interior,dolly in,whip pan
1546	First Hawaiian Bank - Dance Party	2024/01/01/261704119427.webp	tracking	2022	night,back of head,interior,dark
1547	First Hawaiian Bank - Dance Party	2024/01/01/261704119471.webp	cut-ins,match-cut	2022	night,back of head,interior,dark,store
1548	First Hawaiian Bank - Dance Party	2024/01/01/261704119549.webp	fixed-camera,jump-cut	2022	Day,interior,record,vinyl,shop
1549	First Hawaiian Bank - Dance Party	2024/01/01/261704119635.webp	undercranking,fixed-camera,low-angle	2022	Day,interior,record,vinyl,shop
1550	First Hawaiian Bank - Dance Party	2024/01/01/261704119733.webp	camera-roll,undercranking,overhead	2022	interior,table,phones,credit card
1551	First Hawaiian Bank - Dance Party	2024/01/01/261704119828.webp	jump-cut,probe-lens,quick-cuts	2022	quick cuts,conveyor,food,probe lens,grocery store
1552	First Hawaiian Bank - Dance Party	2024/01/01/261704119924.webp	close-up,fixed-camera	2022	fixed camera,close up,credit card
1553	First Hawaiian Bank - Dance Party	2024/01/01/261704119983.webp	as-object	2022	pov,close up,interior,speaker
1554	First Hawaiian Bank - Dance Party	2024/01/01/261704120070.webp	fourth-wall	2022	Day,interior,speaker,glases
1555	First Hawaiian Bank - Dance Party	2024/01/01/261704120126.webp	close-up,probe-lens	2022	Day,interior,speaker,glases
1556	First Hawaiian Bank - Dance Party	2024/01/01/261704120187.webp	dolly-shot	2022	interior,dancing,club,group shot
1557	Ikea - Infinite Play	2024/01/01/261704120379.webp	dolly-shot	2022	woman,house,interior,rain,kitchen,warm white,living room,kid
1558	Ikea - Infinite Play	2024/01/01/261704120426.webp	dolly-shot,probe-lens	2022	woman,house,interior,rain,kitchen,warm white,living room,kid
1559	Hyerlapse clip from Daniel Perujo	2024/01/03/261704249894.webp	arc-movement,undercranking		Day,arc shot,exterior
1560	Hyperlapse clip by Kamil Przybylak	2024/01/03/261704251111.webp	undercranking	2022	Day,exterior,cool,overcast,architecture
1561	Hyperlapse clip by Kamil Przybylak	2024/01/03/261704251164.webp	undercranking	2022	Day,exterior,architecture,statue
1562	Hyperlapse clip by Kamil Przybylak	2024/01/03/261704251191.webp	undercranking	2022	Day,exterior,lamp,city,sign,architecture,post
1563	Hyperlapse clip by Kamil Przybylak	2024/01/03/261704251220.webp	undercranking	2022	Day,exterior,lamp,city,sign,architecture,post
1564	Hyperlapse clip by Kamil Przybylak	2024/01/03/261704251245.webp	architexture,undercranking	2022	Day,exterior,lamp,city,sign,architecture,post
1565	Hyperlapse clip by Kamil Przybylak	2024/01/03/261704251279.webp	undercranking	2022	Day,warm,exterior,city,town,street,clock,architecture
1566	Hyperlapse clip by Meghnath Maity	2024/01/03/261704254815.webp	undercranking	2023	Day,India,exterior,handheld
1567	Hyperlapse clip by Meghnath Maity	2024/01/03/261704255329.webp	undercranking,transition	2023	Day,India,exterior,handheld
1568	Typologies of New York City: A Crowdsourced Hyperlapse	2024/01/03/261704255598.webp	undercranking,shadow-box,tilt	2019	Day,exterior,photography,frenetic,manhattan
1569	Hyperlapse by Miftahul Nur	2024/01/03/261704255752.webp	undercranking	2023	Day,exterior,teal,turquoise,chair
1570	Fast motion clip from Nohyal	2024/01/03/261704256002.webp	undercranking		sunset,exterior
1571	Timeslice clip from Nohyal	2024/01/03/261704256342.webp	undercranking	2023	sunset,exterior,carousel
1572	Fast motion clip from Nohyal	2024/01/03/261704256696.webp	aerial,undercranking		sunset,exterior
1573	Fast motion clip from Nohyal	2024/01/03/261704256739.webp	aerial,undercranking		sunset,exterior
1574	TImelapse from Paul Wehden	2024/01/03/261704258909.webp	undercranking		Day,exterior,new york city,architecture
1575	Hyperlapse from Zak Kauth	2024/01/03/261704259340.webp	undercranking,speed-ramping	2023	Day,exterior
1576	Dubai Metro Infinity Hyperlapse	2024/01/03/261704259643.webp	undercranking	2023	night
1577	Hyperlapse by Matthew Vandeputte	2024/01/03/261704259741.webp	undercranking		Day,London,bridge,exterior,architecture
1578	Hyperlapse push in	2024/01/03/261704259791.webp	undercranking		Day,exterior
1579	Vaeda Black - Run Fast	2024/01/14/261705213351.webp	double-exposure,motion-blur,slit-scan	2019	motion blur,blur,music video,interior,justin leyba,jacobi mehringer,vaeda black
1580	Vaeda Black - Run Fast	2024/01/14/261705213209.webp	double-exposure,as-object	2019	woman,music video,blue,interior,cool,bathroom,justin leyba,jacobi mehringer,vaeda black,mirror shot
1581	Vaeda Black - Run Fast	2024/01/04/261704329156.webp	double-exposure	2019	woman,dark
1582	Vaeda Black - Run Fast	2024/01/04/261704329181.webp	double-exposure,glitch	2019	woman,interior,dark
1583	Last Night in Soho	2024/01/04/261704329283.webp	double-exposure,hard-light,light-flash	2021	interior,2021,Edgar Wright,dark,club,Panavision,alexa,ARRI ALEXA Mini,arri,2020s,last night in soho
1584	Charles Pieper - Jazavac Attack	2024/01/04/261704329399.webp	double-exposure	2002	close up,green
1585	Woodshock	2024/01/04/261704329820.webp	double-exposure	2017	woman,pink,interior
1586	Woodshock	2024/01/04/261704329854.webp	double-exposure	2017	water,dusk,lake,dark,reflection,flowers
1587	Woodshock	2024/01/04/261704329882.webp	double-exposure	2017	double exposure,woman,dark
1588	St. Vincent - Pay Your Way In Pain	2024/01/04/261704330071.webp	double-exposure	2021	double exposure,high contrast
1589	'Self Portrait' by Matthias Brown	2024/01/04/261704330180.webp	double-exposure	2013	white,woman,black and white
1590	Hereditary	2024/01/04/261704330475.webp	double-exposure	2018	Red,Alex Wolff,hereditary
1591	The Autopsy of Jane Doe	2024/01/04/261704330645.webp	typography	2016	overhead
1592	It	2024/01/04/261704330715.webp	typography	2017	first person
1593	Get Out	2024/01/04/261704330849.webp	typography	2017	dark,title card,void
1594	The Conjuring	2024/01/04/261704331025.webp	typography	2013	dark,title card,void
1595	Lulu for Calvin Klein	2024/01/04/261704331192.webp	double-exposure,step-printing	2017	Day,blur,forest,exterior
1596	A$AP Rocky - Fukk Sleep	2024/01/04/261704331574.webp	double-exposure	2018	Red,interior,dark,a$ap,fka twigs
1597	Made by Kristina Sharabinskaia	2024/01/04/261704331657.webp	double-exposure,masking		surrealist,void
1598	American Eagle Outfitters - Denim X (Director’s Cut)	2024/01/04/261704331941.webp	masking	2015	Day,profile,exterior,minimalist
1599	American Eagle Outfitters - Denim X (Director’s Cut)	2024/01/04/261704332087.webp	masking	2015	Day,profile,exterior,minimalist
1600	American Eagle Outfitters - Denim X (Director’s Cut)	2024/01/04/261704332110.webp	masking	2015	Day,profile,exterior,minimalist
1601	American Eagle Outfitters - Denim X (Director’s Cut)	2024/01/04/261704332196.webp	masking	2015	Day,profile,exterior,minimalist
1602	American Eagle Outfitters - Denim X (Director’s Cut)	2024/01/04/261704332232.webp	masking	2015	Day,profile,exterior,minimalist
1603	American Eagle Outfitters - Denim X (Director’s Cut)	2024/01/04/261704332276.webp	masking	2015	Day,nature,two shot,exterior,minimalist
1604	Double exposure art by Jo Bey	2024/01/04/261704332689.webp	masking	2018	Male,close up,profile
1605	Double exposure art by Jo Bey	2024/01/04/261704332718.webp	masking	2018	woman,close up,studio,medium
1606	Double exposure art by Jo Bey	2024/01/04/261704332738.webp	masking	2018	woman,close up,sunset,studio,medium,timelapse
1607	The Peach Kings - Be Around	2024/01/04/261704332849.webp	masking	2014	studio,abstract,orange,minimalism
1608	The Peach Kings - Be Around	2024/01/04/261704332910.webp	masking	2014	studio,abstract,orange,warm white,minimalism
1609	Mulholland Drive	2024/01/04/261704333046.webp	double-exposure	2001	woman,driving,dusk,sunset,exterior,looking up,palm trees
1610	Barstool Preachers - Above The Static	2024/01/04/261704333151.webp	projections		night,black and white,exterior
1611	Collage Clip by iosonof	2024/01/04/261704333323.webp	collage,masking	2016	studio,muted
1612	Collage Clip by iosonof	2024/01/04/261704333390.webp	collage,masking,two-shot	2016	couple,two shot,muted
1613	Collage Clip by iosonof	2024/01/04/261704333430.webp	collage,masking,two-shot	2016	couple,two shot,50s,vintage,retro,kiss
1614	Collage Clip by iosonof	2024/01/04/261704333472.webp	collage,double-exposure	2016	water,woman,nature,two shot,waterfull
1615	Collage Clip by iosonof	2024/01/04/261704333555.webp	collage,masking	2016	water,black and white,exterior,dark,black,waterfall
1616	Clip by Said Dagdeviren	2024/01/04/261704333680.webp	masking		white,bear,void
1617	Clip by Said Dagdeviren	2024/01/04/261704333717.webp	masking		bear,trash,pollution
1618	Clip by Said Dagdeviren	2024/01/04/261704333739.webp	masking		white,forest,studio,void,hiking,whale
1620	Source unknown	2024/01/04/261704334033.webp	double-exposure		Day,exterior
1621	Travis Scott - 90210	2024/01/04/261704334160.webp	double-exposure	2022	dark,saturated
1622	Metronomy & Katy J Pearson's - Love Factory (2022)	2024/01/04/261704334292.webp	double-exposure	2022	dusk,purple,sunset
1623	Metronomy & Katy J Pearson's - Love Factory (2022)	2024/01/04/261704334370.webp	void	2022	surreal,black,void,stars
1624	Metronomy & Katy J Pearson's - Love Factory (2022)	2024/01/04/261704334663.webp	stylistic-suck,two-shot,void	2022	surreal,black,void,stars
1625	Metronomy & Katy J Pearson's - Love Factory (2022)	2024/01/04/261704334535.webp	double-exposure	2022	woman,dusk,sky,sunset,dark
1626	Metronomy & Katy J Pearson's - Love Factory (2022)	2024/01/04/261704334615.webp	profile-shot,two-shot	2022	woman,walking,night,dark,side
1627	Metronomy & Katy J Pearson's - Love Factory (2022)	2024/01/04/261704334765.webp	profile-shot,two-shot	2022	woman,soft focus,interior,hard light
1628	Metronomy & Katy J Pearson's - Love Factory (2022)	2024/01/04/261704334807.webp	spotlight	2022	night,spotlight,wide,hard light
1629	Metronomy & Katy J Pearson's - Love Factory (2022)	2024/01/04/261704334913.webp	conveyor,masking,void	2022	night,spotlight,wide,hard light
1630	Metronomy & Katy J Pearson's - Love Factory (2022)	2024/01/04/261704334978.webp	masking,profile-shot,spotlight,void	2022	woman,profile,spotlight,wide,hard light
1631	Metronomy & Katy J Pearson's - Love Factory (2022)	2024/01/04/261704335038.webp	stylistic-suck,tracking	2022	walking,sunset,saturation
1632	Elderbrook - Why Do We Shake In The Cold?	2024/01/04/261704341643.webp	omnidirectional	2020	Day,interior,large room,360
1633	Elderbrook - Why Do We Shake In The Cold?	2024/01/04/261704341799.webp	pass-through,probe-lens	2020	Day,interior,large room,360
1634	Elderbrook - Why Do We Shake In The Cold?	2024/01/04/261704341882.webp	omnidirectional	2020	Day,interior,large room,360
1635	Elderbrook - Why Do We Shake In The Cold?	2024/01/04/261704341923.webp	omnidirectional	2020	Day,interior,large room,360
1636	Elderbrook - Why Do We Shake In The Cold?	2024/01/04/261704341972.webp	omnidirectional	2020	Day,interior,large room,360
1637	Elderbrook - Why Do We Shake In The Cold?	2024/01/04/261704342016.webp	light-flash,overhead	2020	Day,interior,large room,360
1638	Elderbrook - Why Do We Shake In The Cold?	2024/01/04/261704342082.webp	camera-roll,light-flash,overhead	2020	Day,interior,large room,360
1639	Elderbrook - Why Do We Shake In The Cold?	2024/01/04/261704342160.webp	omnidirectional	2020	Day,interior,large room,360
1640	Elderbrook - Why Do We Shake In The Cold?	2024/01/04/261704342223.webp	light-flash,spotlight	2020	Day,interior,large room,360
1641	Elderbrook - Why Do We Shake In The Cold?	2024/01/04/261704342253.webp	camera-roll,overhead,spotlight	2020	Day,interior,large room,360
1642	Elderbrook - Why Do We Shake In The Cold?	2024/01/04/261704342617.webp	spotlight,void	2020	light,dark,black
1644	Elderbrook - Why Do We Shake In The Cold?	2024/01/04/261704342670.webp	spotlight,tilt,ultra-wide-zero-d	2020	interior,hands,large room,choreography,dance
1645	Elderbrook - Why Do We Shake In The Cold?	2024/01/04/261704342798.webp	dolly-shot,low-angle	2020	interior,hands,large room,choreography,dance
1646	ASAHI — The Unusual	2024/01/04/261704364531.webp	ground-shot,tracking	2022	feet,walking,interior,dark,heels
1647	ASAHI — The Unusual	2024/01/04/261704364614.webp	object-portal	2022	bar,window,city,aerial
1648	ASAHI — The Unusual	2024/01/04/261704365041.webp	aerial,camera-roll,fpv-drone	2022	sunset,city,dutch,aerial
1649	ASAHI — The Unusual	2024/01/04/261704365360.webp	object-portal	2022	Animation,exterior,train,city,phone
1650	ASAHI — The Unusual	2024/01/04/261704365455.webp	aerial,fpv-drone	2022	Animation,exterior,city
1651	ASAHI — The Unusual	2024/01/04/261704365553.webp	traditional,match-cut	2022	blue,interior,fashion,dutch angle,runway
1652	It's a Wimbledon Thing	2024/01/04/261704365869.webp	void	2021	sports,interior,grass,dark,surrealism,golf
1653	It's a Wimbledon Thing	2024/01/04/261704365953.webp	transition	2021	sports,grass,black,void,tennis,bowling
1654	It's a Wimbledon Thing	2024/01/04/261704366033.webp	transition	2021	Day,exterior
1655	It's a Wimbledon Thing	2024/01/04/261704366112.webp	overhead,transition	2021	phone
1656	It's a Wimbledon Thing	2024/01/04/261704366196.webp	as-object	2021	warm,interior,group
1657	It's a Wimbledon Thing	2024/01/04/261704366347.webp	as-object	2021	night,interior,dark,fridge
1658	It's a Wimbledon Thing	2024/01/04/261704366512.webp	fixed-camera	2021	Day,bike,exterior,biking
1659	It's a Wimbledon Thing	2024/01/04/261704366649.webp	transition	2021	vintage,retro,television
1660	JAWNY - adios	2024/01/04/261704367318.webp	arc-movement,fpv-drone	2022	Day,Red,car,exterior,drifting
1661	JAWNY - adios	2024/01/04/261704367341.webp	fpv-drone	2022	Day,Red,car,exterior,drifting
1662	@todd.fpv / IG	2024/01/04/261704367811.webp	fpv-drone		Day,exterior
1663	Indonesia FPV: Bali & Java	2024/01/04/261704368399.webp	aerial,fpv-drone	2022	exterior,mountain,fog,mist
1664	Indonesia FPV: Bali & Java	2024/01/04/261704368478.webp	aerial,fpv-drone	2022	Day,sunset,exterior
1665	Indonesia FPV: Bali & Java	2024/01/04/261704368535.webp	aerial,fpv-drone	2022	Day,nature,exterior,mountain,jungle,sunrise
1666	Indonesia FPV: Bali & Java	2024/01/04/261704368615.webp	aerial,fpv-drone	2022	Day,water,nature,exterior,mountain,jungle,sunrise,mist,waterfall
1667	Indonesia FPV: Bali & Java	2024/01/04/261704368663.webp	aerial,fpv-drone	2022	Day,exterior,trees,flipped
1668	Indonesia FPV: Bali & Java	2024/01/04/261704368739.webp	arc-movement,fpv-drone,low-angle	2022	Day,low angle,exterior,trees
1669	Indonesia FPV: Bali & Java	2024/01/04/261704368885.webp	fpv-drone	2022	Day,water,sunset,ocean,exterior,drone
1670	Indonesia FPV: Bali & Java	2024/01/04/261704368969.webp	aerial,fpv-drone	2022	Day,water,beach,sand,ocean,aerial
1671	Indonesia FPV: Bali & Java	2024/01/04/261704369031.webp	arc-movement,fpv-drone	2022	Day,sunset,ocean,exterior,surfing
1672	Indonesia FPV: Bali & Java	2024/01/04/261704369077.webp	arc-movement,fpv-drone	2022	Day,sunset,ocean,exterior,surfing
1673	Unknown source	2024/01/04/261704369273.webp	arc-movement,fpv-drone		car,arc shot
1674	FPV clip from David Friday	2024/01/04/261704369409.webp	aerial,fpv-drone		Day,house,exterior,snow
1675	FPV clip from Mateusz Wiśniewski	2024/01/04/261704369548.webp	fpv-drone		Day,car,exterior,race
1676	FPV clip from Martin Zeman	2024/01/04/261704369684.webp	fpv-drone		Day,exterior,flowers,field
1677	© Martin Zeman  / IG	2024/01/04/261704369791.webp	fpv-drone		Day,green,exterior,field
1678	IG / @the.vantage.point	2024/01/04/261704369836.webp	aerial,overhead		overhead
1679	Artist — Lina____ / Reddit	2024/01/04/261704370008.webp	pixel-art		Animation,night,purple,exterior,64 bit,pixel,32 bit
1680	Artist: Vampirebil / Reddit	2024/01/04/261704370135.webp	pixel-art		night,blue,exterior,dark,16 bit
1681	Artist: GrandMasterSubZero / Reddit	2024/01/04/261704370174.webp	pixel-art		restaurant,night,interior,purple,bar,dark,rain,16 bit
1682	'Retro Pixel Rain' by 4kr0w	2024/01/04/261704370261.webp	pixel-art		night,purple,exterior,dark,future,rain
1683	Artist - Justin Gammon	2024/01/04/261704370473.webp	pixel-art		Day,trucking,running,exterior,food,16 bit,hamburger
1684	Artist: galamotshaku / Giphy	2024/01/04/261704370559.webp	pixel-art		purple
1685	Artist: Marie Spénale	2024/01/04/261704370596.webp	pixel-art		interior,window,rain,muted,duotone,lightening
1686	Artist - Ioana Sopov	2024/01/04/261704370641.webp	pixel-art		night,exterior,dark,rain
1687	Artist - Sabato Visconti	2024/01/04/261704370683.webp	pixel-art		Red,Explosion,fire,orange,16 bit,blast
1688	Artist: Luis Miguel	2024/01/04/261704370802.webp	pixel-art		green,screen
1689	Artist - Swimming Airplane	2024/01/04/261704370848.webp	pixel-art		night,exterior,dark,rain
1690	Studio - Raw Fury	2024/01/04/261704370929.webp	pixel-art		Day,exterior,64 bit
1691	Studio - Raw Fury	2024/01/04/261704370981.webp	pixel-art		Day,exterior,64 bit
1692	Studio - Raw Fury	2024/01/04/261704371003.webp	pixel-art		Day,exterior,64 bit
1693	Studio - Xbox	2024/01/04/261704371136.webp	pixel-art,typography		
1694	Studio - Dumativa	2024/01/04/261704371194.webp	floating,pixel-art		night,exterior,dark
1695	Artist - RubyRod	2024/01/04/261704371236.webp	pixel-art		
1696	Artist - Justin Gammon	2024/01/04/261704371280.webp	pixel-art		food,16 bit,hamburger
1697	Artist - Justin Gammon	2024/01/04/261704371304.webp	pixel-art		yellow,food,16 bit,pancake
1698	Artist - Justin Gammon	2024/01/04/261704371336.webp	pixel-art		trucking,restaurant,food,16 bit,pancake
1699	Artist - Justin Gammon	2024/01/04/261704371399.webp	pixel-art		food,64 bit,hamburger,robot
1700	Artist - Justin Gammon	2024/01/04/261704371448.webp	pixel-art		Day,trucking,racing,16 bit
1701	Artist - Justin Gammon	2024/01/04/261704371475.webp	pixel-art		yellow,16 bit,pancake
1702	Artist - hAyDiRoKeT	2024/01/04/261704371693.webp	pixel-art		night,bar,rain,fight,32 bit
1703	Artist - Paatrice / Giphy	2024/01/04/261704371745.webp	pixel-art		Day,car,32 bit
1704	Artist - hAyDiRoKeT	2024/01/04/261704371792.webp	pixel-art		Red,walking,8 bit
1705	Artist - hAyDiRoKeT	2024/01/04/261704371829.webp	pixel-art		black and white,8 bit
1706	Breaking Bad (TV Series)	2024/01/04/261704372086.webp	fixed-camera	2011	house,interior,vacuum,roomba
1707	Breaking Bad (TV Series)	2024/01/04/261704372121.webp	low-angle	2011	Day,car,interior,trunk
1708	Breaking Bad (TV Series)	2024/01/04/261704372233.webp	low-angle,as-object,underwater	2011	Day,low angle,underwater,interior,bathroom,toilet,bryan cranston
1709	Breaking Bad (TV Series)	2024/01/04/261704372292.webp	as-object	2011	interior
1710	Breaking Bad (TV Series)	2024/01/04/261704372337.webp	low-angle	2011	interior,cash,bryan cranston
1711	Breaking Bad (TV Series)	2024/01/04/261704372378.webp	low-angle,as-object,underwater	2011	woman,underwater,interior
1712	Breaking Bad (TV Series)	2024/01/04/261704372408.webp	as-object	2011	pov,washing machine
1713	Source unknown	2024/01/04/261704372602.webp	as-object		woman,sports,interior,dark,basketball
1714	Source Unknown	2024/01/04/261704372758.webp	as-object		sports,field,soccer,stadium
1715	Nike - Never Settle. Never Done	2024/01/04/261704372822.webp	camera-roll	2022	Day,interior,girl,soccer
1716	St. Louis City FC - The City Kit Is Here	2024/01/04/261704372919.webp	ground-shot,object-portal	2022	Day,sports,exterior,soccer
1717	Source unknown	2024/01/04/261704372991.webp	as-object,worms-eye		cd
1718	Facebook Groups - Self Care with Becky G	2024/01/04/261704374050.webp	camera-roll,as-object	2021	Day,car,exterior
1719	Facebook Groups - Self Care with Becky G	2024/01/04/261704373506.webp	zoom-in	2021	Day,car,exterior
1720	Facebook Groups - Self Care with Becky G	2024/01/04/261704373863.webp	screen-in-screen	2021	car,night,phone
1721	Facebook Groups - Self Care with Becky G	2024/01/04/261704373928.webp	low-angle	2021	green,night,interior,dark
1722	Facebook Groups - Self Care with Becky G	2024/01/04/261704373991.webp	fixed-camera	2021	car,driving,night,dark,neon,roar
1723	Facebook Groups - Self Care with Becky G	2024/01/04/261704374166.webp	ultra-wide-zero-d	2021	Day,ice cream
1724	Facebook Groups - Self Care with Becky G	2024/01/04/261704374234.webp	stylistic-suck	2021	
1725	Facebook Groups - Self Care with Becky G	2024/01/04/261704374282.webp	transition	2021	instagram,phone,makeup
1726	Source Unknown	2024/01/04/261704374437.webp	fourth-wall		car,driving,night,new york city
1727	New HD SKIN Foundation | Make up For Ever	2024/01/04/261704374575.webp	fisheye,fixed-camera	2022	
1728	Valaire - (She's A) Winner (Ft. Alan Prater)	2024/01/04/261704374814.webp	first-person-pov	2023	pov,restaurant,food
1729	Titanic	2024/01/04/261704375141.webp	first-person-pov	1997	James Cameron,Leonardo DiCaprio,dancing
1730	Discovery Plus - Olympics	2024/02/14/261707950292.webp	first-person-pov	2021	running,sports,track
1731	Discovery Plus - Olympics	2024/01/04/261704375324.webp	first-person-pov	2021	sports,olympics
1732	Dream Corp LLC	2024/01/04/261704375481.webp	trip,first-person-pov	2016	blur,interior,trip
1733	Asteroid City	2024/01/04/261704382930.webp	fourth-wall,set-transition,spotlight,void	2023	Wes Anderson,studio,black and white,sepia,black,2.39 anamorphic,film 35mm,Zeiss Master Anamorphics,Cooke S4/ i,Arricam LT,Arricam ST,bryan cranston
1734	Asteroid City	2024/01/04/261704382987.webp	dolly-shot,spotlight,void	2023	Wes Anderson,studio,black and white,black,2.39 anamorphic,film 35mm,Zeiss Master Anamorphics,Cooke S4/ i,Arricam LT,Arricam ST,bryan cranston
1735	Asteroid City	2024/01/04/261704383018.webp	fourth-wall,spotlight,void	2023	Wes Anderson,studio,black and white,black,2.39 anamorphic,film 35mm,Zeiss Master Anamorphics,Cooke S4/ i,Arricam LT,Arricam ST,bryan cranston
1736	Asteroid City	2024/01/04/261704383053.webp	tableau-shots,zoom-in	2023	Wes Anderson,black and white,2.39 anamorphic,film 35mm,Zeiss Master Anamorphics,Cooke S4/ i,Arricam LT,Arricam ST,high angle,bryan cranston,stage
1737	Asteroid City	2024/01/04/261704383198.webp	spotlight,wide-shot,zoom-in	2023	Wes Anderson,black and white,2.39 anamorphic,film 35mm,Zeiss Master Anamorphics,Cooke S4/ i,Arricam LT,Arricam ST,high angle,bryan cranston,stage
1738	Asteroid City	2024/01/04/261704383383.webp	pan,spotlight	2023	Wes Anderson,black and white,spotlight,sepia,2.39 anamorphic,film 35mm,Zeiss Master Anamorphics,Cooke S4/ i,Arricam LT,Arricam ST,stage
1739	Asteroid City	2024/01/04/261704383450.webp	two-shot,wide-shot	2023	Wes Anderson,black and white,spotlight,sepia,2.39 anamorphic,film 35mm,Zeiss Master Anamorphics,Cooke S4/ i,Arricam LT,Arricam ST,stage
1740	Asteroid City	2024/01/04/261704383512.webp	pedestal,vhs	2023	Wes Anderson,black and white,spotlight,sepia,2.39 anamorphic,film 35mm,Zeiss Master Anamorphics,Cooke S4/ i,Arricam LT,Arricam ST,stage
1741	Asteroid City	2024/01/04/261704383555.webp	overhead,spotlight,tilt	2023	Wes Anderson,black and white,spotlight,sepia,2.39 anamorphic,film 35mm,Zeiss Master Anamorphics,Cooke S4/ i,Arricam LT,Arricam ST,stage
1742	Asteroid City	2024/01/04/261704383591.webp	dolly-shot	2023	Wes Anderson,black and white,spotlight,sepia,2.39 anamorphic,film 35mm,Zeiss Master Anamorphics,Cooke S4/ i,Arricam LT,Arricam ST,stage
1743	Asteroid City	2024/01/04/261704383650.webp	dolly-shot,two-shot	2023	Wes Anderson,black and white,sepia,2.39 anamorphic,film 35mm,Zeiss Master Anamorphics,Cooke S4/ i,Arricam LT,Arricam ST
1744	Asteroid City	2024/01/04/261704383687.webp	spotlight	2023	Wes Anderson,black and white,sepia,2.39 anamorphic,film 35mm,Zeiss Master Anamorphics,Cooke S4/ i,Arricam LT,Arricam ST
1745	Asteroid City	2024/01/04/261704383819.webp	overhead,typography	2023	Wes Anderson,train,title,typography,saturated,2.39 anamorphic,film 35mm,Zeiss Master Anamorphics,Cooke S4/ i,Arricam LT,Arricam ST,cyan,title card,pantone,font
1746	Asteroid City	2024/01/04/261704383883.webp	pan	2023	Day,Wes Anderson,exterior,saturated,2.39 anamorphic,film 35mm,Zeiss Master Anamorphics,Cooke S4/ i,desert,Arricam LT,Arricam ST,pan,cyan
1747	Asteroid City	2024/01/04/261704383946.webp	split-screen	2023	Day,Wes Anderson,exterior,saturated,2.39 anamorphic,film 35mm,Zeiss Master Anamorphics,Cooke S4/ i,desert,Arricam LT,Arricam ST,pan,cyan
1748	Asteroid City	2024/01/04/261704384103.webp	conveyor	2023	Day,Wes Anderson,exterior,saturated,2.39 anamorphic,film 35mm,Zeiss Master Anamorphics,Cooke S4/ i,desert,Arricam LT,Arricam ST,pan,cyan
1749	Asteroid City	2024/01/04/261704384055.webp	split-screen	2023	Day,Wes Anderson,exterior,saturated,2.39 anamorphic,film 35mm,Zeiss Master Anamorphics,Cooke S4/ i,desert,Arricam LT,Arricam ST,pan,phone,cyan
1750	Asteroid City	2024/01/04/261704384177.webp	conveyor	2023	Wes Anderson,cowboy,2.39 anamorphic,film 35mm,Zeiss Master Anamorphics,Cooke S4/ i,desert,Arricam LT,Arricam ST,sun,vending machine
1751	Asteroid City	2024/01/04/261704384220.webp	tableau-shots	2023	Wes Anderson,2.39 anamorphic,film 35mm,Zeiss Master Anamorphics,Cooke S4/ i,desert,Arricam LT,Arricam ST,sun,vending machine
1752	Asteroid City	2024/01/04/261704384303.webp	first-person-pov,spotlight,wide-shot	2023	Wes Anderson,studio,black and white,2.39 anamorphic,film 35mm,Zeiss Master Anamorphics,Cooke S4/ i,Arricam LT,Arricam ST,bryan cranston
1753	Asteroid City	2024/01/04/261704384340.webp	first-person-pov,fourth-wall,wide-shot	2023	Wes Anderson,studio,black and white,2.39 anamorphic,film 35mm,Zeiss Master Anamorphics,Cooke S4/ i,Arricam LT,Arricam ST,bryan cranston
1754	Asteroid City	2024/01/04/261704384449.webp	spotlight,trucking	2023	trucking,walking,Wes Anderson,interior,black and white,spotlight,2.39 anamorphic,film 35mm,Zeiss Master Anamorphics,Cooke S4/ i,Arricam LT,Arricam ST
1755	Asteroid City	2024/01/04/261704384488.webp	spotlight,tracking	2023	walking,Wes Anderson,interior,black and white,spotlight,tracking,2.39 anamorphic,film 35mm,Zeiss Master Anamorphics,Cooke S4/ i,Arricam LT,Arricam ST
1756	Asteroid City	2024/01/04/261704384537.webp	pedestal	2023	Day,Wes Anderson,exterior,saturated,2.39 anamorphic,film 35mm,Zeiss Master Anamorphics,Cooke S4/ i,desert,Arricam LT,Arricam ST,cyan
1757	Asteroid City	2024/01/04/261704384570.webp	dolly-shot	2023	Day,Wes Anderson,exterior,saturated,2.39 anamorphic,film 35mm,Zeiss Master Anamorphics,Cooke S4/ i,desert,Arricam LT,Arricam ST,cyan
1758	Asteroid City	2024/01/04/261704384601.webp	pan	2023	Day,Wes Anderson,exterior,saturated,2.39 anamorphic,film 35mm,Zeiss Master Anamorphics,Cooke S4/ i,desert,Arricam LT,Arricam ST,cyan
1759	Asteroid City	2024/01/04/261704384635.webp	lazy-susan	2023	Day,Wes Anderson,exterior,saturated,2.39 anamorphic,film 35mm,Zeiss Master Anamorphics,Cooke S4/ i,desert,Arricam LT,Arricam ST,cyan
1760	Asteroid City	2024/01/04/261704384688.webp	conveyor	2023	Day,Wes Anderson,exterior,saturated,2.39 anamorphic,film 35mm,Zeiss Master Anamorphics,Cooke S4/ i,desert,Arricam LT,Arricam ST,cyan
1761	Asteroid City	2024/01/04/261704384718.webp	tilt	2023	Day,Wes Anderson,exterior,saturated,2.39 anamorphic,film 35mm,Zeiss Master Anamorphics,Cooke S4/ i,desert,Arricam LT,Arricam ST,cyan
1762	Asteroid City	2024/01/04/261704384761.webp	lazy-susan	2023	Day,Wes Anderson,exterior,saturated,2.39 anamorphic,film 35mm,Zeiss Master Anamorphics,Cooke S4/ i,desert,Arricam LT,Arricam ST,cyan
1763	Asteroid City	2024/01/04/261704384802.webp	dolly-zoom	2023	Day,Wes Anderson,exterior,saturated,2.39 anamorphic,film 35mm,Zeiss Master Anamorphics,Cooke S4/ i,desert,Arricam LT,Arricam ST,cyan
1764	Asteroid City	2024/01/04/261704384832.webp	lazy-susan	2023	Day,Wes Anderson,exterior,saturated,2.39 anamorphic,film 35mm,Zeiss Master Anamorphics,Cooke S4/ i,desert,Arricam LT,Arricam ST,cyan
1765	Asteroid City	2024/01/04/261704384858.webp	worms-eye	2023	Day,Wes Anderson,exterior,saturated,2.39 anamorphic,film 35mm,Zeiss Master Anamorphics,Cooke S4/ i,desert,Arricam LT,Arricam ST,cyan
1766	Asteroid City	2024/01/04/261704384900.webp	color-shift,overhead,zoom-in	2023	Day,Wes Anderson,exterior,saturated,2.39 anamorphic,film 35mm,Zeiss Master Anamorphics,Cooke S4/ i,desert,Arricam LT,Arricam ST,cyan
1767	Asteroid City	2024/01/04/261704384948.webp	pan	2023	green,night,Wes Anderson,exterior,2.39 anamorphic,film 35mm,Zeiss Master Anamorphics,Cooke S4/ i,Arricam LT,Arricam ST
1768	Asteroid City	2024/01/04/261704385084.webp	conveyor	2023	Wes Anderson,studio,black and white,2.39 anamorphic,film 35mm,Zeiss Master Anamorphics,Cooke S4/ i,Arricam LT,Arricam ST
1769	Asteroid City	2024/01/04/261704385177.webp	conveyor,fourth-wall	2023	Wes Anderson,studio,black and white,2.39 anamorphic,film 35mm,Zeiss Master Anamorphics,Cooke S4/ i,Arricam LT,Arricam ST
1770	Asteroid City	2024/01/04/261704385220.webp	conveyor	2023	Day,gold,Wes Anderson,interior,2.39 anamorphic,film 35mm,Zeiss Master Anamorphics,Cooke S4/ i,desert,Arricam LT,Arricam ST,cyan
1771	Asteroid City	2024/01/04/261704385291.webp	pedestal,wide-shot	2023	Day,gold,Wes Anderson,interior,2.39 anamorphic,film 35mm,Zeiss Master Anamorphics,Cooke S4/ i,desert,Arricam LT,Arricam ST,cyan
1772	Asteroid City	2024/01/04/261704385337.webp	dolly-shot	2023	Day,gold,Wes Anderson,2.39 anamorphic,film 35mm,Zeiss Master Anamorphics,Cooke S4/ i,desert,Arricam LT,Arricam ST,cyan
1773	Asteroid City	2024/01/04/261704385361.webp	overhead	2023	Day,gold,Wes Anderson,2.39 anamorphic,film 35mm,Zeiss Master Anamorphics,Cooke S4/ i,desert,Arricam LT,Arricam ST,cyan
1774	Asteroid City	2024/01/04/261704385421.webp	cut-ins,low-angle	2023	Day,gold,Wes Anderson,interior,cool,2.39 anamorphic,film 35mm,Zeiss Master Anamorphics,Cooke S4/ i,desert,Arricam LT,Arricam ST,cyan,telescope
1775	Asteroid City	2024/01/04/261704385442.webp	overhead	2023	Day,gold,Wes Anderson,interior,cool,2.39 anamorphic,film 35mm,Zeiss Master Anamorphics,Cooke S4/ i,desert,Arricam LT,Arricam ST,cyan,telescope
1776	Asteroid City	2024/01/04/261704385485.webp	fixed-camera,high-angle	2023	Day,gold,Wes Anderson,interior,cool,2.39 anamorphic,film 35mm,Zeiss Master Anamorphics,Cooke S4/ i,desert,Arricam LT,Arricam ST,cyan,telescope
1777	Asteroid City	2024/01/04/261704385549.webp	conveyor,fourth-wall	2023	Day,gold,Wes Anderson,interior,cool,2.39 anamorphic,film 35mm,Zeiss Master Anamorphics,Cooke S4/ i,desert,Arricam LT,Arricam ST,cyan,telescope
1778	Asteroid City	2024/01/04/261704385597.webp	trucking	2023	Day,gold,Wes Anderson,interior,cool,2.39 anamorphic,film 35mm,Zeiss Master Anamorphics,Cooke S4/ i,desert,Arricam LT,Arricam ST,cyan,telescope
1779	Asteroid City	2024/01/04/261704385638.webp	split-screen	2023	night,Wes Anderson,interior,2.39 anamorphic,film 35mm,Zeiss Master Anamorphics,Cooke S4/ i,Arricam LT,Arricam ST,phone,kitchen
1780	Asteroid City	2024/01/04/261704385683.webp	fourth-wall	2023	Wes Anderson,black and white,2.39 anamorphic,film 35mm,Zeiss Master Anamorphics,Cooke S4/ i,Arricam LT,Arricam ST,bryan cranston,stage
1781	Asteroid City	2024/01/04/261704385709.webp	dolly-shot,tableau-shots	2023	Wes Anderson,black and white,2.39 anamorphic,film 35mm,Zeiss Master Anamorphics,Cooke S4/ i,Arricam LT,Arricam ST,bryan cranston,stage
1782	Asteroid City	2024/01/04/261704385764.webp	spotlight,tableau-shots	2023	Wes Anderson,spotlight,2.39 anamorphic,film 35mm,Zeiss Master Anamorphics,Cooke S4/ i,Arricam LT,Arricam ST
1783	Asteroid City	2024/01/04/261704385803.webp	conveyor	2023	Wes Anderson,interior,black and white,2.39 anamorphic,film 35mm,Zeiss Master Anamorphics,Cooke S4/ i,Arricam LT,Arricam ST
1784	Asteroid City	2024/01/04/261704385841.webp	whip-pan	2023	Wes Anderson,interior,black and white,2.39 anamorphic,film 35mm,Zeiss Master Anamorphics,Cooke S4/ i,Arricam LT,Arricam ST
1785	Asteroid City	2024/01/04/261704385908.webp	conveyor,fourth-wall	2023	Wes Anderson,black and white,2.39 anamorphic,film 35mm,Zeiss Master Anamorphics,Cooke S4/ i,Arricam LT,Arricam ST,bryan cranston
1786	Asteroid City	2024/01/04/261704385948.webp	as-object,two-shot,worms-eye	2023	Wes Anderson,2.39 anamorphic,film 35mm,Zeiss Master Anamorphics,Cooke S4/ i,Arricam LT,Arricam ST
1787	Asteroid City	2024/01/04/261704386076.webp	dutch-angle,spotlight	2023	Wes Anderson,2.39 anamorphic,film 35mm,Zeiss Master Anamorphics,Cooke S4/ i,Arricam LT,Arricam ST
1788	Asteroid City	2024/01/04/261704386123.webp	dutch-angle,spotlight	2023	Wes Anderson,2.39 anamorphic,film 35mm,Zeiss Master Anamorphics,Cooke S4/ i,Arricam LT,Arricam ST
1789	Asteroid City	2024/01/04/261704386166.webp	spotlight,tableau-shots	2023	Wes Anderson,2.39 anamorphic,film 35mm,Zeiss Master Anamorphics,Cooke S4/ i,Arricam LT,Arricam ST
1790	Young Sheldon (TV Series)	2024/01/05/261704497146.webp	dolly-shot,overhead	2017	road,driving,night,exterior,ARRI ALEXA Mini,Angenieux Optimo,Cooke S4 Prime
1791	Clip from Mikhail Parkhomenko	2024/01/06/261704507561.webp	omnidirectional		Day,exterior
1792	Clip from Mikhail Parkhomenko	2024/01/06/261704507686.webp	camera-roll,fpv-drone		car,interior,dark,reflection
1793	Clip from Mikhail Parkhomenko	2024/01/06/261704507761.webp	breakdown		car,interior,studio,green screen
1794	Clip from Mikhail Parkhomenko	2024/01/06/261704507795.webp	fourth-wall		anger,exterior,phone,set,horse,viking,warrior
1795	Clip from Mikhail Parkhomenko	2024/01/06/261704507835.webp	object-portal		colorful,dolly,saturated,hula hoop
1796	Clip from Mikhail Parkhomenko	2024/01/06/261704507936.webp	overhead,tracking		interior,dark,muted
1797	Clip from Mikhail Parkhomenko	2024/01/06/261704507995.webp	zoom-in		night,interior,digital,clock,gym,time
1798	Clip from Mikhail Parkhomenko	2024/01/06/261704508060.webp	breakdown		car,clouds,exterior,super zoom,high angle,aerial,megaphone,parking lot,car lot,car dealership
1799	Clip from Mikhail Parkhomenko	2024/01/06/261704508113.webp	slit-scan		teal,one shot
1800	Clip from Mikhail Parkhomenko	2024/01/06/261704508223.webp	fourth-wall,overhead		duplication,instagram,iphone,cloning
1801	Clip from Mikhail Parkhomenko	2024/01/06/261704508312.webp	slit-scan		interior,dancing,slow motion,choreography
1802	Clip from Mikhail Parkhomenko	2024/01/06/261704508347.webp	slit-scan		green,running,slow motion,slit scan,pattern,lines,ski mask
1803	Clip from Mikhail Parkhomenko	2024/01/06/261704508408.webp	aerial,camera-roll,fpv-drone		road,night,dark,drone,sodium,cars,highway,fpv
1804	Clip from Mikhail Parkhomenko	2024/01/06/261704508477.webp	fpv-drone,omnidirectional,slit-scan		running,interior,dark,cool,train,subway
1805	Clip from Mikhail Parkhomenko	2024/01/06/261704508541.webp	fpv-drone,ground-shot		car,interior,ground,garage,mechanic
1806	Clip from Mikhail Parkhomenko	2024/01/06/261704508646.webp	fisheye,fpv-drone,ground-shot,pass-through,tilt		running,car,interior,ground,garage,mechanic
1807	Clip from Mikhail Parkhomenko	2024/01/06/261704508694.webp	object-portal		road,riding,exterior,motorcycle,meteor
1808	Clip from Mikhail Parkhomenko	2024/01/06/261704508841.webp	split-screen		Day,exterior,chain link,fence
1809	Clip from Mikhail Parkhomenko	2024/01/06/261704508902.webp	overhead		driving,exterior,cars,highway,roads,asphalt
1810	Clip from Mikhail Parkhomenko	2024/01/06/261704508936.webp	architexture		Day,Red,building,pedestal
1811	ASD - Legendär / Populär	2024/01/06/261704509774.webp	zoom-in	2015	black and white
1813	ASD - Legendär / Populär	2024/01/06/261704509957.webp	undercranking	2015	black and white
1814	ASD - Legendär / Populär	2024/01/06/261704510138.webp	low-angle	2015	car,black and white,exterior
1815	ASD - Legendär / Populär	2024/01/06/261704510312.webp	fourth-wall,tracking	2015	car,black and white,exterior
1816	ASD - Legendär / Populär	2024/01/06/261704510692.webp	dolly-shot,low-angle,transition	2015	black and white
1817	ASD - Legendär / Populär	2024/01/06/261704510775.webp	match-cut	2015	black and white,spring
1818	ASD - Legendär / Populär	2024/01/06/261704511034.webp	dolly-shot,flash-cut,undercranking	2015	black and white,spring
1819	ASD - Legendär / Populär	2024/01/06/261704511233.webp	zoom-in	2015	black and white
1820	ASD - Legendär / Populär	2024/01/06/261704511324.webp	quick-cuts,speed-ramping,zoom-in	2015	black and white
1821	ASD - Legendär / Populär	2024/01/06/261704511371.webp	transition	2015	black and white
1822	ASD - Legendär / Populär	2024/01/06/261704511437.webp	arc-movement	2015	black and white
1824	ASD - Legendär / Populär	2024/01/06/261704511897.webp	match-cut,void	2015	black and white
1825	ASD - Legendär / Populär	2024/01/06/261704511959.webp	dolly-zoom	2015	black and white
1826	ASD - Legendär / Populär	2024/01/06/261704512088.webp	match-cut,quick-cuts,zoom-in	2015	black and white
1827	ASD - Legendär / Populär	2024/01/06/261704512226.webp	flash-cut	2015	black and white
1828	ASD - Legendär / Populär	2024/01/06/261704512333.webp	fourth-wall,match-cut,whip-pan	2015	black and white
1829	ASD - Legendär / Populär	2024/01/06/261704512408.webp	match-cut,zoom-in	2015	black and white
1830	ASD - Legendär / Populär	2024/01/06/261704512490.webp	fourth-wall,low-angle	2015	black and white
1831	Forza Horizon 4	2024/01/06/261704526818.webp	traditional,dolly-zoom	2018	pink,interior,saturated
1832	Reconnecting Roots (TV Series)	2024/01/06/261704527081.webp	dolly-zoom	2018	Day,water,exterior,lake
1833	Vertigo	2024/01/06/261704527325.webp	dolly-zoom,overhead	1958	interior,1950s,stairs,overhead,Vista Vision,1958
1834	Source Unknown	2024/01/06/261704527489.webp	dolly-zoom		Day,exterior,snow
1835	@valslooks / IG	2024/01/06/261704527609.webp	dolly-zoom,photogrammetry		white,interior,new york city
1836	Breaking Bad (TV Series)	2024/01/06/261704527738.webp	dolly-zoom	2011	Day,exterior,Super 35,Arriflex 435,3 perf,1.78,Cooke S4/ i,desert,Arricam LT,Arricam ST,bryan cranston,Angenieux Optimo,single shot
1837	Raging Bull	2024/01/06/261704528059.webp	dolly-zoom	1980	sports,black and white,athlete,muhammad ali,boxing,athletics
1838	La Haine	2024/01/06/261704528243.webp	dolly-zoom	1995	black and white,1990s,film,35mm,1.85,Spherical,kodak,1995,Arriflex
1839	Conswank - Holes In My Denim	2024/01/06/261704528362.webp	dolly-zoom		warm,house,interior,orange,living room
1840	Conswank - Holes In My Denim	2024/01/06/261704528520.webp	typography		warm,interior,orange
1841	Conswank - Holes In My Denim	2024/01/06/261704528626.webp	jump-cut		warm,interior,lamp,orange,room,couch
1842	Conswank - Holes In My Denim	2024/01/06/261704528718.webp	reflections		interior,mirror,flowers,orange,frame,single shot
1843	Conswank - Holes In My Denim	2024/01/06/261704528821.webp	match-cut,tilt		interior,single shot,sitting
1844	Conswank - Holes In My Denim	2024/01/06/261704528893.webp	overhead	2023	interior,single shot,sitting
1845	Conswank - Holes In My Denim	2024/01/06/261704528970.webp	ultra-wide-zero-d	2023	interior,studio,painting,art
1846	Conswank - Holes In My Denim	2024/01/06/261704529024.webp	typography	2023	interior,table,dog
1847	Vaeda Black - Run Fast	2024/01/06/261704529153.webp	dolly-zoom	2019	woman,blue,interior,bathroom
1848	Morgan x Orlebar Brown feat. Karl Shakur	2024/01/06/261704529422.webp	aerial,dolly-zoom,fpv-drone	2022	Day,car,road,driving,exterior,aerial,super 3
1849	Morgan x Orlebar Brown feat. Karl Shakur	2024/01/06/261704529572.webp	reflections	2022	Day,car,road,driving,exterior,aerial,super 3
1850	Morgan x Orlebar Brown feat. Karl Shakur	2024/01/06/261704529657.webp	low-angle	2022	Day,green,super 3
1851	Morgan x Orlebar Brown feat. Karl Shakur	2024/01/06/261704529812.webp	fixed-camera,jump-cut	2022	Day,car,driving,super 3
1852	Morgan x Orlebar Brown feat. Karl Shakur	2024/01/06/261704529864.webp	silhouette	2022	water,dusk,sunset,ocean,dark
1853	Event Horizon	2024/01/06/261704530262.webp	dolly-zoom	1997	green,interior,Sam Neill
1854	The North Face x Gucci presented by Highsnobiety	2024/01/06/261704530520.webp	flash-cut	2021	Day,exterior,portrait
1855	@timelapseworlds / IG	2024/01/06/261704530577.webp	flash-cut		exterior,traffic sign
1856	A$AP Rocky - D.M.B.	2024/01/06/261704530634.webp	flash-cut	2022	
1857	A$AP Rocky - D.M.B.	2024/01/06/261704530649.webp	flash-cut	2022	
1858	Carly Gibert - Dropping Seeds	2024/01/07/261704608841.webp	typography	2023	green,extreme wide,overhead,typography
1859	Carly Gibert - Dropping Seeds	2024/01/07/261704608904.webp	zoom-in	2023	green,grass,face,carly gibert
1860	Carly Gibert - Dropping Seeds	2024/01/07/261704608980.webp	surrealism,overhead	2023	green,grass,face,carly gibert
1861	Carly Gibert - Dropping Seeds	2024/01/07/261704609049.webp	reflections	2023	Day,car,driving,mirror,exterior,carly gibert
1862	Carly Gibert - Dropping Seeds	2024/01/07/261704609097.webp	overhead	2023	Red,car,two shot,overhead
1863	Carly Gibert - Dropping Seeds	2024/01/07/261704609159.webp	close-up,tilt	2023	Day,face,exterior,cool
1864	Carly Gibert - Dropping Seeds	2024/01/07/261704609229.webp	trucking	2023	interior,dark,candle,tarot
1865	Carly Gibert - Dropping Seeds	2024/01/07/261704609355.webp	anthropomorphism	2023	interior,dark,candle,tarot
1866	Carly Gibert - Dropping Seeds	2024/01/07/261704609406.webp	as-object,worms-eye	2023	Day,grass,face,ground,exterior,hole
1867	Carly Gibert - Dropping Seeds	2024/01/07/261704609487.webp	duplication	2023	face,headphones,surrealism
1868	Carly Gibert - Dropping Seeds	2024/01/07/261704609638.webp	close-up,locked-on	2023	Red,face,lips,headphones
1869	Carly Gibert - Dropping Seeds	2024/01/07/261704609680.webp	as-object	2023	Red,face,lips,headphones
1870	Carly Gibert - Dropping Seeds	2024/01/07/261704609770.webp	close-up,reflections	2023	pool,ground,8 ball,pool ball
1871	Carly Gibert - Dropping Seeds	2024/01/07/261704609824.webp	traditional	2023	face,colorful,saturated,chrome
1872	Carly Gibert - Dropping Seeds	2024/01/07/261704609884.webp	duplication,void	2023	woman,face,profile,headphones
1873	Carly Gibert - Dropping Seeds	2024/01/07/261704609932.webp	glitch	2023	woman,face,profile,gradient,headphones,orange,glitch
1874	Carly Gibert - Dropping Seeds	2024/01/07/261704610019.webp	close-up,ultra-wide-zero-d	2023	woman,interior,face,teeth,black light,gems,dentist
1875	Carly Gibert - Dropping Seeds	2024/01/07/261704610102.webp	collage,match-split,split-screen	2023	woman,face,carly gibert
1876	Carly Gibert - Dropping Seeds	2024/01/07/261704610168.webp	anthropomorphism	2023	portrait,wall,art,framed pictures,gallery
1877	Carly Gibert - Dropping Seeds	2024/01/07/261704610217.webp	shadow-box	2023	woman
1878	Carly Gibert - Dropping Seeds	2024/01/07/261704610342.webp	jump-cut,stop-motion	2023	Day,woman,green,exterior
1879	Carly Gibert - Dropping Seeds	2024/01/07/261704610471.webp	high-angle,jump-cut	2023	woman,interior,teeth,carly gibert,gems
1881	Carly Gibert - Dropping Seeds	2024/01/07/261704610610.webp	typography	2023	woman,blue,interior,cool,medium shot,elevator,carly gibert
1883	Charlie and the Chocolate Factory	2024/01/07/261704613159.webp	as-object	2005	film,35mm,Panavision Millennium,2000s,millenium xl,xl2,1.78,mouth,Spherical,dentist,2005,johnny depp,christopher lee
1884	Willy Wonka & the Chocolate Factory	2024/01/07/261704613273.webp	shadow-box,typography	1971	film,35mm,Panavision Millennium,2000s,millenium xl,xl2,1.78,Spherical,2005,johnny depp,christopher lee
1885	Ben Claremont - It's Time	2024/01/07/261704613530.webp	omnidirectional	2016	Day,blue,exterior,360,insta360
1886	Ben Claremont - It's Time	2024/01/07/261704613569.webp	omnidirectional	2016	Day,water,blue,exterior,lake,360,insta360,jet ski
1887	Ben Claremont - It's Time	2024/01/07/261704613762.webp	omnidirectional	2016	Day,water,blue,exterior,lake,360,insta360
1888	Ben Claremont - It's Time	2024/01/07/261704613789.webp	omnidirectional	2016	Day,water,blue,exterior,lake,360,insta360
1889	Ben Claremont - It's Time	2024/01/07/261704613841.webp	omnidirectional	2016	Day,music,blue,grass,exterior,band,360,insta360
1890	Ben Claremont - It's Time	2024/01/07/261704613902.webp	omnidirectional	2016	Day,music,blue,grass,exterior,band,360,insta360
1891	Ben Claremont - It's Time	2024/01/07/261704613976.webp	lazy-susan,omnidirectional	2016	Day,music,blue,grass,exterior,band,360,insta360
1892	Source unknown	2024/01/07/261704614072.webp	omnidirectional		walking
1893	Artist: Jonas Naimark	2024/01/07/261704614103.webp	omnidirectional		
1894	Source unknown	2024/01/07/261704614165.webp	omnidirectional		walking
1895	Source unknown	2024/01/07/261704614181.webp	omnidirectional		biking,insta360
1896	Sacre Coeur Timelapse	2024/01/07/261704614222.webp	omnidirectional		
1897	Artist: Orion Hombre	2024/01/07/261704614264.webp	omnidirectional		Day,walking,insta360
1898	Artist: Orion Hombre	2024/01/07/261704614279.webp	omnidirectional		Day,walking,insta360
1899	Artist: Orion Hombre	2024/01/07/261704614288.webp	omnidirectional		Day,walking,insta360
1900	Dropped Camera clip	2024/01/07/261704614923.webp	fourth-wall		Day,exterior
1901	Proef / Giphy	2024/01/07/261704615067.webp	typography		
1902	Kinetic type animation from Dase Boogie	2024/01/07/261704615088.webp	typography		car,void
1903	Kinetic type animation from Dase Boogie	2024/01/07/261704615182.webp	typography		
1904	Kinetic type animation from Dase Boogie	2024/01/07/261704615197.webp	typography		
1905	Kinetic type animation from Dase Boogie	2024/01/07/261704615256.webp	typography		
1906	Kinetic type animation from Dase Boogie	2024/01/07/261704615266.webp	typography		
1907	Kinetic type animation from Dase Boogie	2024/01/07/261704615277.webp	typography		
1908	Proef / Giphy	2024/01/07/261704615374.webp	typography		
1909	Source unknown	2024/01/07/261704615413.webp	typography		
1910	Source unknown	2024/01/07/261704615499.webp	typography		
1911	Source unknown	2024/01/07/261704615567.webp	typography		
1912	Source unknown	2024/01/07/261704615590.webp	typography		tan,fearless
1913	Source unknown	2024/01/07/261704615625.webp	typography		tan,fearless
1914	Source unknown	2024/01/07/261704615653.webp	typography		tan,fearless
1915	Thief Heist	2024/01/07/261704615714.webp	typography		
1916	Source Unknown	2024/01/07/261704615734.webp	typography		
1917	Source Unknown	2024/01/07/261704615748.webp	typography		
1918	Source Unknown	2024/01/07/261704615761.webp	typography		
1919	Source Unknown	2024/01/07/261704615775.webp	typography		
1920	Source Unknown	2024/01/07/261704615788.webp	typography		
1921	Source Unknown	2024/01/07/261704615829.webp	typography		
1922	Source Unknown	2024/01/07/261704615846.webp	typography		orange
1924	Source Unknown	2024/01/07/261704615860.webp	typography		
1925	Willy Wonka and the Chocolate Factory	2024/01/07/261704617059.webp	hard-light,spotlight,void	1971	void,boat
1926	Willy Wonka and the Chocolate Factory	2024/01/07/261704617153.webp	color-shift,hard-light	1971	surrealism,void,boat
1927	Willy Wonka and the Chocolate Factory	2024/01/07/261704617226.webp	close-up,double-exposure	1971	film,surrealism,35mm,Arriflex BL,void,boat,Mitchell BNCR
1928	Willy Wonka and the Chocolate Factory	2024/01/07/261704617432.webp	color-shift	1971	film,surrealism,35mm,Arriflex BL,void,boat,Mitchell BNCR
1929	Willy Wonka and the Chocolate Factory	2024/01/07/261704617514.webp	color-shift,hard-light	1971	film,surrealism,35mm,Arriflex BL,void,Mitchell BNCR
1930	Willy Wonka and the Chocolate Factory	2024/01/07/261704617579.webp	close-up,color-shift,hard-light	1971	film,surrealism,35mm,Arriflex BL,void,Mitchell BNCR,gene wilder
1931	Pencil Sketch animation by Matthias Brown	2024/01/07/261704617748.webp	traditional		black and white
1932	Willy Wonka and the Chocolate Factory	2024/01/07/261704617942.webp	worms-eye	1971	film,surrealism,35mm,Arriflex BL,void,Mitchell BNCR
1933	Willy Wonka and the Chocolate Factory	2024/01/07/261704618007.webp	typography	1971	1970s,film,surrealism,35mm,Arriflex BL,void,Mitchell BNCR,1971
1934	Willy Wonka and the Chocolate Factory	2024/01/07/261704618268.webp	scale-shift	1971	1970s,film,surrealism,35mm,Arriflex BL,Mitchell BNCR,1971
1935	Willy Wonka and the Chocolate Factory	2024/01/07/261704618338.webp	scale-shift,void	1971	1970s,film,surrealism,35mm,Arriflex BL,void,Mitchell BNCR,1971
1936	Willy Wonka and the Chocolate Factory	2024/01/07/261704618393.webp	scale-shift,void	1971	1970s,film,surrealism,35mm,Arriflex BL,void,Mitchell BNCR,1971
1937	Willy Wonka and the Chocolate Factory	2024/01/07/261704618485.webp	scale-shift	1971	1970s,film,surrealism,35mm,Arriflex BL,void,Mitchell BNCR,1971
1938	Willy Wonka and the Chocolate Factory	2024/01/07/261704618548.webp	scale-shift	1971	1970s,film,surrealism,35mm,Arriflex BL,Mitchell BNCR,1971
1939	Pencil Sketch animation	2024/01/07/261704618899.webp	traditional	2019	2010s,2019,illustration,sketch
1940	Pencil Sketch animation	2024/01/07/261704618969.webp	traditional	2019	2010s,2019,illustration,sketch
1941	Pencil Sketch animation	2024/01/07/261704619081.webp	traditional	2019	2010s,hand,2019,illustration,sketch
1942	Pencil Sketch animation	2024/01/07/261704619105.webp	traditional	2019	2010s,2019,illustration,sketch,flower
1943	Pencil Sketch animation	2024/01/07/261704619126.webp	traditional	2019	face,2010s,eye,2019,illustration,sketch
1944	Pencil Sketch animation	2024/01/07/261704619148.webp	traditional	2019	face,2010s,2019,mouth,illustration,sketch
1945	Pencil Sketch animation	2024/01/07/261704619178.webp	traditional	2019	2010s,2019,illustration,sketch
1946	Pencil Sketch animation	2024/01/07/261704619194.webp	traditional	2019	2010s,2019,illustration,sketch
1947	Pencil Sketch animation	2024/01/07/261704619221.webp	traditional	2019	2010s,2019,illustration,sketch
1948	Pencil Sketch animation	2024/01/07/261704619234.webp	traditional	2019	2010s,2019,illustration,sketch
1949	Pencil Sketch animation	2024/01/07/261704619247.webp	traditional	2019	2010s,2019,illustration,sketch
1950	@ccahogan / Giphy	2024/01/07/261704619301.webp	traditional		
1951	Harry's - @buck_design / IG	2024/01/07/261704619330.webp	traditional		
1952	@aloysfeeney / Giphy	2024/01/07/261704619359.webp	traditional,morphing		
1953	Pencil Sketch animation from Sarah Winter	2024/01/07/261704619419.webp	traditional		
1954	Pencil Sketch animation by Matthias Brown	2024/01/07/261704619464.webp	traditional,collage		black and white
1955	Pencil Sketch animation by Matthias Brown	2024/01/07/261704619487.webp	traditional		black and white
1956	Pencil Sketch animation by Matthias Brown	2024/01/07/261704619535.webp	traditional		black and white
1957	Pencil Sketch animation by Matthias Brown	2024/01/07/261704619543.webp	traditional		black and white
1958	Pencil Sketch animation by Matthias Brown	2024/01/07/261704619567.webp	traditional		black and white
1959	Pencil Sketch animation by Matthias Brown	2024/01/07/261704619578.webp	traditional		black and white
1960	Pencil Sketch animation by Matthias Brown	2024/01/07/261704619592.webp	traditional		black and white
1961	Pencil Sketch animation by Matthias Brown	2024/01/07/261704619605.webp	traditional		black and white
1962	Pencil Sketch animation by Matthias Brown	2024/01/07/261704619616.webp	traditional		black and white
1963	Pencil Sketch animation by Matthias Brown	2024/01/07/261704619629.webp	traditional		black and white
1964	Pencil Sketch animation by Matthias Brown	2024/01/07/261704619643.webp	traditional		black and white
1965	Record Player Spinning GIF By Living Stills	2024/01/07/261704620078.webp	close-up,focal-focus		close up,record player
1966	Night Glows GIF By Rational Works	2024/01/07/261704620175.webp	focal-focus	2015	car,night,dark
1967	Neon Lights Photography GIF By Living Stills	2024/01/07/261704620228.webp	focal-focus	2017	dark,rain,neon lights
1968	Sub Pop Goat GIF By Sub Pop Records	2024/01/07/261704620391.webp	focal-focus	2016	
1969	Face Man GIF By Dyan Jong	2024/01/07/261704620481.webp	profile-shot,focal-focus	2016	blue,dark
1970	Scanning Billie Eilish GIF By Dyan Jong	2024/01/07/261704620569.webp	projections	2019	orange,billie eilish
1971	Film Fashion GIF By Dyan Jong	2024/01/07/261704620651.webp	spotlight	2019	dark,fog,spotlight,mist,void,haze
1972	Multiply Ian Alexander GIF By Dyan Jong	2024/01/07/261704620708.webp	color-shift,split-screen	2019	saturation,color
1973	Live Action Spinning GIF By Dyan Jong	2024/01/07/261704620766.webp	slit-scan	2019	yellow
1974	American Rock GIF By Dyan Jong	2024/01/07/261704620824.webp	hard-light	2019	studio,black and white,portrait
1975	American Rock GIF By Dyan Jong	2024/01/07/261704620909.webp	lazy-susan,silhouette	2019	orange
1976	American Rock GIF By Dyan Jong	2024/01/07/261704620933.webp	lazy-susan,silhouette	2019	studio,orange
1977	American Rock GIF By Dyan Jong	2024/01/07/261704620963.webp	hard-light,spotlight	2019	studio,orange
1978	Blinking Live Action GIF By Dyan Jong	2024/01/07/261704621056.webp	collage,duplication,split-screen	2017	turquoise
1979	Blinking Live Action GIF By Dyan Jong	2024/01/07/261704621093.webp	collage	2017	turquoise,circle
1980	Live Action Song GIF By Dyan Jong	2024/01/07/261704621161.webp	shadow-box,split-screen	2019	yellow
1981	Live Action Song GIF By Dyan Jong	2024/01/07/261704621194.webp	shadow-box,split-screen	2019	yellow
1982	Live Action Song GIF By Dyan Jong	2024/01/07/261704621225.webp	split-screen	2019	turquoise
1983	Live Action Song GIF By Dyan Jong	2024/01/07/261704621253.webp	focal-focus	2019	Red,blue
1984	Live Action Song GIF By Dyan Jong	2024/01/07/261704621309.webp	two-shot	2019	yellow,turquoise
1985	B&W Win GIF By Dyan Jong	2024/01/07/261704621399.webp	arc-movement,void	2019	woman,black and white
1986	B&W Pixel GIF By Dyan Jong	2024/01/07/261704621457.webp	pixel-art	2019	black and white
1987	B&W Pixel GIF By Dyan Jong	2024/01/07/261704621510.webp	pixel-art,void	2019	black and white
1988	George Maple Spinning GIF By Dyan Jong	2024/01/07/261704621548.webp	lazy-susan,void	2019	
1989	Moving Image Fashion GIF By Dyan Jong	2024/01/07/261704621607.webp	projections,two-shot	2019	interior,two shot,dark
1990	Turning Live Action GIF By Dyan Jong	2024/01/07/261704621668.webp	kaleidoscope	2016	
1991	Robin Hood: Men in Tights	2024/01/07/261704622126.webp	fourth-wall	1993	Day,exterior
1992	FPV clip from Petr Andreev	2024/01/09/261704821205.webp	fpv-drone		Day,exterior,motorcycle,dirt bike
1993	FPV drone clip from Love Paras	2024/01/09/261704821523.webp	fpv-drone		Day,nature,exterior,beige,stone,rock
1994	FPV drone clip from Love Paras	2024/01/09/261704821602.webp	fpv-drone		Day,exterior,city,town
1995	FPV drone clip from Love Paras	2024/01/09/261704821632.webp	fpv-drone		Day,exterior,city,town
1996	Yuh - Can Do it	2024/01/09/261704821981.webp	fpv-drone	2022	building,drone,aerial,fpv
1997	Yuh - Can Do it	2024/01/09/261704822081.webp	object-portal,screen-in-screen,transition	2022	eye,phone
1998	Yuh - Can Do it	2024/01/09/261704822143.webp	close-up,screen-in-screen	2022	close up,hand,phone
1999	Yuh - Can Do it	2024/01/09/261704822811.webp	fixed-camera,screen-in-screen	2022	close up,hand,phone
2000	Yuh - Can Do it	2024/01/09/261704822892.webp	fpv-drone	2022	interior,dancing,choreography. day
2001	Yuh - Can Do it	2024/01/09/261704822950.webp	dolly-zoom	2022	interior,dancing,choreography. day
2002	Yuh - Can Do it	2024/01/09/261704823008.webp	transition	2022	Day,exterior,phone,screen exterior
2003	Yuh - Can Do it	2024/01/09/261704823813.webp	fpv-drone	2022	Day,exterior
2004	FPV Drone clip from Nathaniel Bayona	2024/01/09/261704824041.webp	fpv-drone		bridge,clouds,train,new york city,rain,overcast,subway,exterior. day
2005	DJ Pone (ft. Blasé) - All I Want	2024/01/09/261704827594.webp	fpv-drone,wandering	2023	interior,room,house.
2006	DJ Pone (ft. Blasé) - All I Want	2024/01/09/261704827647.webp	fpv-drone,wandering	2023	interior,bed,room,house.,sleeping
2007	DJ Pone (ft. Blasé) - All I Want	2024/01/09/261704827726.webp	tilt	2023	interior,bed,room,house.
2008	DJ Pone (ft. Blasé) - All I Want	2024/01/09/261704828066.webp	low-angle	2023	interior,record player,single shot,room,house.
2009	DJ Pone (ft. Blasé) - All I Want	2024/01/09/261704828190.webp	fixed-camera	2023	interior,phone,record player,pencil
2010	DJ Pone (ft. Blasé) - All I Want	2024/01/09/261704828356.webp	fixed-camera	2023	dartboard,dart
2011	DJ Pone (ft. Blasé) - All I Want	2024/01/09/261704828428.webp	low-angle,speed-ramping	2023	Day,low angle,exterior,wide,dawn
2012	DJ Pone (ft. Blasé) - All I Want	2024/01/09/261704828675.webp	dolly-shot,ground-shot	2023	Day,interior,ground,train,subway
2013	DJ Pone (ft. Blasé) - All I Want	2024/01/09/261704828902.webp	fisheye,ground-shot	2023	Day,interior,ground,train,subway
2014	DJ Pone (ft. Blasé) - All I Want	2024/01/09/261704829073.webp	omnidirectional	2023	Day,interior,ground,train,subway
2015	DJ Pone (ft. Blasé) - All I Want	2024/01/09/261704829118.webp	close-up,ground-shot	2023	Day,feet,interior,ground,train,subway,shoe
2016	DJ Pone (ft. Blasé) - All I Want	2024/01/09/261704829258.webp	quick-cuts	2023	train,subway
2017	DJ Pone (ft. Blasé) - All I Want	2024/01/09/261704829326.webp	dolly-shot,tracking	2023	exterior,train,door,subway
2020	DJ Pone (ft. Blasé) - All I Want	2024/01/09/261704829545.webp	fixed-camera	2023	Day,exterior,roof,horn,drive
2022	DJ Pone (ft. Blasé) - All I Want	2024/01/09/261704829870.webp	high-angle,tilt,ultra-wide-zero-d	2023	Day,exterior,building
2023	DJ Pone (ft. Blasé) - All I Want	2024/01/09/261704830980.webp	fixed-camera,ground-shot	2023	Day,exterior,building
2024	DJ Pone (ft. Blasé) - All I Want	2024/01/09/261704830144.webp	falling,low-angle,slow-motion	2023	Day,low angle,worms-eye,exterior,building
2025	DJ Pone (ft. Blasé) - All I Want	2024/01/09/261704830531.webp	low-angle,pass-through	2023	Day,low angle,exterior
2026	DJ Pone (ft. Blasé) - All I Want	2024/01/09/261704830668.webp	first-person-pov	2023	Day,low angle,exterior
2027	DJ Pone (ft. Blasé) - All I Want	2024/01/09/261704830783.webp	fpv-drone,ground-shot	2023	Day,exterior,drone
2028	DJ Pone (ft. Blasé) - All I Want	2024/01/09/261704830908.webp	match-cut,transition	2023	Day,spin,exterior,transition,match cut
2029	DJ Pone (ft. Blasé) - All I Want	2024/01/09/261704831087.webp	tracking,worms-eye	2023	night,worms-eye,dusk,architecture
2030	DJ Pone (ft. Blasé) - All I Want	2024/01/09/261704831359.webp	low-angle,worms-eye	2023	low angle,night,worms-eye,dusk,jump,architecture
2031	DJ Pone (ft. Blasé) - All I Want	2024/01/09/261704831481.webp	shaky-cam	2023	running,night,blue,dusk,dark
2032	DJ Pone (ft. Blasé) - All I Want	2024/01/09/261704831547.webp	low-angle,silhouette	2023	walking,night,blue,dusk,dark,silhuoette
2033	DJ Pone (ft. Blasé) - All I Want	2024/01/09/261704831595.webp	silhouette,spotlight	2023	night,blue,dusk,dark,silhuoette
2034	DJ Pone (ft. Blasé) - All I Want	2024/01/09/261704831657.webp	arc-movement,silhouette	2023	night,blue,dusk,dark,silhuoette
2035	DJ Pone (ft. Blasé) - All I Want	2024/01/09/261704831751.webp	silhouette	2023	night,blue,dusk,dark,silhuoette
2036	DJ Pone (ft. Blasé) - All I Want	2024/01/09/261704831806.webp	typography	2023	night,blue,dusk,dark,silhuoette
2037	Long Live Liborius	2024/01/09/261704832903.webp	fisheye,shaky-cam	2021	interior,skating,skate,church,skateboarding
2038	Nike - Nothing Beats a Londoner	2024/01/09/261704833718.webp	dolly-shot	2018	night,dusk,reflection,wet
2039	Nike - Nothing Beats a Londoner	2024/01/09/261704833895.webp	zoom-in	2018	nike,interior,bodega,corner store
2040	Nike - Nothing Beats a Londoner	2024/01/09/261704834297.webp	first-person-pov,shaky-cam,tracking	2018	running,night,dusk,exterior,dark
2041	Nike - Nothing Beats a Londoner	2024/01/09/261704834110.webp	undercranking,tracking	2018	running,night,dusk,exterior,dark
2042	Nike - Nothing Beats a Londoner	2024/01/09/261704834193.webp	first-person-pov	2018	running,night,dusk,exterior,dark
2043	Nike - Nothing Beats a Londoner	2024/01/09/261704834450.webp	cut-ins,whip-pan	2018	night,dark,field,soccer,spotlight
2044	Nike - Nothing Beats a Londoner	2024/01/09/261704834518.webp	dolly-shot,tracking,zoom-in	2018	night,dark,field,soccer,spotlight
2045	Nike - Nothing Beats a Londoner	2024/01/09/261704834651.webp	dolly-shot,speed-ramping	2018	night,exterior,dark,store,bodega
2046	Nike - Nothing Beats a Londoner	2024/01/09/261704834713.webp	first-person-pov	2018	Day,sports,basketball,street court
2047	Nike - Nothing Beats a Londoner	2024/01/09/261704834901.webp	low-angle,tilt	2018	Day,woman,sports,basketball,boxing,street court
2048	Nike - Nothing Beats a Londoner	2024/01/09/261704834942.webp	pan	2018	Day,woman,sports,basketball,boxing,street court
2049	Nike - Nothing Beats a Londoner	2024/01/09/261704834997.webp	zoom-in	2018	sports,night,soccer,stadium,aerial,cleats
2050	Nike - Nothing Beats a Londoner	2024/01/09/261704835059.webp	aerial,surrealism,overhead,tilt	2018	aerial,messi,overhead birds eye
2051	Nike - Nothing Beats a Londoner	2024/01/09/261704835168.webp	fixed-camera,ground-shot	2018	running,sports,soccer,stadium,athlete
2052	Nike - Nothing Beats a Londoner	2024/01/09/261704835233.webp	arc-movement,fpv-drone	2018	running,sports,soccer,stadium,athlete
2053	Nike - Nothing Beats a Londoner	2024/01/09/261704835266.webp	fixed-camera	2018	running,sports,soccer,stadium,athlete
2054	Nike - Nothing Beats a Londoner	2024/01/09/261704835315.webp	zoom-in	2018	running,sports,soccer,stadium,athlete
2055	Nike - Nothing Beats a Londoner	2024/01/09/261704835376.webp	zoom-in	2018	interior,athlete,ice,single shot,hockey
2056	Nike - Nothing Beats a Londoner	2024/01/09/261704835443.webp	surrealism,low-angle	2018	sports,athlete,rugby,day. exterior
2057	Nike - Nothing Beats a Londoner	2024/01/09/261704835496.webp	close-up	2018	face,sweat,eyes
2058	Nike - Nothing Beats a Londoner	2024/01/09/261704835569.webp	fourth-wall	2018	medium,crying,single shot
2059	Nike - Nothing Beats a Londoner	2024/01/09/261704835613.webp	overhead	2018	Day,exterior,rain,overhead,tennis
2060	Nike - Nothing Beats a Londoner	2024/01/09/261704835740.webp	stop-motion,transformation	2018	Day,nike,exterior,workout,red shirt,claymation,working out
2061	Who Shot Scott - What Time U On	2024/01/09/261704836259.webp	fisheye,light-flash	2022	interior,light flash
2062	Foo Fighters - Monkey Wrench	2024/01/09/261704836454.webp	fisheye	2009	green,interior,dark,high angle
2063	Lolo Zouaï - Moi + Look at Us (2020)	2024/01/09/261704836610.webp	fisheye	2020	woman,car,night,interior,16mm
2064	Lolo Zouaï - Moi + Look at Us (2020)	2024/01/09/261704836906.webp	fisheye,slit-scan	2020	interior,16mm
2065	Lolo Zouaï - Moi + Look at Us (2020)	2024/01/09/261704836939.webp	fisheye	2020	night,exterior,16mm
2066	Lolo Zouaï - Moi + Look at Us (2020)	2024/01/09/261704836991.webp	fisheye	2020	Day,low angle,walking,exterior,stairs,walk,16mm,dalmations
2067	© The Mill	2024/01/09/261704837044.webp	omnidirectional		interior,dark,train
2068	© The Mill	2024/01/09/261704837082.webp	omnidirectional		interior,dark,train
2069	Tyler, The Creator - Who Dat Boy	2024/01/09/261704837187.webp	fisheye,high-angle	2017	interior,asap,a$ap,high angle
2070	Beastie Boys - Shake Your Rump	2024/01/09/261704837485.webp	fisheye	1989	Day,exterior,high angle
2072	Mid90s	2024/01/09/261704837635.webp	fisheye	2018	Day,close up,exterior
2073	Mid90s	2024/01/09/261704837791.webp	fisheye	2018	close up,interior
2074	CLip from Kshitij Bhatia	2024/01/09/261704837935.webp	omnidirectional		night,exterior,dark,fisheye
2075	Beastie Boys - An Open Letter To NYC	2024/01/09/261704837977.webp	fisheye,worms-eye		black and white
2076	Missy Elliott - The Rain (Supa Dupa Fly)	2024/01/09/261704838004.webp	fisheye	2009	
2077	Facebook - Longboard Family	2024/01/09/261704838050.webp	fisheye	2021	Day,exterior,skating,skateboard
2078	Nike - More than Warmth	2024/01/10/261704856804.webp	speed-ramping	2023	nike,interior,snow
2079	Nike - More than Warmth	2024/01/10/261704856904.webp	zoom-in	2023	nike,interior,typography,snow,popcorn
2080	Nike - More than Warmth	2024/01/10/261704857000.webp	zoom-in	2023	nike,clipboard,interior,signing,document,check
2081	Nike - More than Warmth	2024/01/10/261704857065.webp	close-up,quick-cuts	2023	close up,nike,apparel,zipper
2082	Nike - More than Warmth	2024/01/10/261704857133.webp	first-person-pov	2023	interior,typography,group shot
2083	Nike - More than Warmth	2024/01/10/261704857209.webp	zoom-in	2023	nike,interior,cool
2084	Nike - More than Warmth	2024/01/10/261704857319.webp	split-screen	2023	nike
2085	Nike - More than Warmth	2024/01/10/261704857415.webp	zoom-in	2023	Day,nike,exterior,building,snow,ice,lab
2086	Nike - More than Warmth	2024/01/10/261704857494.webp	typography	2023	
2087	Annie Hall	2024/01/10/261704857972.webp	fourth-wall	1977	1970s,film,Panavision,35mm,1.85,1977
2088	Bad Boys (Fan Art)	2024/01/10/261704858185.webp	fourth-wall	1995	split screen
2089	Artists On Tumblr Skate Gif	2024/01/10/261704858281.webp	fourth-wall	2014	close up,skating,skateboard,fourth wall
2090	Lazy Susan	2024/01/10/261704858369.webp	first-person-pov	2019	interior,table,food
2091	Kylie Minogue - Turn It Into Love	2024/01/10/261704858580.webp	fourth-wall	1988	1980s,1988
2092	Clip from Zach King	2024/01/10/261704858657.webp	fourth-wall		
2093	Clip from Zach King	2024/01/10/261704858693.webp	fourth-wall		
2094	KITKAT - Break Épico	2024/01/10/261704858799.webp	fourth-wall	2023	Red,two shot,dark,void
2095	H&M - Hotel Hennes	2024/01/10/261704858864.webp	fourth-wall	2022	Hotel,interior,inside,peephole
2096	Cassius feat Pharrell Williams & Cat Power - Go Up	2024/01/10/261704858965.webp	match-split	2021	water,hand,Pharrell Williams
2097	St. Louis City FC - The City Kit Is Here	2024/01/10/261704859023.webp	fourth-wall	2022	interior
2098	The World's End	2024/01/10/261704859216.webp	first-person-pov	2013	interior,bar,beer
2099	The French Dispatch	2024/01/10/261704859264.webp	fourth-wall	2021	35mm,muted,Cooke S4/ i,Arricam LT,Arricam ST,Arriflex 235,1.37,biking
2100	Artist: Sankalp Pandey / IG	2024/01/10/261704859313.webp	object-portal		exterior,quarter,toss,coin
2101	Beats By Dre - Unleashed	2024/01/10/261704860514.webp	locked-on	2023	headphones,beats
2102	Beats By Dre - Unleashed	2024/01/10/261704860577.webp	locked-on	2023	headphones,beats
2103	Beats By Dre - Unleashed	2024/01/10/261704860637.webp	locked-on	2023	interior,sweat,headphones,workout,working out,beats
2104	Beats By Dre - Unleashed	2024/01/10/261704860688.webp	locked-on	2023	sweat,headphones,workout,working out,beats
2105	Beats By Dre - Unleashed	2024/01/10/261704860740.webp	locked-on	2023	sweat,headphones,workout,working out,beats
2106	Beats By Dre - Unleashed	2024/01/10/261704860798.webp	locked-on	2023	sweat,headphones,workout,working out,beats
2107	A$AP Rocky - D.M.B.	2024/01/10/261704860956.webp	zoom-in	2022	exterior,stairs,fire escape,building day
2108	A$AP Rocky - D.M.B.	2024/01/10/261704861043.webp	pixel-art,zoom-in	2022	exterior,pixelation,pixels,censor
2109	A$AP Rocky - D.M.B.	2024/01/10/261704861111.webp	undercranking	2022	exterior,stairs
2110	A$AP Rocky - D.M.B.	2024/01/10/261704861180.webp	zoom-in	2022	exterior,stairs
2111	A$AP Rocky - D.M.B.	2024/01/10/261704861260.webp	locked-on,split-screen	2022	
2112	A$AP Rocky - D.M.B.	2024/01/10/261704861324.webp	as-object,underwater,worms-eye	2022	underwater,hand,toilet
2113	A$AP Rocky - D.M.B.	2024/01/10/261704861408.webp	locked-on	2022	blunt,weed
2114	A$AP Rocky - D.M.B.	2024/01/10/261704861468.webp	flash-cut	2022	interior,money,cash
2115	A$AP Rocky - D.M.B.	2024/01/10/261704861553.webp	locked-on	2022	Red,A$AP Rocky,close-up
2116	A$AP Rocky - D.M.B.	2024/01/10/261704861608.webp	jump-cut	2022	night,exterior,high angle
2117	A$AP Rocky - D.M.B.	2024/01/10/261704861690.webp	flash-cut	2022	night,exterior,high angle,rihanna
2118	A$AP Rocky - D.M.B.	2024/01/10/261704861767.webp	undercranking	2022	interior,rihanna,conference room,work,boardroom
2119	A$AP Rocky - D.M.B.	2024/01/10/261704861837.webp	flash-cut	2022	
2120	A$AP Rocky - D.M.B.	2024/01/10/261704861943.webp	undercranking,low-angle	2022	yellow,night,exterior,building,tilt
2121	A$AP Rocky - D.M.B.	2024/01/10/261704862311.webp	close-up	2022	close up,interior,A$AP Rocky
2122	A$AP Rocky - D.M.B.	2024/01/10/261704862384.webp	flash-cut	2022	close up,A$AP Rocky
2123	A$AP Rocky - D.M.B.	2024/01/10/261704862502.webp	collage,maximalism,mixed-media	2022	close up,teeth,rihanna,A$AP Rocky
2124	A$AP Rocky - D.M.B.	2024/01/10/261704862582.webp	flash-cut	2022	close up,rihanna,A$AP Rocky
2125	Nike - Never Settle. Never Done	2024/01/10/261704862790.webp	fixed-camera	2022	Day,sports,exterior,field,soccer,net,ball
2126	Art by Paul Trillo	2024/01/10/261704862831.webp	locked-on		Day,sports,exterior,tennis,courts
2127	Locked-on clip from Dirk Koy	2024/01/10/261704862932.webp	locked-on		Day,exterior,overhead,birds-eye
2128	Clip from Zeb Wilson	2024/01/10/261704863035.webp	locked-on		sports,interior,indoors,basketball,game
2129	Clip from Zeb Wilson	2024/01/10/261704863057.webp	locked-on		sports,interior,indoors,basketball,game
2130	Source unknown	2024/01/10/261704863158.webp	locked-on		car,rim,wheel
2131	Downtown Kayoto - Lite	2024/01/10/261704863232.webp	locked-on,match-cut	2023	Day,low angle,exterior,kayoto,ground shot,show
2132	Downtown Kayoto - Lite	2024/01/10/261704863267.webp	locked-on	2023	Day,trucking,profile,exterior,kayoto
2133	Artist: Sankalp Pandey	2024/01/10/261704863338.webp	locked-on		instagram,typography
2134	Pharrell Williams - Cash In Cash Out	2024/01/10/261704863386.webp	traditional,locked-on	2022	Red,tyler the creator,blue,dancing,21 savage,nicolas larrouquere,francois rousselet,connor coolbear,hula hoop
2135	Lazy Susan	2024/01/10/261704863436.webp	locked-on,overhead	2019	music,interior,overhead,record player
2136	Chime - Woah	2024/01/10/261704863579.webp	locked-on	2021	coffee,iced coffee
2137	Chime - Woah	2024/01/10/261704863655.webp	camera-roll,cut-ins	2021	Male,interior,bedroom,rug,living room,cut in
2138	Chime - Woah	2024/01/10/261704863745.webp	color-shift	2021	light,close up,green
2139	Chime - Woah	2024/01/10/261704863929.webp	as-object	2021	Day,Male,low angle,close up,interior,worms-eye,ui
2140	Chime - Woah	2024/01/10/261704863987.webp	probe-lens	2021	Day,green,interior,clothing,probe,credit card,apparel,chime,debit card,sleeve
2141	Chime - Woah	2024/01/10/261704864027.webp	split-screen	2021	Day,interior,two shot,split screen
2142	Chime - Woah	2024/01/10/261704864069.webp	high-angle	2021	night,exterior,dark
2143	Chime - Woah	2024/01/10/261704864187.webp	camera-roll,pass-through,probe-lens	2021	interior,couple,keyhole,door
2144	Waves	2024/01/10/261704864370.webp	locked-on,profile-shot	2019	woman,blue,interior,bedroom,morning
2145	Locked-on clip from Dirk Koy	2024/01/10/261704864570.webp	locked-on,shadow-box		Day,exterior,windmill
2146	Locked-on ping-pong ball	2024/01/10/261704864621.webp	locked-on,shadow-box		sports,black and white,ball,ping pong
2147	Locked-on breaker	2024/01/10/261704864693.webp	locked-on,overhead,shadow-box		overhead,choreography,circle,dancer,breakdance,breakdancer
2148	Locked-on car	2024/01/10/261704864763.webp	infinite,locked-on,overhead,shadow-box		car,racing,blue,overhead,vehicle,drifting
2149	Locked-on gymnast	2024/01/10/261704864804.webp	locked-on,shadow-box		sports,athlete,gymnastics,gymnast
2150	Locked-on dog	2024/01/10/261704864840.webp	locked-on,shadow-box		water,slow motion,wet,black,dog,shake
2151	Locked-on diver	2024/01/10/261704864883.webp	locked-on,shadow-box		Day,Male,water,pool,sports,exterior,wet,athlete,swimming,diver,swimsuit
2152	João Borsch - Apaz	2024/01/10/261704912168.webp	glitch	2023	vintage,feedback,tv static
2153	João Borsch - Apaz	2024/01/10/261704912380.webp	typography	2023	feedback,tv static
2154	João Borsch - Apaz	2024/01/10/261704912533.webp	glitch	2023	feedback,tv static
2155	João Borsch - Apaz	2024/01/10/261704912619.webp	silhouette	2023	silhouette,feedback,tv static
2156	João Borsch - Apaz	2024/01/10/261704914062.webp	spotlight,void	2023	woman,profile,dark
2157	João Borsch - Apaz	2024/01/10/261704914136.webp	duplication,void	2023	woman,profile,dark,duplication
2158	João Borsch - Apaz	2024/01/10/261704914206.webp	duplication,void	2023	profile,dark,duplication
2159	João Borsch - Apaz	2024/01/10/261704914269.webp	void	2023	profile,dark,duplication
2160	João Borsch - Apaz	2024/01/10/261704914352.webp	screen-in-screen	2023	woman,tv,single shot
2161	João Borsch - Apaz	2024/01/10/261704914442.webp	screen-in-screen	2023	woman,tv,tube tv
2162	João Borsch - Apaz	2024/01/10/261704914504.webp	screen-in-screen	2023	tv,tube tv
2163	João Borsch - Apaz	2024/01/10/261704914720.webp	as-object	2023	teeth,mouth
2164	João Borsch - Apaz	2024/01/10/261704915829.webp	projections,void	2023	void
2165	João Borsch - Apaz	2024/01/10/261704916539.webp	projections	2023	void
2166	João Borsch - Apaz	2024/01/10/261704916623.webp	duplication,void	2023	void
2167	João Borsch - Apaz	2024/01/10/261704916666.webp	as-object,void	2023	Red,close up,dark,void
2168	João Borsch - Apaz	2024/01/10/261704916731.webp	spotlight,void	2023	Red,dark,spotlight,wide,black,void
2169	João Borsch - Apaz	2024/01/10/261704916811.webp	double-exposure,echo-printing,void	2023	Red,double exposure,surreal,profile
2170	João Borsch - Apaz	2024/01/10/261704916887.webp	double-exposure,echo-printing,light-flash,void	2023	Red,double exposure,surreal,profile
2171	João Borsch - Apaz	2024/01/10/261704916959.webp	double-exposure,duplication,echo-printing,void	2023	Red,double exposure,surreal,profile
2172	João Borsch - Apaz	2024/01/10/261704917060.webp	glitch	2023	surreal,void,close-up
2173	João Borsch - Apaz	2024/01/10/261704918924.webp	object-portal,zoom-in	2023	woman,portal,phone,void,camcorder
2174	João Borsch - Apaz	2024/01/10/261704919052.webp	screen-in-screen,void	2023	Red,tv,void
2175	João Borsch - Apaz	2024/01/10/261704919267.webp	close-up,void	2023	woman,void,close-up
2176	João Borsch - Apaz	2024/01/10/261704919398.webp	typography,void	2023	void
2177	Animation from Dan Norman	2024/01/10/261704921457.webp	traditional		colorful,saturated,cyan,saturation
2178	Animation from Dan Norman	2024/01/10/261704921796.webp	traditional		green,colorful,saturated,saturation,lime
2179	Animation from Dan Norman	2024/01/10/261704921837.webp	traditional		colorful,hands,eyeball,saturation,illustration,satured
2180	Animation from Dan Norman	2024/01/10/261704921874.webp	traditional,morphing		colorful,eyeball,cyan,saturation,illustration,satured,beak,morphing,transformation
2181	Animation from Dan Norman	2024/01/10/261704921926.webp	traditional,morphing		car,colorful,saturated,saturation,transformation
2182	Animation from Dan Norman	2024/01/10/261704921959.webp	traditional,morphing		car,surreal,colorful,eyeball,saturated,saturation,mouth,trip,transformation
2183	Animation from Dan Norman	2024/01/10/261704922024.webp	traditional,typography		car,surreal,colorful,eyeball,saturated,saturation,mouth,trip,transformation
2184	Animation from Dan Norman	2024/01/10/261704922060.webp	traditional		colorful,saturated,saturation,lime
2185	Animation from Dan Norman	2024/01/10/261704922086.webp	traditional		colorful,saturated,saturation,skull,lime
2186	Animation from Dan Norman	2024/01/10/261704922110.webp	traditional		blue,colorful,hand,saturated,saturation,navy blue
2187	Animation from Dan Norman	2024/01/10/261704922147.webp	traditional,maximalism		colorful,saturated,saturation,illustration,illustrated
2188	Animation from Dan Norman	2024/01/10/261704922176.webp	traditional,morphing		blue,colorful,saturated,saturation,illustration,illustrated,lime green
2189	Color Sketch animation by Lloyd Winter	2024/01/10/261704922286.webp	traditional		face,black
2190	Color sketch animation by Victor Courtright	2024/01/10/261704922355.webp	traditional		
2191	Animation by Raman Djafari	2024/01/10/261704922447.webp	traditional,morphing		Red,colorful,saturated,saturation
2192	Animation by Jonah Primiano	2024/01/10/261704922510.webp	traditional		window
2193	Animation by Luis Mazon	2024/01/10/261704922603.webp	traditional		interior,room
2194	IDLE by Jonah Primiano	2024/01/10/261704922769.webp	traditional	2015	
2195	IDLE by Jonah Primiano	2024/01/10/261704923248.webp	traditional	2015	hand
2196	IDLE by Jonah Primiano	2024/01/10/261704923274.webp	traditional,two-shot	2015	
2197	Animation by Jonah Primiano	2024/01/10/261704923378.webp	traditional,typography		hand,typography,sketch
2198	Line art vector animation by Rafael Arujo	2024/01/10/261704929455.webp	traditional		light,black and white,window
2199	Pencil Sketch animation by Matthias Brown	2024/01/10/261704929555.webp	traditional		black and white
2200	Line art animation by Matthias Brown	2024/01/10/261704929597.webp	traditional		black and white
2201	Animation by Matthias Brown	2024/01/10/261704929627.webp	traditional		black and white
2202	Animation by Matthias Brown	2024/01/10/261704929643.webp	traditional		black and white
2203	Animation by Matthias Brown	2024/01/10/261704929664.webp	traditional		black and white
2204	Animation by Matthias Brown	2024/01/10/261704929701.webp	traditional		black and white
2205	Savannah GIF Festival	2024/01/10/261704929812.webp	traditional		Animation,black and white,black,illustration,illustrated
2206	@emkayhaytch / Giphy	2024/01/10/261704930019.webp	traditional		face,black and white,mask
2207	Source unknown	2024/01/10/261704930095.webp	traditional		black and white,skate,rollerskate
2208	Savannah GIF Festival	2024/01/10/261704930277.webp	traditional		Animation,black and white,black,illustration,illustrated
2209	Animation clip by Lou Morton	2024/01/10/261704930501.webp	traditional		bike,blue,abstract,biking
2210	Animation clip from Kevin McGloughlin	2024/01/10/261704930601.webp	traditional		collage,skating,skateboard,paper
2211	Animation from Arter Eniac	2024/01/10/261704930730.webp	traditional		car,racing,interior,driver
2212	Animation from Emily Mulhall	2024/01/10/261704930832.webp	traditional		black and white
2213	Mini - Mini Takes the States	2024/01/11/261704932445.webp	traditional	2018	black and white
2214	Mini - Mini Takes the States	2024/01/11/261704932490.webp	traditional	2018	Red,white
2215	Animation from kidmograph	2024/01/11/261704932619.webp	traditional		face,dark,duplication,shiny
2216	Animation from FutureDeluxe	2024/01/11/261704932962.webp	traditional		green,glass,bottle,beer,heineken
2217	3D animation from Zolloc	2024/01/11/261704933106.webp	traditional,surrealism		water,hand,surrealism
2218	Coca-Cola - Byte	2024/01/11/261704933490.webp	pixel-art,typography	2022	purple,typography,kinetic,art,pixels,byte
2219	Coca-Cola - Byte	2024/01/11/261704933526.webp	pixel-art	2022	purple,typography,kinetic,art,pixels,byte
2220	Animation from Pi-Slices	2024/01/11/261704933580.webp	traditional		saturated
2221	Animation from Pi-Slices	2024/01/11/261704933640.webp	traditional		road,street,highway,paint
2222	Animation from Nadia Hernandez	2024/01/11/261704933752.webp	traditional		flower,checkered
2223	Source unknown	2024/01/11/261704933797.webp	traditional		ocean,orange,ball
2224	Animation from Esteban Diácono	2024/01/11/261704933951.webp	traditional		
2225	Animation from Esteban Diácono	2024/01/11/261704933992.webp	traditional		dark
2226	Animation from Esteban Diácono	2024/01/11/261704934038.webp	traditional		Male,donut
2227	Animation from Gastaloop	2024/01/11/261704934221.webp	traditional		face,saturation
2228	Jango - @Jango4D / Giphy	2024/01/11/261704934918.webp	traditional		
2229	Unknown Source	2024/01/11/261704935220.webp	traditional		yellow,car,driving,purple
2230	Animation from Nadia Hernandez	2024/01/11/261704935350.webp	traditional		spin,hand,flower,spinning,rotating,rose
2231	Aleksey Efremov - @solarw / Giphy	2024/01/11/261704935438.webp	traditional		white,flowers,ball
2232	@lefler / Giphy	2024/01/11/261704935490.webp	traditional		
2233	Animation from FutureDeluxe	2024/01/11/261704935545.webp	traditional		green,glass,bottle,beer,heineken
2234	Enrique Larios - @enriquelariosmx / Giphy	2024/01/11/261704935592.webp	traditional		black,rainbow,hug
2235	Ryan Gordon - @ryangordon / Giphy	2024/01/11/261704935633.webp	traditional		green,face,magenta,mint
2236	Giphy studio	2024/01/11/261704935702.webp	traditional		
2237	Giphy studio	2024/01/11/261704935749.webp	traditional		colorful,gradient,saturated,pizza
2238	Giphy studio	2024/01/11/261704935766.webp	traditional		purple,colorful,gradient,burger,saturated,pizza
2239	Giphy studio	2024/01/11/261704935797.webp	traditional		road,driving,overhead,cars
2240	Giphy studio	2024/01/11/261704935817.webp	traditional		mint
2241	Nike SB - Don't Make Plans	2024/01/11/261704936543.webp	tilt	2021	interior,room,couch
2242	Nike SB - Don't Make Plans	2024/01/11/261704936603.webp	pixel-art	2021	saturation,color,warrior,comic book,ishod wair,speed lines
2243	Nike SB - Don't Make Plans	2024/01/11/261704936865.webp	match-cut	2021	Day,nike,exterior,shoes,skate
2244	Nike SB - Don't Make Plans	2024/01/11/261704936944.webp	close-up,fixed-camera	2021	Day,nike,exterior,shoes,skate
2245	Nike SB - Don't Make Plans	2024/01/11/261704937010.webp	low-angle,slow-motion	2021	convenience store,interior,store,shop,pinata
2246	Nike SB - Don't Make Plans	2024/01/11/261704937300.webp	ground-shot	2021	Day,walking,ground,exterior,shoes
2247	Nike SB - Don't Make Plans	2024/01/11/261704937405.webp	low-angle	2021	Red,car,interior,dark,pedal
2248	Nike SB - Don't Make Plans	2024/01/11/261704937496.webp	undercranking,ground-shot	2021	nike,night,interior,shoes
2249	Nike SB - Don't Make Plans	2024/01/11/261704937812.webp	fixed-camera	2021	nike,night,interior,shoes
2250	Nike SB - Don't Make Plans	2024/01/11/261704937849.webp	fixed-camera	2021	nike,exterior,skating,skate,skateboarding
2251	Nike SB - Don't Make Plans	2024/01/11/261704937907.webp	underwater	2021	pool,underwater,blue,swimming
2252	Nike SB - Don't Make Plans	2024/01/11/261704938022.webp	match-cut	2021	pool,underwater,blue,swimming
2253	Nike SB - Don't Make Plans	2024/01/11/261704938305.webp	worms-eye	2021	interior,food
2254	Nike SB - Don't Make Plans	2024/01/11/261704938400.webp	worms-eye	2021	interior,food
2255	Nike SB - Don't Make Plans	2024/01/11/261704938536.webp	flash-cut,speed-ramping	2021	nike,shoe
2256	From @insta360 / IG	2024/01/11/261704938943.webp	fixed-camera		
2257	Square - Para Los Que Hacen	2024/01/11/261704939232.webp	undercranking	2021	motion blur,blur,green,trucking,step-printing,step printing,running,forest
2258	Square - Para Los Que Hacen	2024/01/11/261704939280.webp	undercranking	2021	interior,wide,high angle,fast motion,warehouse
2259	Square - Para Los Que Hacen	2024/01/11/261704939349.webp	undercranking,lazy-susan	2021	woman,interior,single shot,clay
2260	Square - Para Los Que Hacen	2024/01/11/261704939421.webp	undercranking	2021	interior,phone,credit card,keyboard,apples,square
2261	Square - Para Los Que Hacen	2024/01/11/261704939466.webp	fpv-drone	2021	Day,ocean,exterior,fpv
2262	Square - Para Los Que Hacen	2024/01/11/261704939533.webp	undercranking	2021	Day,exterior,sheep,farm,shepherd
2263	Square - Para Los Que Hacen	2024/01/11/261704939600.webp	fixed-camera,lazy-susan	2021	woman,interior,clay,fi
2264	KVIFF Trailer Stories	2024/01/11/261704939765.webp	fixed-camera		road,driving,black and white,hood ornament
2265	Flybuys - Give a Flybuys	2024/01/11/261704940234.webp	fixed-camera	2021	white,interior,grocery store,single shot,meat
2266	Flybuys - Give a Flybuys	2024/01/11/261704940285.webp	as-object	2021	interior,fridge,grocery store,single shot,shelf
2267	Flybuys - Give a Flybuys	2024/01/11/261704940383.webp	fixed-camera,fourth-wall	2021	interior,cup,coffee,grocery store,single shot
2268	Flybuys - Give a Flybuys	2024/01/11/261704940502.webp	fourth-wall,tracking	2021	low angle,walking,interior
2269	Flybuys - Give a Flybuys	2024/01/11/261704940655.webp	transition	2021	interior,grocery store
2270	Flybuys - Give a Flybuys	2024/01/11/261704940729.webp	pedestal,underwater	2021	Day,interior,goldfish,pedestal,fish tank
2271	Flybuys - Give a Flybuys	2024/01/11/261704940781.webp	zoom-in	2021	Day,low angle,woman,interior
2272	Flybuys - Give a Flybuys	2024/01/11/261704940863.webp	as-object,underwater,worms-eye	2021	woman,underwater,interior
2273	Flybuys - Give a Flybuys	2024/01/11/261704943471.webp	zoom-in	2021	Day,woman,dress,exterior,lawn
2274	Flybuys - Give a Flybuys	2024/01/11/261704943557.webp	fixed-camera	2021	Day,woman,luggage,exterior
2275	Flybuys - Give a Flybuys	2024/01/11/261704943625.webp	zoom-in	2021	Day,Male,exterior
2276	Flybuys - Give a Flybuys	2024/01/11/261704943701.webp	transition	2021	Day,interior
2277	St. Louis City FC - The City Kit Is Here	2024/01/11/261704947368.webp	fourth-wall	2022	exterior,soccer,kick
2278	Lord of War	2024/01/11/261704948221.webp	close-up,fixed-camera	2005	close up,cool,bullet
2279	Lord of War	2024/01/11/261704948475.webp	close-up,fixed-camera	2005	close up,cool,bullet
2280	Lord of War	2024/01/11/261704948546.webp	fixed-camera	2005	close up,exterior,bullet,gun,barrell
2281	Lord of War	2024/01/11/261704948591.webp	low-angle	2005	close up,exterior,bullet,gun,barrell
2282	Lord of War	2024/01/11/261704948694.webp	fixed-camera	2005	Day,exterior,bullet,crane
2283	Lord of War	2024/01/11/261704948741.webp	fixed-camera	2005	Day,exterior,bullet,hand,crane
2284	Lord of War	2024/01/11/261704948787.webp	fixed-camera	2005	Day,exterior,bullet
2285	Lord of War	2024/01/11/261704948838.webp	fixed-camera	2005	Day,car,exterior,bullet,moving
2286	Lord of War	2024/01/11/261704948877.webp	fixed-camera	2005	bullet,close-up
2287	The Naked Gun: From the Files of Police Squad!	2024/01/11/261704949169.webp	fixed-camera	1988	driving,night,cop car,vehicle,siren
2288	The Naked Gun: From the Files of Police Squad!	2024/01/11/261704949221.webp	fixed-camera,typography	1988	driving,night,cop car,vehicle,siren
2289	@kay.eey / IG	2024/01/11/261705012363.webp	flash-cut		Artist,drake,musician,concert
2290	@holyfruits / Reddit	2024/01/11/261705012483.webp	collage,flash-cut	2019	
2291	EA SPORTS FC x Triangles ft. Dave	2024/01/11/261705012529.webp	flash-cut	2023	sports,photography,soccer,fans,EA sports
2292	Jimmy Nelson - Blink. And they're gone	2024/01/11/261705012960.webp	tableau-shots		Day,exterior,photography,people
2293	Jimmy Nelson - Blink. And they're gone	2024/01/12/261705030033.webp	cut-ins,tableau-shots,wide-shot		Day,exterior,photography,people
2294	Jimmy Nelson - Blink. And they're gone	2024/01/12/261705030138.webp	parallax		Day,exterior,photography,people
2295	Jimmy Nelson - Blink. And they're gone	2024/01/12/261705030327.webp	flash-cut		Day,close up,exterior,portrait,photography
2296	Unknown T - Hocus Pocus Feat. Loyle Carner	2024/01/12/261705030849.webp	typography	2023	water,beach,sunset,ocean,single shot
2297	Unknown T - Hocus Pocus Feat. Loyle Carner	2024/01/12/261705030926.webp	cut-ins,high-angle	2023	Day,gold,green,exterior,putting
2298	Unknown T - Hocus Pocus Feat. Loyle Carner	2024/01/12/261705030984.webp	slit-scan	2023	Day,pink,exterior
2299	Unknown T - Hocus Pocus Feat. Loyle Carner	2024/01/12/261705031055.webp	profile-shot	2023	Red,interior,studio,profile,single shot
2300	Unknown T - Hocus Pocus Feat. Loyle Carner	2024/01/12/261705031111.webp	high-angle,wide-shot	2023	interior,studio,single shot
2301	Unknown T - Hocus Pocus Feat. Loyle Carner	2024/01/12/261705031247.webp	traditional,profile-shot	2023	dark,zoom out
2302	Unknown T - Hocus Pocus Feat. Loyle Carner	2024/01/12/261705031296.webp	architexture,low-angle	2023	Day,exterior
2303	Unknown T - Hocus Pocus Feat. Loyle Carner	2024/01/12/261705031353.webp	zoom-in	2023	dusk,purple,smile,teeth,saturated,grin,saturation,single shot
2304	Unknown T - Hocus Pocus Feat. Loyle Carner	2024/01/12/261705031414.webp	traditional	2023	night,two shot,exterior,gun,arcade,shooting,games
2305	Unknown T - Hocus Pocus Feat. Loyle Carner	2024/01/12/261705031527.webp	architexture,close-up,low-angle	2023	Day,exterior,architecture
2306	Unknown T - Hocus Pocus Feat. Loyle Carner	2024/01/12/261705031603.webp	surrealism	2023	car,interior,purple,rapping
2307	Unknown T - Hocus Pocus Feat. Loyle Carner	2024/01/12/261705031649.webp	traditional,spotlight	2023	night,exterior
2308	Unknown T - Hocus Pocus Feat. Loyle Carner	2024/01/12/261705031705.webp	screen-in-screen	2023	bike,exterior,phone,biking,screen
2309	Unknown T - Hocus Pocus Feat. Loyle Carner	2024/01/12/261705031832.webp	close-up,two-shot	2023	blue,two shot,saturated,saturation
2310	Unknown T - Hocus Pocus Feat. Loyle Carner	2024/01/12/261705031926.webp	zoom-in	2023	Day,green,forest,bike,exterior,biking
2311	Unknown T - Hocus Pocus Feat. Loyle Carner	2024/01/12/261705032028.webp	wide-shot,zoom-in	2023	Day,exterior,swing set,swinging
2312	Unknown T - Hocus Pocus Feat. Loyle Carner	2024/01/12/261705032132.webp	fixed-camera,overhead	2023	Day,exterior,swing set,swing
2313	Unknown T - Hocus Pocus Feat. Loyle Carner	2024/01/12/261705032183.webp	duplication,surrealism,low-angle	2023	exterior,levitation
2314	Unknown T - Hocus Pocus Feat. Loyle Carner	2024/01/12/261705032235.webp	fixed-camera	2023	Day,exterior
2315	Unknown T - Hocus Pocus Feat. Loyle Carner	2024/01/12/261705032282.webp	whip-pan	2023	green,exterior,high angle,golf
2316	Unknown T - Hocus Pocus Feat. Loyle Carner	2024/01/12/261705032344.webp	fixed-camera	2023	Day,exterior
2317	Unknown T - Hocus Pocus Feat. Loyle Carner	2024/01/12/261705032412.webp	high-angle,typography,zoom-in	2023	Day,exterior
2319	BERÄ - The Green Knight - A24	2024/01/12/261705033886.webp	parallax		Red,green knight,a24
2320	Source unknown	2024/01/12/261705034582.webp	collage,parallax		woman,collage,flowers
2321	A$AP Ferg - Floor Seats	2024/01/12/261705034709.webp	parallax,shadow-box	2019	shadow box,photography,parallax
2322	'Love You Kiss' by Moments Of Colour	2024/01/12/261705034972.webp	parallax	2021	night,couple,two shot,exterior,kiss,umbrella
2323	Source unknown	2024/01/12/261705035085.webp	parallax		Day,exterior,mountain,hiker,landscape
2324	Carnivàle (Opening credits)	2024/01/12/261705035243.webp	parallax	2013	tarot
2325	Carnivàle (Opening credits)	2024/01/12/261705035292.webp	parallax	2013	tarot
2326	Carnivàle (Opening credits)	2024/01/12/261705035327.webp	parallax	2013	tarot
2327	Flash cut clip by Ewan Jones Morris	2024/01/12/261705036428.webp	flash-cut,shadow-box		car,vehicle
2328	Unknown Source	2024/01/12/261705036523.webp	flash-cut		Day,exterior,cool,motorcycle
2329	Unknown Source	2024/01/12/261705036561.webp	flash-cut		Day,exterior,motorcycle
2330	Sam Griffith - Guy Walks Across America	2024/01/12/261705036696.webp	close-up,flash-cut	2013	eyes,extreme close-up
2331	Flash cut clip by Jonathan Lin	2024/01/12/261705036792.webp	flash-cut		Day,exterior,street,stop sign,walk sign,traffic light
2332	Flash cut clip from Dax Norman	2024/01/12/261705036847.webp	flash-cut		collage,stop motion
2333	Flash cut clip from Dax Norman	2024/01/12/261705036883.webp	flash-cut		collage,stop motion
2334	@kay.eey / IG	2024/01/12/261705036954.webp	flash-cut		Artist,kendrick lamar,musician,concert
2335	Dressing New York Fashion Week GIF By Feliks Tomasz Konczakowski	2024/01/12/261705037029.webp	flash-cut		woman,fashion,runway
2336	Flash cut clip by Matthias Brown	2024/01/12/261705037077.webp	close-up,flash-cut		black and white,thumb
2337	Source unknown	2024/01/12/261705037227.webp	arc-movement,flash-cut		Day,bike,exterior,motorcycle
2338	Clip by Madani Kacimi	2024/01/12/261705037287.webp	flash-cut		close up,face,portrait
2339	Clip by GIU	2024/01/12/261705037337.webp	flash-cut		Day,exterior,butterfly
2340	Everything Everywhere All at Once	2024/01/12/261705037397.webp	flash-cut	2022	woman,face,portrait,Michelle Yeoh
2341	Unknown Source	2024/01/12/261705037459.webp	flash-cut		sports,field,soccer,athlete,ball,cristiano ronaldo
2342	Unknown Source	2024/01/12/261705037489.webp	flash-cut		Day,exterior,architecture
2343	A$AP Rocky - A$AP Forever	2024/01/12/261705098696.webp	pedestal	2018	interior,tunnel,A$AP Rocky
2344	A$AP Rocky - A$AP Forever	2024/01/12/261705098807.webp	arc-movement,transition	2018	Day,car,exterior,A$AP Rocky
2345	A$AP Rocky - A$AP Forever	2024/01/12/261705098919.webp	arc-movement	2018	Day,car,exterior,A$AP Rocky
2346	A$AP Rocky - A$AP Forever	2024/01/12/261705099279.webp	transition	2018	Day,exterior,A$AP Rocky
2347	A$AP Rocky - A$AP Forever	2024/01/12/261705099362.webp	arc-movement	2018	Day,car,exterior,A$AP Rocky
2348	A$AP Rocky - A$AP Forever	2024/01/12/261705099496.webp	arc-movement,transition	2018	Day,car,exterior,A$AP Rocky
2349	A$AP Rocky - A$AP Forever	2024/01/12/261705099710.webp	masking,object-portal,zoom-in	2018	interior,A$AP Rocky
2350	A$AP Rocky - A$AP Forever	2024/01/12/261705099775.webp	masking,object-portal,zoom-in	2018	interior,girl,eye,A$AP Rocky
2351	A$AP Rocky - A$AP Forever	2024/01/12/261705099841.webp	glitch,object-portal,vhs	2018	interior,blonde,orange,zoom,portal,A$AP Rocky,frank ocean
2352	A$AP Rocky - A$AP Forever	2024/01/12/261705099960.webp	object-portal,zoom-in	2018	A$AP Rocky
2353	A$AP Rocky - A$AP Forever	2024/01/12/261705100008.webp	object-portal,zoom-in	2018	A$AP Rocky
2354	A$AP Rocky - A$AP Forever	2024/01/12/261705100141.webp	object-portal,screen-in-screen,zoom-in	2018	A$AP Rocky
2355	A$AP Rocky - A$AP Forever	2024/01/12/261705100210.webp	object-portal,zoom-in	2018	A$AP Rocky
2356	A$AP Rocky - A$AP Forever	2024/01/12/261705100257.webp	object-portal,zoom-in	2018	A$AP Rocky
2357	A$AP Rocky - A$AP Forever	2024/01/12/261705100311.webp	masking,trucking	2018	Day,running,exterior,A$AP Rocky
2358	A$AP Rocky - A$AP Forever	2024/01/12/261705100422.webp	falling	2018	Day,running,exterior,A$AP Rocky
2359	A$AP Rocky - A$AP Forever	2024/01/12/261705100563.webp	object-portal,void	2018	face,dark,eye,zoom,void,A$AP Rocky
2360	A$AP Rocky - A$AP Forever	2024/01/12/261705100632.webp	datamosh,floating,void	2018	face,dark,collage,eye,zoom,glitch,void,A$AP Rocky,layering
2361	A$AP Rocky - A$AP Forever	2024/01/12/261705100683.webp	floating,void	2018	face,dark,collage,eye,zoom,glitch,void,A$AP Rocky,layering
2363	Nomis Football - Boots Damn Boots	2024/01/13/261705105287.webp	void	2009	surrealist,surrealism,void
2364	Get Out	2024/01/13/261705105894.webp	falling,void	2017	dark,jordan peele,void,sunken place,get out
2365	Get Out	2024/01/13/261705105420.webp	close-up	2017	face,portrait,jordan peele,get out
2366	Get Out	2024/01/13/261705105476.webp	reflections	2017	car,driving,window,jordan peele,reflections,get out
2367	Us	2024/01/13/261705105769.webp	reflections	2019	Day,woman,car,window,exterior
2368	Nope	2024/01/13/261705105853.webp	reflections	2022	Day,woman,2022,window,exterior,65mm,Panavision 65 HR,Panavision System 65m,1.78,2020s,company 3
2369	Get Out	2024/01/13/261705105969.webp	first-person-pov,worms-eye	2017	night,interior,horror,jordan peele,Thriller,get out,hostage
2370	Get Out	2024/01/13/261705106044.webp	close-up	2017	woman,horror,jordan peele,scared,tears,crying,Thriller,get out
2371	Get Out	2024/01/13/261705106112.webp	close-up,screen-in-screen	2017	horror,jordan peele,camera,Thriller,screen,get out,dslr
2373	Get Out	2024/01/13/261705106190.webp	light-flash	2017	night,exterior,horror,jordan peele,Thriller,get out,police lights,copy
2374	Get Out	2024/01/13/261705106252.webp	glitch,screen-in-screen,vhs	2017	vintage,horror,jordan peele,Thriller,feedback,get out,old tv
2375	Get Out	2024/01/13/261705106322.webp	close-up,reflections	2017	glasses,horror,jordan peele,Thriller,single shot,get out,doctor,surgery
2376	Get Out	2024/01/13/261705106586.webp	close-up	2017	interior,jordan peele,spoon,tea,get out,hypnosis,hypnotize,teacup
2377	Get Out	2024/01/13/261705106824.webp	floating,void	2017	dark,black,jordan peele,void,sunken place,get out,hypnosis,hypnotize
2378	Get Out	2024/01/13/261705106843.webp	falling,void	2017	dark,black,jordan peele,void,sunken place,get out,hypnosis,hypnotize
2379	Get Out	2024/01/13/261705106861.webp	overhead,void	2017	dark,black,jordan peele,void,sunken place,get out,hypnosis,hypnotize
2380	Get Out	2024/01/13/261705106880.webp	floating,void,wide-shot	2017	dark,black,jordan peele,void,sunken place,get out,hypnosis,hypnotize
2381	Us	2024/01/13/261705107010.webp	close-up	2019	woman,interior,dark,scary,horror,tethered
2382	Doechii - Crazy	2024/01/13/261705107592.webp	snorricam	2023	interior,gun
2383	Doechii - Crazy	2024/01/13/261705107707.webp	tableau-shots	2023	interior,gun
2384	Doechii - Crazy	2024/01/13/261705107780.webp	color-shift,dutch-angle	2023	Red,woman,interior
2385	Doechii - Crazy	2024/01/13/261705107826.webp	dutch-angle,jump-cut	2023	Red,woman,interior
2386	Doechii - Crazy	2024/01/13/261705107883.webp	tableau-shots	2023	woman,women,group
2387	Doechii - Crazy	2024/01/13/261705107951.webp	slow-motion,spotlight	2023	woman,running,interior,spotlight,gun,guns
2388	Doechii - Crazy	2024/01/13/261705108038.webp	typography	2023	black and white,typography
2389	Atlanta | Season 2: Spotlight Preview	2024/01/13/261705111088.webp	conveyor,spotlight,void	2018	restaurant,night,interior,dark
2390	Atlanta | Season 2: Spotlight Preview	2024/01/13/261705111133.webp	conveyor,spotlight,void	2018	night,interior,dark,club,money
2391	Atlanta | Season 2: Spotlight Preview	2024/01/13/261705111189.webp	conveyor,spotlight,void	2018	car,exterior,dark,driveway
2392	Atlanta | Season 2: Spotlight Preview	2024/01/13/261705111256.webp	spotlight,trucking	2018	car,walking,night,blue,exterior,dark
2393	Atlanta | Season 2: Spotlight Preview	2024/01/13/261705111310.webp	spotlight,typography	2018	night,blue,exterior,dark
2394	Instagram - Yours to Make	2024/01/13/261705111690.webp	digital-gesture,void	2021	night,rollerskating
2395	Instagram - Yours to Make	2024/01/13/261705111755.webp	pass-through,reflections,void	2021	mirror
2396	Instagram - Yours to Make	2024/01/13/261705111825.webp	first-person-pov,void	2021	bike,dark,black,void,biking
2397	Instagram - Yours to Make	2024/01/13/261705111871.webp	void	2021	
2398	Instagram - Yours to Make	2024/01/13/261705111960.webp	lazy-susan,void	2021	woman,flash,skateboard,skate,cameras
2399	Instagram - Yours to Make	2024/01/13/261705112012.webp	transition,void	2021	
2400	Instagram - Yours to Make	2024/01/13/261705112074.webp	fourth-wall,void	2021	
2401	Instagram - Yours to Make	2024/01/13/261705112113.webp	whip-pan,void	2021	
2402	Instagram - Yours to Make	2024/01/13/261705112165.webp	bullet-time,conveyor,void	2021	interior,dark,train
2403	Instagram - Yours to Make	2024/01/13/261705112204.webp	spotlight,transition,void	2021	interior,dark,train
2404	Instagram - Yours to Make	2024/01/13/261705112280.webp	pedestal,spotlight,void	2021	spotlight,bathtub,clapping
2405	Instagram - Yours to Make	2024/01/13/261705112324.webp	overhead	2021	woman
2406	Adidas - Hello Tomorrow	2024/01/13/261705115685.webp	spotlight,void,wide-shot	2004	bed,adidas,spotlight
2407	Adidas - Hello Tomorrow	2024/01/13/261705115750.webp	low-angle,void,wide-shot	2004	door,adidas,spotlight
2408	Adidas - Hello Tomorrow	2024/01/13/261705115794.webp	falling,spotlight,void	2004	running,door,adidas,spotlight,jump,leap
2410	Adidas - Hello Tomorrow	2024/01/13/261705115863.webp	falling,spotlight,tracking,void	2004	running,adidas,spotlight,jump,leap
2411	Adidas - Hello Tomorrow	2024/01/13/261705115924.webp	falling,spotlight,tracking,void	2004	running,adidas,spotlight,jump,leap
2412	Adidas - Hello Tomorrow	2024/01/13/261705115961.webp	floating,void	2004	running,adidas,spotlight,jump,leap
2413	Adidas - Hello Tomorrow	2024/01/13/261705115998.webp	spotlight,trucking,void	2004	running,adidas,spotlight
2414	Adidas - Hello Tomorrow	2024/01/13/261705116056.webp	spotlight,void	2004	running,adidas,spotlight,sidewalk,crouch
2415	Adidas - Hello Tomorrow	2024/01/13/261705116105.webp	spotlight,void	2004	flip,adidas,sidewalk,fire hydrant
2416	Canon - Live for the Story	2024/01/13/261705122899.webp	spotlight,void	2017	door,child,boy,baby
2417	Canon - Live for the Story	2024/01/13/261705122969.webp	spotlight,void	2017	bike,night,exterior,dark,child,boy,kid,runner,neighborhood
2418	Canon - Live for the Story	2024/01/13/261705123051.webp	surrealism,spotlight,void	2017	Male,bike,night,exterior,dark,kid,runner,neighborhood,adult
2419	Canon - Live for the Story	2024/01/13/261705123075.webp	aerial,surrealism,spotlight,void	2017	night,exterior,aerial
2420	Canon - Live for the Story	2024/01/13/261705123117.webp	aerial,surrealism,spotlight,void	2017	car,road,night,exterior,aerial
2421	Canon - Live for the Story	2024/01/13/261705123175.webp	close-up,pan	2017	car,road,driving,night,interior,friends,group
2422	Canon - Live for the Story	2024/01/13/261705123224.webp	spotlight	2017	running,night,exterior,field
2423	Canon - Live for the Story	2024/01/13/261705123267.webp	hard-light,void	2017	running,night,exterior,field
2424	Canon - Live for the Story	2024/01/13/261705123337.webp	light-flash,surrealism	2017	water slide
2425	Canon - Live for the Story	2024/01/13/261705123377.webp	falling,slow-motion,spotlight,void	2017	water,light,pool,jump
2426	Canon - Live for the Story	2024/01/13/261705123449.webp	fpv-drone,spotlight	2017	running,night,exterior,wide,high angle,canon,end card
2427	Dell XPS - Get Into Your Youniverse	2024/01/13/261705123967.webp	arc-movement	2021	face,eyes,close-up
2428	Dell XPS - Get Into Your Youniverse	2024/01/13/261705124026.webp	transition	2021	laptop
2429	Dell XPS - Get Into Your Youniverse	2024/01/13/261705124097.webp	surrealism,as-object	2021	woman,face,screen,close-up,laptop,computer
2430	Dell XPS - Get Into Your Youniverse	2024/01/13/261705124157.webp	void,zoom-in	2021	group,crowd
2431	Dell XPS - Get Into Your Youniverse	2024/01/13/261705124466.webp	floating,void	2021	space,dark,black,void,infinite,single shot
2432	Dell XPS - Get Into Your Youniverse	2024/01/13/261705124503.webp	surrealism,void	2021	space,dark,black,void,infinite,single shot
2433	Scott Pilgrim vs. the World	2024/01/13/261705126242.webp	floating,surrealism,void	2010	door,snow,snowing
2434	25th Hour (Edward's Rant)	2024/01/13/261705126371.webp	duplication,reflections	2002	interior,talking,film,bathroom,35mm,Zeiss Ultra Prime,Arricam LT
2435	@amythystkiah / Giphy	2024/01/13/261705126416.webp	void		stairs,surrealism,wide
2436	750 MPH for IKEA	2024/01/13/261705126614.webp	void		
2437	@thechemicalbrothers / Giphy	2024/01/13/261705126642.webp	duplication,void		
2438	@coralgarvey / Giphy	2024/01/13/261705126665.webp	projections,void		
2439	Atlantic - Typecast	2024/01/13/261705127061.webp	duplication	2018	house,interior,michael k williams
2440	Atlantic - Typecast	2024/01/13/261705127079.webp	duplication	2018	house,interior,michael k williams
2441	Atlantic - Typecast	2024/01/13/261705127093.webp	duplication	2018	house,interior,michael k williams
2442	Atlantic - Typecast	2024/01/13/261705127145.webp	duplication	2018	house,interior,michael k williams
2443	Tyler The Creator - Dogtooth	2024/01/13/261705127450.webp	low-angle	2023	Day,tyler the creator,exterior,daylight
2444	Tyler The Creator - Dogtooth	2024/01/13/261705127564.webp	shaky-cam,tracking	2023	Day,tyler the creator,suit,exterior,daylight,dogs
2445	Tyler The Creator - Dogtooth	2024/01/13/261705127688.webp	fixed-camera,overhead	2023	Day,tyler the creator,car,driving,daylight,drifting
2446	Tyler The Creator - Dogtooth	2024/01/13/261705127647.webp	zoom-in	2023	Day,tyler the creator,lighthouse
2447	Tyler The Creator - Dogtooth	2024/01/13/261705127837.webp	close-up,low-angle	2023	Day,tyler the creator,blue,hand
2449	Tyler The Creator - Dogtooth	2024/01/13/261705127896.webp	close-up,ground-shot,ultra-wide-zero-d	2023	Day,tyler the creator,dogs
2450	Tyler The Creator - Dogtooth	2024/01/13/261705127956.webp	close-up,shaky-cam	2023	Day,tyler the creator,dogs
2451	Tyler The Creator - Dogtooth	2024/01/13/261705127996.webp	typography	2023	Day,close up,tyler the creator,face,smile
2452	Tyler the Creator - Sorry Not Sorry	2024/01/13/261705128261.webp	duplication	2023	Day,exterior
2453	Tyler the Creator - Sorry Not Sorry	2024/01/13/261705128344.webp	close-up,shaky-cam	2023	Day,green,face,exterior,lips,mouth,ski mask
2454	Tyler the Creator - Sorry Not Sorry	2024/01/13/261705128422.webp	close-up,tilt	2023	Day,gold,face,ski mask,chains,jewelry
2455	Tyler the Creator - Sorry Not Sorry	2024/01/13/261705128480.webp	worms-eye	2023	Day,blood,exterior,fight,violence
2456	Tyler the Creator - Sorry Not Sorry	2024/01/13/261705128523.webp	voyeur	2023	Day,exterior
2457	Tyler the Creator - Sorry Not Sorry	2024/01/13/261705128577.webp	overhead,slow-motion,zoom-in	2023	Day,exterior
2458	Tyler the Creator - Sorry Not Sorry	2024/01/13/261705128613.webp	typography	2023	Day,exterior
2459	TID Exploring Time 005 by Builders Club	2024/01/13/261705129432.webp	duplication,slow-motion	2017	Day,Red,woman,walking,exterior
2460	TID Exploring Time 005 by Builders Club	2024/01/13/261705129159.webp	slow-motion	2017	newspaper
2461	TID Exploring Time 005 by Builders Club	2024/01/13/261705129193.webp	falling,slow-motion	2017	colorful,apple,fruit,saturated,saturation,banana
2462	TID Exploring Time 005 by Builders Club	2024/01/13/261705129248.webp	close-up,slow-motion	2017	woman,face,eyes
2463	TID Exploring Time 005 by Builders Club	2024/01/13/261705129285.webp	close-up,slow-motion,zoom-in	2017	woman,face,eyes
2464	TID Exploring Time 005 by Builders Club	2024/01/13/261705129355.webp	floating,slow-motion	2017	woman,face,eyes
2465	TID Exploring Time 005 by Builders Club	2024/01/13/261705129392.webp	slow-motion	2017	water
2466	Apple - Miss You	2024/01/13/261705173031.webp	anthropomorphism	2023	2023,interior,apple,rain,2020s,outlet
2467	Apple - Miss You	2024/01/13/261705173061.webp	anthropomorphism	2023	2023,interior,apple,rain,2020s,outlet
2468	Apple - Miss You	2024/01/13/261705173088.webp	anthropomorphism	2023	2023,interior,apple,rain,2020s,outlet
2469	Apple - Hello Yellow	2024/01/13/261705173290.webp	close-up	2023	shirt,apple,phone,pocket
2470	Apple - Hello Yellow	2024/01/13/261705173346.webp	traditional	2023	Day,exterior,beanie,phone
2471	Apple - Hello Yellow	2024/01/13/261705173413.webp	traditional,trucking	2023	Day,exterior,beanie,phone
2472	Apple - Hello Yellow	2024/01/13/261705173458.webp	traditional	2023	Day,exterior,beanie,phone
2473	Apple - Hello Yellow	2024/01/13/261705173516.webp	traditional,anthropomorphism,ground-shot	2023	Animation,flower
2474	Apple - Hello Yellow	2024/01/13/261705173787.webp	close-up,reflections	2023	Animation,close up,iphone,flower
2475	Mammut - Fast Hiking	2024/01/13/261705175639.webp	ground-shot,shaky-cam	2022	Day,running,exterior
2476	Mammut - Fast Hiking	2024/01/13/261705175721.webp	ground-shot	2022	Day,running,exterior,shoe,close-up,mammut
2477	Mammut - Fast Hiking	2024/01/13/261705175891.webp	tilt,wide-shot	2022	Day,running,exterior,mammut,valley
2478	Mammut - Fast Hiking	2024/01/13/261705175990.webp	locked-on,wide-shot	2022	Day,running,nature,sports,exterior,mountain,athlete,wide,wilderness,hiking,run
2479	Mammut - Fast Hiking	2024/01/13/261705176035.webp	locked-on	2022	Day,running,nature,sports,exterior,mountain,athlete,wide,wilderness,hiking,run
2480	Mammut - Fast Hiking	2024/01/13/261705176089.webp	locked-on,overhead	2022	Day,running,nature,sports,exterior,mountain,athlete,wilderness,hiking,run
2481	Mammut - Fast Hiking	2024/01/13/261705176128.webp	locked-on	2022	Day,running,nature,sports,exterior,mountain,athlete,wilderness,hiking,run
2482	Mammut - Fast Hiking	2024/01/13/261705176236.webp	locked-on	2022	Day,running,nature,sports,exterior,mountain,athlete,wilderness,hiking,run
2483	Adidas - Feel the Boost	2024/01/13/261705176765.webp	fpv-drone,ground-shot	2019	Day,running,exterior,city
2484	Adidas - Feel the Boost	2024/01/13/261705176858.webp	ground-shot,tilt	2019	Day,running,exterior,city
2485	Adidas - Feel the Boost	2024/01/13/261705177022.webp	silhouette,wide-shot	2019	Day,running,exterior,city
2486	Adidas - Feel the Boost	2024/01/13/261705177140.webp	worms-eye	2019	Day,running,exterior,city
2487	Adidas - Feel the Boost	2024/01/13/261705177320.webp	trucking	2019	Day,running,exterior,city
2488	Adidas - Feel the Boost	2024/01/13/261705177444.webp	ground-shot,tracking	2019	Day,running,exterior,city
2489	Adidas - Feel the Boost	2024/01/13/261705177616.webp	first-person-pov,fixed-camera,overhead	2019	Day,running,exterior,city
2490	Adidas - Feel the Boost	2024/01/13/261705177721.webp	tilt	2019	Day,running,exterior,city
2491	Blood Simple	2024/01/13/261705178043.webp	ground-shot	1984	walking,interior,bar,film,beer,35mm,Zeiss Super Speed,Arriflex BL,converse,drunk,shoees
2492	Atonement	2024/01/13/261705178183.webp	ground-shot	2007	Day,interior,dress,hard light
2493	X	2024/01/13/261705179670.webp	ground-shot	2022	water,feet,reflection
2494	The Darjeeling Limited	2024/01/13/261705179915.webp	ground-shot	2007	Day,exterior,train
2495	Nike SB - Don't Make Plans	2024/01/13/261705180062.webp	ground-shot,tracking	2021	nike,shoe
2496	Unknown source	2024/01/13/261705180121.webp	ground-shot		
2497	Unknown source	2024/01/13/261705180166.webp	ground-shot		Day,sports,exterior,soccer,barefoot
2498	Salomon - Tomorrow is Yours	2024/01/13/261705180350.webp	dolly-shot,ground-shot	2023	Day,interior,ground,bed,floor,under bed
2499	UNHCR - The Journey	2024/01/13/261705180818.webp	low-angle,tilt	2021	low angle,blue,dusk
2500	Source unknown	2024/01/13/261705180916.webp	duplication,morphing		face,portrait
2501	Source unknown	2024/01/13/261705180961.webp	duplication		Red,face,portrait
2502	Cartier - Yvan Fabing	2024/01/13/261705181133.webp	duplication,freeze-frame	2021	interior,flash,camera
2503	Old Spice - Regional Greetings	2024/01/13/261705181521.webp	duplication	2014	interior,shower,old spice
2504	Botis Seva - Santo	2024/01/13/261705181675.webp	high-angle	2022	black and white
2505	Botis Seva - Santo	2024/01/13/261705181731.webp	flash-cut	2022	black and white,statue
2506	Botis Seva - Santo	2024/01/13/261705181776.webp	typography	2022	black and white,statue
2507	Waveform	2024/01/14/261705211513.webp	kaleidoscope	2015	Day,ocean,exterior,surfing
2508	Waveform	2024/01/14/261705211535.webp	kaleidoscope	2015	Day,sunset,ocean,exterior,surfing
2509	Waveform	2024/01/14/261705211550.webp	kaleidoscope	2015	Day,sunset,ocean,exterior,surfing
2510	Clip by Natasha Chomko	2024/01/14/261705211827.webp	kaleidoscope		surrealist,abstract,saturated,saturation
2511	Clip by Natasha Chomko	2024/01/14/261705211844.webp	kaleidoscope		surrealist,abstract,saturated,saturation
2512	Clip by Natasha Chomko	2024/01/14/261705211854.webp	kaleidoscope		surrealist,abstract,saturated,saturation
2513	Clip by A.L. Crego	2024/01/14/261705211929.webp	kaleidoscope		bike,black and white,biking,bicycle
2514	Clip by Chris Cubellis	2024/01/14/261705212008.webp	kaleidoscope		Day,beach,sand,exterior,palm tree
2515	Kathmandu - Summer Never Sleeps	2024/01/14/261705212088.webp	kaleidoscope,typography	2022	face,duplication,close-up
2516	Kathmandu - Summer Never Sleeps	2024/01/14/261705212099.webp	kaleidoscope,typography	2022	face,duplication,close-up
2517	Clip by Uwe Heine Debrodt	2024/01/14/261705212158.webp	traditional,zoetrope		abstract,black and white,surrealism
2518	SNL Title Sequence	2024/01/14/261705212293.webp	focal-focus		night,new york city,bokeh,snl
2519	Flashbulb	2024/01/14/261705212616.webp	shaky-cam	2013	Day,interior,magnifying glass,desk,shaky cam
2520	Flashbulb	2024/01/14/261705212653.webp	shaky-cam,two-shot	2013	Day,low angle,woman,interior
2523	Vaeda Black - Run Fast	2024/01/14/261705213281.webp	typography	2019	typography,credits,font
2524	Vaeda Black - Run Fast	2024/01/14/261705213433.webp	double-exposure	2019	typography,credits,font
2526	Duplication clip from Kevin McGloughlin	2024/01/15/261705282644.webp	duplication		
2527	NLE Choppa - Do It Again	2024/01/15/261705282848.webp	duplication	2022	Day,exterior
2528	Mercedes-Benz x Heron Preston	2024/01/15/261705283358.webp	duplication,step-printing,void	2021	jacket,black,void,fashion,heron preston
2529	Duplication clip by Matthias Brown	2024/01/15/261705283602.webp	double-exposure,duplication,echo-printing,void	2013	spin,rotate,face,black and white,lazy susan,void,head,rotoscope
2530	Under Armour - Rule Yourself	2024/01/15/261705284164.webp	duplication	2015	Day,sports,exterior,athlete,golf,Misty Copeland,Jordan Spieth,cgi,Tom Brady,droga5,Stephen Curry
2531	Under Armour - Rule Yourself	2024/01/15/261705284196.webp	duplication	2015	Day,sports,exterior,athlete,golf,Misty Copeland,Jordan Spieth,cgi,Tom Brady,droga5,Stephen Curry
2532	Under Armour - Rule Yourself	2024/01/15/261705284211.webp	duplication	2015	Day,sports,exterior,athlete,golf,Misty Copeland,Jordan Spieth,cgi,Tom Brady,droga5,Stephen Curry
2533	Art by GAKU	2024/01/15/261705284337.webp	duplication		Day,bike,exterior,bicycle,bicyclist
2534	Clip by Photojojo	2024/01/15/261705284430.webp	duplication		stairs,hoodie
2535	Clip by Erdal Inci	2024/01/15/261705284664.webp	duplication	2013	night,exterior,dark,city
2536	Clip by Erdal Inci	2024/01/15/261705284743.webp	duplication,infinite	2013	night,exterior,dark,hoodie.
2537	Clip by Erdal Inci	2024/01/15/261705284800.webp	duplication,infinite	2013	Day,exterior,stairs,hoodie,slide
2538	Clip by Erdal Inci	2024/01/15/261705284835.webp	duplication,high-angle	2013	Day,group,exterior,circle
2539	adidas x DC Look	2024/01/15/261705284956.webp	duplication,echo-printing		green,adidas,fashion,apparel,DC look
2540	The Matrix	2024/01/15/261705285079.webp	slow-motion,worms-eye	1999	Day,exterior,bullets,helicopter
2541	The Matrix	2024/01/15/261705285172.webp	bullet-time	1999	interior,Keanu Reeves,bullets
2542	The Matrix	2024/01/15/261705285209.webp	reflections	1999	car,mirror,exterior,vehicle
2543	The Matrix	2024/01/15/261705285267.webp	wide-shot	1999	water,night,interior,rain,tunnel,storm
2544	The Matrix	2024/01/15/261705285309.webp	bullet-time	1999	water,night,interior,rain,tunnel,storm
2545	The Matrix	2024/01/15/261705285352.webp	ground-shot,slow-motion	1999	interior,ground,teal,turquoise,bullets,boots
2546	The Matrix	2024/01/15/261705285391.webp	screen-in-screen	1999	green,interior,tv,television,screen,interogation
2547	The Matrix	2024/01/15/261705285479.webp	close-up	1999	dark,red pill,blue pill
2548	The Matrix	2024/01/15/261705285580.webp	arc-movement,bullet-time	1999	Day,green,exterior,Keanu Reeves
2549	The Matrix Resurrections	2024/01/15/261705285896.webp	bullet-time,slow-motion	2021	Panavision,Panavision Primo Primes,RED Komodo,Panavision Primo 70s,RED Monstro,Panavision Panaspeed Lenses,RED Ranger Monstro
2550	The Matrix	2024/01/15/261705285981.webp	arc-movement,bullet-time	1999	interior,Keanu Reeves,fight
2551	The Matrix	2024/01/15/261705286004.webp	arc-movement,bullet-time	1999	interior,Keanu Reeves,fight,gun,bullets
2552	Squarespace - The Singularity	2024/01/15/261705287782.webp	double-exposure	2023	interior,adam driver
2553	Squarespace - The Singularity	2024/01/15/261705287862.webp	trucking	2023	dusk,sunset,exterior,desert
2554	Squarespace - The Singularity	2024/01/15/261705287905.webp	double-exposure	2023	dusk,exterior,silhouette,tracking,desert,sun
2555	Squarespace - The Singularity	2024/01/15/261705287934.webp	silhouette,wide-shot	2023	dusk,exterior,silhouette,tracking,desert,sun
2556	Squarespace - The Singularity	2024/01/15/261705287977.webp	close-up,duplication	2023	dusk,exterior,desert,adam driver
2557	Squarespace - The Singularity	2024/01/15/261705288008.webp	duplication	2023	dusk,exterior,desert,adam driver
2558	Squarespace - The Singularity	2024/01/15/261705288057.webp	duplication,overhead	2023	dusk,exterior,desert,adam driver,eclipse
2559	Squarespace - The Singularity	2024/01/15/261705288097.webp	duplication	2023	dusk,exterior,desert,sunglasses,adam driver,eclipse
2560	Squarespace - The Singularity	2024/01/15/261705288143.webp	close-up,duplication	2023	dusk,exterior,desert,sunglasses,adam driver,eclipse
2561	Squarespace - The Singularity	2024/01/15/261705288203.webp	dolly-shot	2023	dusk,exterior,desert,sunglasses,adam driver,eclipse
2562	Squarespace - The Singularity	2024/01/15/261705288265.webp	duplication	2023	dusk,exterior,desert,sunglasses,adam driver,eclipse
2563	Squarespace - The Singularity	2024/01/15/261705288883.webp	low-angle	2023	Day,exterior,desert,sun,adam driver
2564	Squarespace - The Singularity	2024/01/15/261705288950.webp	duplication	2023	Day,walking,exterior,desert,sun,circle,rotating,adam driver,cactus
2565	Squarespace - The Singularity	2024/01/15/261705288997.webp	duplication	2023	Day,walking,exterior,desert,circle,adam driver,holding hands
2566	Squarespace - The Singularity	2024/01/15/261705289063.webp	duplication	2023	interior,interview,set,adam driver,bts,backstage,behind the scenes
2567	Squarespace - The Singularity	2024/01/15/261705289105.webp	duplication	2023	walking,interior,interview,set,adam driver,bts,backstage,behind the scenes
2568	Squarespace - The Singularity	2024/01/15/261705289144.webp	duplication	2023	interior,door,bathroom,interview,set,adam driver,bts,backstage,behind the scenes
2569	Squarespace - The Singularity	2024/01/15/261705289181.webp	duplication	2023	interior,interview,set,adam driver,bts,backstage,behind the scenes
2570	Squarespace - The Singularity	2024/01/15/261705289212.webp	duplication	2023	interior,food,lunch,interview,set,adam driver,bts,backstage,behind the scenes
2571	Squarespace - The Singularity	2024/01/15/261705289250.webp	duplication	2023	interior,set,adam driver,bts,backstage,behind the scenes
2572	Squarespace - The Singularity	2024/01/15/261705289284.webp	duplication	2023	walking,interior,door,bathroom,set,adam driver,bts,backstage,behind the scenes
2573	Clip by Zach Scheiwiller	2024/01/15/261705289472.webp	duplication		trucking,walking,exterior,city
2574	Souce unknown	2024/01/15/261705289556.webp	duplication,echo-printing,void		walking,stairs,black,void
2575	BENEE - Never Ending	2024/01/15/261705289666.webp	duplication,high-angle,spotlight	2022	dark,spotlight,high angle,void
2576	BENEE - Never Ending	2024/01/15/261705289690.webp	duplication	2022	reflection,spotlight,void
2577	BENEE - Never Ending	2024/01/15/261705289709.webp	duplication,two-shot	2022	spotlight,void
2578	Moncler x Will Smith - Genius is Born Crazy	2024/01/15/261705289907.webp	duplication,void	2019	yellow,will smith
2579	Moncler x Will Smith - Genius is Born Crazy	2024/01/15/261705290030.webp	arc-movement,floating,void	2019	Red,floating,levitation,will smith
2580	Moncler x Will Smith - Genius is Born Crazy	2024/01/15/261705290071.webp	silhouette,void	2019	shadow,will smith,boxing,fighting
2581	Moncler x Will Smith - Genius is Born Crazy	2024/01/15/261705290110.webp	first-person-pov,void	2019	will smith,boxing,fighting
2582	Source unknown	2024/01/15/261705291042.webp	collage,duplication		Day,exterior
2583	Kevin McGloughlin for Max Cooper 'Repetition'	2024/01/15/261705291233.webp	duplication,overhead		woman,interior,stairs,conveyor,one shot,person,escalator
2584	Kevin McGloughlin for Max Cooper 'Repetition'	2024/01/15/261705291377.webp	overhead		Day,road,walking,exterior,street,crosswalk
2585	Kevin McGloughlin for Max Cooper 'Repetition'	2024/01/15/261705291504.webp	void		statue
2586	Squarespace - Who is johnmalkovich.com?	2024/01/16/261705382528.webp	close-up	2017	interior,computer screen,john malkovich
2587	La Haine	2024/01/16/261705383000.webp	as-object	1995	interior,black and white,bathroom,Arriflex
2588	La Haine	2024/01/16/261705383209.webp	close-up	1995	Day,face,black and white,exterior,portrait,Arriflex
2589	La Haine	2024/01/16/261705383261.webp	focal-focus,two-shot	1995	interior,two shot,black and white
2590	La Haine	2024/01/16/261705383301.webp	wide-shot	1995	Day,black and white,exterior,police,cops
2591	La Haine	2024/01/16/261705383340.webp	focal-focus,split-diopter	1995	night,black and white,Eiffel tower,close-up,ring
2592	La Haine	2024/01/16/261705383420.webp	reflections	1995	car,black and white,window,exterior,vehicle,moving,Arriflex
2593	La Haine	2024/01/16/261705383646.webp	focal-focus,silhouette	1995	night,black and white,exterior,france,paris,Eiffel tower,Arriflex
2594	La Haine	2024/01/16/261705383686.webp	first-person-pov,shaky-cam	1995	running,night,interior,black and white,hallway,gun,tunnel
2595	The Grand Budapest Hotel	2024/01/16/261705384371.webp	as-object	2014	interior,mirror,bathroom
2596	Insecure	2024/01/16/261705384691.webp	as-object		interior,bathroom,ARRI ALEXA Mini,issa rae
2597	The Truman Show	2024/01/16/261705384868.webp	as-object	1998	interior,mirror,dark,film,35mm,Panavision Primo Primes,1.78,peter weir,fourth wall,Panavision Platinum,Michael Healey,William M. Anderson,Lee Smith
2598	Moonlight	2024/01/16/261705385251.webp	as-object	2016	green,mirror,bathroom,boy,Angenieux,Kowa,Hawk V-Lite,ARRI ALEXA XT
2599	Vertigo	2024/01/16/261705385660.webp	trip,falling	1958	1950s,saturated,saturation,falling,Vista Vision,1958
2600	Moonlight	2024/01/16/261705385817.webp	fixed-camera	2016	Day,car,blue,exterior,vehicle,Angenieux,turquoise,Kowa,Hawk V-Lite,ARRI ALEXA XT
2601	Moonlight	2024/01/16/261705385850.webp	ground-shot,shaky-cam	2016	Day,water,ocean,handheld,Angenieux,Kowa,Hawk V-Lite,ARRI ALEXA XT
2602	Moonlight	2024/01/16/261705385871.webp	ground-shot,underwater	2016	Day,water,ocean,handheld,Angenieux,Kowa,Hawk V-Lite,ARRI ALEXA XT
2603	Moonlight	2024/01/16/261705385969.webp	over-the-shoulder,focal-focus	2016	restaurant,night,back of head,interior,Angenieux,Hawk V-Lite,ARRI ALEXA XT
2604	Moonlight	2024/01/16/261705386163.webp	over-the-shoulder,focal-focus	2016	restaurant,night,back of head,interior,Angenieux,Hawk V-Lite,ARRI ALEXA XT
2605	Moonlight	2024/01/16/261705386353.webp	close-up	2016	night,blue,interior,orange,Angenieux,Hawk V-Lite,ARRI ALEXA XT,duo
2606	Moonlight	2024/01/16/261705386375.webp	close-up,hard-light	2016	night,blue,interior,orange,Angenieux,Hawk V-Lite,ARRI ALEXA XT,duo
2607	Moonlight	2024/01/16/261705386416.webp	dolly-shot,tracking	2016	night,exterior,reflection,rain,store,tracking,Angenieux,Hawk V-Lite,ARRI ALEXA XT,away from camera
2608	Moonlight	2024/01/16/261705386454.webp	close-up	2016	bed,sleep,Angenieux,sleeping,Hawk V-Lite,ARRI ALEXA XT
2610	Pa Salieu - My Family feat BackRoad Gee	2024/01/16/261705432525.webp	bolt-cam,typography	2020	black and white
2611	Pa Salieu - My Family feat BackRoad Gee	2024/01/16/261705432650.webp	bolt-cam	2020	black and white
2612	Pa Salieu - My Family feat BackRoad Gee	2024/01/16/261705432725.webp	bolt-cam	2020	black and white
2613	Pa Salieu - My Family feat BackRoad Gee	2024/01/16/261705432875.webp	camera-roll,match-cut	2020	black and white
2614	Pa Salieu - My Family feat BackRoad Gee	2024/01/16/261705432933.webp	camera-roll,match-cut	2020	black and white
2615	Pa Salieu - My Family feat BackRoad Gee	2024/01/16/261705433011.webp	whip-pan	2020	black and white
2616	Pa Salieu - My Family feat BackRoad Gee	2024/01/16/261705433174.webp	whip-pan	2020	black and white
2618	Pa Salieu - My Family feat BackRoad Gee	2024/01/16/261705433284.webp	bolt-cam	2020	black and white
2619	Pa Salieu - My Family feat BackRoad Gee	2024/01/16/261705433327.webp	bolt-cam	2020	black and white
2620	Pa Salieu - My Family feat BackRoad Gee	2024/01/16/261705433392.webp	bolt-cam	2020	black and white
2621	Pa Salieu - My Family feat BackRoad Gee	2024/01/16/261705433439.webp	tilt	2020	black and white
2622	Pa Salieu - My Family feat BackRoad Gee	2024/01/16/261705433479.webp	quick-cuts,speed-ramping	2020	black and white
2623	Polo G - GNF (OKOKOK)	2024/01/16/261705434990.webp	typography	2021	green,studio
2624	Polo G - GNF (OKOKOK)	2024/01/16/261705435054.webp	typography	2021	green
2625	Polo G - GNF (OKOKOK)	2024/01/16/261705435105.webp	tracking	2021	brown,beige,hallway
2626	Polo G - GNF (OKOKOK)	2024/01/16/261705435201.webp	camera-roll,transition	2021	brown,beige,hallway
2627	Duplication clip from Dirk Koy	2024/01/21/261705821451.webp	duplication		Day,exterior,ski lift
2628	PBS - City in the Sky (TV Series)	2024/01/21/261705822110.webp	duplication	2016	airplane,airport,flying
2629	Kevin McGloughlin for Max Cooper 'Repetition'	2024/01/21/261705822333.webp	duplication	2019	interior,grey,door,elevator
2630	Kevin McGloughlin for Max Cooper 'Repetition'	2024/01/21/261705822369.webp	duplication	2019	interior,grey,door,elevator
2631	Kevin McGloughlin for Max Cooper 'Repetition'	2024/01/21/261705822448.webp	architexture,duplication	2019	Day,blue,architexture,exterior,cool,building
2632	Kevin McGloughlin for Max Cooper 'Repetition'	2024/01/21/261705822502.webp	duplication	2019	black and white,exterior,elevator
2633	Kevin McGloughlin for Max Cooper 'Repetition'	2024/01/21/261705822550.webp	duplication	2019	low angle,exterior,building
2634	Kevin McGloughlin for Max Cooper 'Repetition'	2024/01/21/261705822608.webp	duplication	2019	Day,sky,exterior,ferris wheel
2635	Kevin McGloughlin for Max Cooper 'Repetition'	2024/01/21/261705822676.webp	duplication	2019	Day,blue,exterior,wind turbine
2636	Kevin McGloughlin for Max Cooper 'Repetition'	2024/01/21/261705822726.webp	duplication,overhead	2019	road,driving,bridge,exterior,overhead,vehicle,cars,highway,asphalt,cement,overpass
2637	Kevin McGloughlin for Max Cooper 'Repetition'	2024/01/21/261705822788.webp	duplication,kaleidoscope	2019	
2638	Kevin McGloughlin for Max Cooper 'Repetition'	2024/01/21/261705822828.webp	duplication	2019	Day,exterior,cable,traffic lights
2639	Kevin McGloughlin for Max Cooper 'Repetition'	2024/01/21/261705822873.webp	duplication,overhead	2019	night,dark,sodium,cars,highway,roads,asphalt,vehicles
2640	Kevin McGloughlin for Max Cooper 'Repetition'	2024/01/21/261705822931.webp	duplication,overhead	2019	Day,exterior,cars,highway,roads,asphalt,vehicles
2641	Kevin McGloughlin for Max Cooper 'Repetition'	2024/01/21/261705822962.webp	duplication,overhead	2019	Day,exterior,cars,highway,roads,asphalt,vehicles
2642	Kevin McGloughlin for Max Cooper 'Repetition'	2024/01/21/261705823035.webp	dolly-zoom	2019	Day,exterior,cars,highway,roads,asphalt,vehicles
2643	Kevin McGloughlin for Max Cooper 'Repetition'	2024/01/21/261705823093.webp	duplication,void	2019	dark,void,helicopter,aircraft
2644	Ziak - Akimbo	2024/01/21/261705823771.webp	bullet-time	2022	interior,single shot,knives
2645	Ziak - Akimbo	2024/01/21/261705823826.webp	bullet-time	2022	interior,single shot,knives
2646	Ziak - Akimbo	2024/01/21/261705823867.webp	bullet-time,high-angle,focal-focus	2022	interior,single shot,knives
2647	Ziak - Akimbo	2024/01/21/261705823934.webp	arc-movement,high-angle	2022	yellow,night,interior,dark,sodium
2648	Ziak - Akimbo	2024/01/21/261705823993.webp	floating	2022	night,exterior,smoking,smoke,sodium
2649	Ziak - Akimbo	2024/01/21/261705824050.webp	dolly-shot	2022	Explosion,car,night,exterior,fire,flame,vehicle,hot
2650	Ziak - Akimbo	2024/01/21/261705824111.webp	dolly-shot,tilt	2022	night,exterior,building,roof,heights,high up
2651	Ziak - Akimbo	2024/01/21/261705824156.webp	arc-movement	2022	night,exterior,overhead,bandana
2652	Ziak - Akimbo	2024/01/21/261705824221.webp	dolly-shot	2022	night,exterior,fire,flame,surrealism
2653	Ziak - Akimbo	2024/01/21/261705824288.webp	cut-ins,match-cut	2022	blunt,Cigarette,smoke,fire,flame,lighter
2654	The King of Comedy	2024/01/23/261705995189.webp	freeze-frame	1982	car,window,flash,hands
2655	EA SPORTS FC x Triangles ft. Dave	2024/01/23/261705995273.webp	freeze-frame	2023	sports,photography,soccer,fans,EA sports
2656	Snatch	2024/01/23/261705995375.webp	freeze-frame	2000	sports,interior,athlete,frozen,boxing
2657	Funny Games	2024/01/23/261705995473.webp	freeze-frame	2007	interior,men,dark,three shot
2658	Once Upon a Time in America	2024/01/23/261705996133.webp	freeze-frame	1984	interior,zoom
2659	Magnolia	2024/01/23/261705996234.webp	traditional,freeze-frame	1999	Scribble,blue,exterior,building,drawn
2660	Pulp Fiction	2024/01/23/261705996281.webp	freeze-frame,typography	1994	Day,restaurant,interior,two shot,gun
2661	Harry Potter and the Prisoner of Azkaban	2024/01/23/261705996350.webp	falling,freeze-frame	2004	Day,harry potter,clouds,exterior,green screen,daniel radcliffe,stormy,magic,flying,broom
2662	The Wolf of Wall Street	2024/01/23/261705996450.webp	freeze-frame	2013	Day,interior,flying
2663	Hot Fuzz	2024/01/23/261705996589.webp	freeze-frame	2007	Day,exterior,cool,Arriflex,cop,ARRICAM,knife
2664	Hot Fuzz	2024/01/23/261705996653.webp	reflections	2007	Day,cool,Arriflex,ARRICAM
2665	Hot Fuzz	2024/01/23/261705996686.webp	close-up	2007	hand,paper,Arriflex,ARRICAM,pen,writing
2666	The Wolf of Wall Street	2024/01/23/261705996793.webp	close-up	2013	macro,interior,hand,close-up,coke,razor
2667	The Wolf of Wall Street	2024/01/23/261705996924.webp	ground-shot	2013	Day,water,Leonardo DiCaprio,face,exterior,wet
2668	Hot Fuzz	2024/01/23/261705997029.webp	tilt	2007	interior,bar,beer,Arriflex,ARRICAM
2669	Lil Dicky - HAHAHA	2024/01/23/261705997374.webp	tracking	2024	interior,dark,hallway,lil dicky
2670	Lil Dicky - HAHAHA	2024/01/23/261705997440.webp	first-person-pov	2024	low angle,interior,hallway
2671	Lil Dicky - HAHAHA	2024/01/23/261705997499.webp	double-dolly	2024	low angle,interior,hallway
2672	Lil Dicky - HAHAHA	2024/01/23/261705997547.webp	tracking	2024	overhead,high angle,lil dicky,dragging
2673	Lil Dicky - HAHAHA	2024/01/23/261705997621.webp	dolly-shot,undercranking	2024	interior,group,dolly,gun,track,lil dicky,lots of people,jail
2674	Lil Dicky - HAHAHA	2024/01/23/261705997707.webp	tracking	2024	Explosion,walking,exterior,tracking,clown,lil dicky,joker
2675	Lil Dicky - HAHAHA	2024/01/23/261705997764.webp	trucking	2024	Day,running,exterior,neighborhood
2676	Lil Dicky - HAHAHA	2024/01/23/261705997854.webp	fixed-camera	2024	car,road,driving,night,exterior,city,roof,vehicle,streets,lil dicky,joker,chase
2677	Lil Dicky - HAHAHA	2024/01/23/261705997887.webp	fixed-camera	2024	car,road,driving,night,exterior,city,roof,vehicle,streets,lil dicky,joker,chase
2678	Lil Dicky - HAHAHA	2024/01/23/261705997981.webp	jump-cut,zoom-in	2024	car,road,driving,night,interior,city,vehicle,lil dicky,joker,chase
2679	Lil Dicky - HAHAHA	2024/01/23/261705998021.webp	pan	2024	car,road,driving,night,exterior,city,vehicle,lil dicky,joker,chase
2680	Lil Dicky - HAHAHA	2024/01/23/261705998075.webp	screen-in-screen	2024	car,vintage,old,retro,vehicle,screen,lil dicky
2681	Lil Dicky - HAHAHA	2024/01/23/261705998179.webp	speed-ramping,slow-motion	2024	car,slow motion,crash,limo
2682	Lil Dicky - HAHAHA	2024/01/23/261705998279.webp	freeze-frame	2024	night,black and white,exterior,flash,photography,frozen,lil dicky,joker,freeze
2683	Lil Dicky - HAHAHA	2024/01/23/261705998384.webp	close-up,slow-motion	2024	night,black and white,exterior,flash,photography,cameras,lil dicky,joker,press
2684	Lil Dicky - HAHAHA	2024/01/23/261705998471.webp	freeze-frame,slow-motion	2024	night,black and white,exterior,flash,photography,cameras,lil dicky,joker,press
2685	Lil Dicky - HAHAHA	2024/01/23/261705998555.webp	zoom-in	2024	Day,exterior,clown,horse,lil dicky,joker
2686	Lil Dicky - HAHAHA	2024/01/23/261705998692.webp	snorricam	2024	Day,exterior,clown,horse,lil dicky,joker
2687	Lil Dicky - HAHAHA	2024/01/23/261705998643.webp	slow-motion	2024	Day,exterior,horses
2688	Lil Dicky - HAHAHA	2024/01/23/261705998767.webp	zoom-in	2024	Day,exterior,zoom out,hill
2689	Lil Dicky - HAHAHA	2024/01/23/261705998822.webp	ground-shot	2024	Day,grass,face,exterior,lil dicky,joker
2690	Lil Dicky - HAHAHA	2024/01/23/261705998877.webp	worms-eye	2024	Day,group,exterior,mask
2691	Lil Dicky - HAHAHA	2024/01/23/261705998968.webp	floating	2024	Day,exterior,levitation,lil dicky
2692	Lil Dicky - HAHAHA	2024/01/23/261705999033.webp	floating	2024	Day,exterior,levitation,lil dicky
2693	Lil Dicky - HAHAHA	2024/01/23/261705999079.webp	floating,low-angle	2024	Day,exterior,levitation,clown,lil dicky,joker
2694	Lil Dicky - HAHAHA	2024/01/23/261705999134.webp	wide-shot	2024	Day,running,nature,exterior,field,wide,lil dicky
2695	Travis Scott - I KNOW ?	2024/01/23/261706040810.webp	match-split,split-screen	2024	shadow box,split screen,travis scott
2696	Travis Scott - I KNOW ?	2024/01/23/261706040845.webp	glitch,vhs	2024	shadow box,split screen,travis scott
2697	Travis Scott - I KNOW ?	2024/01/23/261706040882.webp	glitch,vhs	2024	shadow box,split screen,travis scott
2698	Travis Scott - I KNOW ?	2024/01/23/261706040938.webp	zoom-in	2024	shadow box,split screen,travis scott
2699	Travis Scott - I KNOW ?	2024/01/23/261706040975.webp	focal-focus	2024	shadow box,split screen,travis scott
2700	Travis Scott - I KNOW ?	2024/01/23/261706041049.webp	reflections	2024	car,mirror,exterior,travis scott
2701	Travis Scott - I KNOW ?	2024/01/23/261706041120.webp	reflections	2024	car,window,exterior,smoking,travis scott
2702	Travis Scott - I KNOW ?	2024/01/23/261706041194.webp	silhouette	2024	house,interior,sunset,silhouette,travis scott
2703	Sokół – Miłość zawsze jest	2024/01/23/261706041508.webp	arc-movement,bullet-time	2023	exterior,1940s,frozen
2704	Sokół – Miłość zawsze jest	2024/01/23/261706041567.webp	bullet-time	2023	Day,woman,bench,exterior,birds,1940s,sitting,pigeon,feeding birds
2705	Sokół – Miłość zawsze jest	2024/01/23/261706041615.webp	bullet-time,tilt	2023	Day,woman,bench,exterior,old,1940s,frozen,sitting
2706	Sokół – Miłość zawsze jest	2024/01/23/261706041687.webp	dolly-shot	2023	Day,interior,hallway,1940s,dust
2707	Sokół – Miłość zawsze jest	2024/01/23/261706041750.webp	arc-movement,bullet-time	2023	Day,exterior,flowers,1940s
2708	Sokół – Miłość zawsze jest	2024/01/23/261706041814.webp	bullet-time	2023	Day,exterior,1940s
2709	Sokół – Miłość zawsze jest	2024/01/23/261706041948.webp	bullet-time,dolly-shot	2023	Day,interior,hallway,1940s,religion,holy,prayer,war,group of people,reverend
2710	Sokół – Miłość zawsze jest	2024/01/23/261706042054.webp	bullet-time	2023	Day,interior,wedding,couple,1940s,happy,smiles,marriage
2711	Sokół – Miłość zawsze jest	2024/01/23/261706042156.webp	bullet-time,color-shift,morphing	2023	Day,interior,wedding,couple,1940s,happy,smiles,marriage
2712	Nike - Sport Changes Everything, Chicago-Style	2024/01/24/261706083643.webp	close-up	2019	restaurant,nike,interior,chicago
2713	Good Time	2024/01/24/261706083700.webp	close-up	2017	interior,jail
2714	Moonrise Kingdom	2024/01/24/261706083774.webp	close-up	2012	pink,handwriting,cursive,letter,handwritten
2715	The French Dispatch	2024/01/24/261706083830.webp	close-up	2021	woman,black and white
2716	Birds of Prey	2024/01/24/261706083889.webp	close-up	2020	2020,2020s,Cathy Yan,Birds of Prey,pen,handwriting,handwritten
2717	Sony - Your World. Nothing Else	2024/01/24/261706083936.webp	close-up	2022	interior,hand,couch
2718	You Won’t Be Alone	2024/01/24/261706084067.webp	close-up	2022	Day,blood,interior,fingers
2719	2001: A Space Odyssey	2024/01/24/261706084129.webp	close-up	1968	Red,close up,interior,kubrick,1968,space,2001,flash,reflection,helmet,spacesuit,spaceship,space suit,outer space,inside,Stanley Kubrick,Keir Dullea,65mm,Panavision
2720	Lil Yachty - Strike	2024/01/24/261706084182.webp	close-up	2023	light,Cole,dark,fire,flame,eyes,yachty,grills,grillz,matches,lil yachty,lyrical lemonade
2721	2001: A Space Odyssey	2024/01/24/261706084251.webp	falling	1968	kubrick,1968,spacesuit,outer space
2722	2001: A Space Odyssey	2024/01/24/261706084284.webp	floating	1968	kubrick,1968,spacesuit,outer space
2723	2001: A Space Odyssey	2024/01/24/261706084311.webp	close-up	1968	Red,interior,hard light
2724	2001: A Space Odyssey	2024/01/24/261706084398.webp	trip,slit-scan	1968	colorful,trippy,saturation,psychedelic
2725	2001: A Space Odyssey	2024/01/24/261706084461.webp	tracking	1968	white,walking,interior,space,spacesuit,orange,outerspace
2726	2001: A Space Odyssey	2024/01/24/261706084497.webp	fisheye,typography	1968	blue,interior,spaceship,outerspace
2727	2001: A Space Odyssey	2024/01/24/261706084534.webp	close-up,reflections	1968	reflection,helmet,spacesuit
2728	2001: A Space Odyssey	2024/01/24/261706084581.webp	overhead	1968	interior,spacesuit,cockpit,outerspace,buttons,spaceshit
2729	Peeping Tom	2024/01/24/261706084730.webp	cinemagraph	1960	camera,1960s,1960,tom
2730	Szamanka	2024/01/24/261706084873.webp	close-up,profile-shot,two-shot	1996	couple,romance,romantic
2731	Peter Pan	2024/01/24/261706084941.webp	close-up,profile-shot,two-shot	2003	purple,2000s,saturated,2003,p.j. hogan,peter pan,colored light
2732	You Won’t Be Alone	2024/01/24/261706084999.webp	close-up,ground-shot,profile-shot	2022	face
2733	X	2024/01/24/261706085095.webp	close-up,ground-shot,profile-shot	2022	Day,water,face,exterior,reflection
2734	X	2024/01/24/261706085119.webp	close-up,ground-shot	2022	Day,water,face,exterior,reflection
2735	The Hunger Games	2024/01/24/261706085399.webp	close-up	2012	exterior,Zeiss Ultra Prime,Arricam LT,Arricam ST,Angenieux Optimo Zooms,Arriflex 235,powder,make-up
2736	The Hunger Games	2024/01/24/261706085424.webp	close-up	2012	exterior,Zeiss Ultra Prime,Arricam LT,Arricam ST,Angenieux Optimo Zooms,Arriflex 235,powder,make-up
2737	The Hunger Games	2024/01/24/261706085476.webp	close-up	2012	exterior,Zeiss Ultra Prime,Arricam LT,Arricam ST,Angenieux Optimo Zooms,Arriflex 235,powder,make-up
2738	The Hunger Games	2024/01/24/261706085532.webp	close-up	2012	green,forest,exterior,Zeiss Ultra Prime,Arricam LT,Arricam ST,Angenieux Optimo Zooms,Arriflex 235
2739	The Hunger Games	2024/01/24/261706085579.webp	focal-focus	2012	green,forest,exterior,Zeiss Ultra Prime,Arricam LT,Arricam ST,Angenieux Optimo Zooms,Arriflex 235
2740	Whiplash	2024/01/24/261706085877.webp	close-up	2014	paper,pen,music notes
2741	Pulp Fiction	2024/01/24/261706085944.webp	silhouette	1994	Cigarette,car,night,interior,smoking,vehicle
2742	Chungking Express	2024/01/24/261706086345.webp	close-up	1994	Red,water,hands,wash,bucket
2743	Chungking Express	2024/01/24/261706086398.webp	reflections	1994	car,warm,interior,vehicle
2744	Chungking Express	2024/01/24/261706086429.webp	reflections	1994	night,interior,couple,two shot,reflection,vehicle
2745	Chungking Express	2024/01/24/261706086523.webp	undercranking,motion-blur	1994	restaurant,blue,interior,bar
2746	Chungking Express	2024/01/24/261706086563.webp	dutch-angle	1994	black and white,phone,dutch,call,telephone
2747	Chungking Express	2024/01/24/261706086605.webp	double-exposure,step-printing	1994	running,saturated,double
2748	Chungking Express	2024/01/24/261706086637.webp	double-exposure	1994	music,interior,colorful,saturated,saturation,jukebox,cds
2749	Chungking Express	2024/01/24/261706086664.webp	double-exposure	1994	restaurant,interior,colorful,saturation
2750	Chungking Express	2024/01/24/261706086686.webp	double-exposure	1994	green,restaurant,interior,purple,colorful,saturation
2751	Chungking Express	2024/01/24/261706086722.webp	silhouette	1994	green,night,interior,dog
2752	Chungking Express	2024/01/24/261706086746.webp	close-up	1994	interior,hand,cans
2753	Chungking Express	2024/01/24/261706086797.webp	dutch-angle	1994	Day,interior,train,single shot
2754	Chungking Express	2024/01/24/261706086864.webp	focal-focus	1994	night,exterior,police,cop
2755	Chungking Express	2024/01/24/261706086911.webp	focal-focus	1994	night,bar,colorful,beer,saturated,saturation,single shot
2756	Chungking Express	2024/01/24/261706086946.webp	trip	1994	woman,night,bar,colorful,saturation,trip,psychedelic
2757	Chungking Express	2024/01/24/261706086989.webp	motion-blur,step-printing	1994	night,two shot,exterior,fight,violence
2758	Chungking Express	2024/01/24/261706087034.webp	focal-focus	1994	convenience store,interior,corner store,grocery
2759	Titanic	2024/01/25/261706150884.webp	close-up	1997	interior,paper,pen,handwriting,handwritten
2760	Titanic	2024/01/25/261706150927.webp	close-up	1997	interior,butterfly,jewelry,hair
2761	Mad Max: Fury Road	2024/01/25/261706151120.webp	close-up	2015	Day,exterior,Panavision Primo Primes,Angenieux Optimo Zooms,Panavision Ultra Speed MKII,ARRI ALEXA 4:3 / plus,ARRI ALEXA M
2762	Mad Max: Fury Road	2024/01/25/261706151265.webp	close-up	2015	face,head,forehead
2763	Mad Max: Fury Road	2024/01/25/261706151346.webp	voyeur	2015	Day,black and white,exterior,sniper
2764	Atonement	2024/01/25/261706151434.webp	close-up	2007	Day,interior,coffee,tea
2765	Cocaine Bear	2024/01/25/261706151476.webp	close-up	2023	woman,blood,interior,face,single shot
2766	Moulin Rouge!	2024/01/25/261706151529.webp	close-up,profile-shot	2001	woman,face,profile
2767	Unlocked	2024/01/25/261706151650.webp	close-up,reflections	2023	face
2768	The Fabelmans	2024/01/25/261706151703.webp	close-up	2022	close up,face,magnifying glass
2769	Cat People	2024/01/25/261706151870.webp	close-up	1982	woman
2770	Cat People	2024/01/25/261706151920.webp	close-up,hard-light,spotlight,void	1982	woman
2771	Cat People	2024/01/25/261706151970.webp	silhouette	1982	Red,silhouette,leopard,cougar,panther
2772	Cat People	2024/01/25/261706152122.webp	halation	1982	light,night,blue,helicopter
2773	Cat People	2024/01/25/261706152181.webp	double-exposure	1982	black and white,cat
2774	Bound	2024/01/25/261706152420.webp	close-up,void	1996	couple,lips,kiss
2775	Hereditary	2024/01/25/261706152460.webp	close-up	2018	woman,face,crying
2776	Requiem for a Dream	2024/01/25/261706152589.webp	close-up,quick-cuts	2000	Panavision Gold / G2,Panavision Panastar,Eyemo,Arri 3
2777	Requiem for a Dream	2024/01/25/261706152683.webp	close-up,quick-cuts,split-screen	2000	Panavision Gold / G2,Panavision Panastar,Eyemo,Arri 3
2778	Requiem for a Dream	2024/01/25/261706152708.webp	close-up,quick-cuts	2000	Panavision Gold / G2,Panavision Panastar,Eyemo,Arri 3
2779	Requiem for a Dream	2024/01/25/261706152728.webp	close-up,quick-cuts,split-screen	2000	Panavision Gold / G2,Panavision Panastar,Eyemo,Arri 3
2780	Requiem for a Dream	2024/01/25/261706152749.webp	close-up,quick-cuts	2000	Panavision Gold / G2,Panavision Panastar,Eyemo,Arri 3
2781	@jeddraws - Tenor	2024/01/25/261706152857.webp	close-up,fisheye,low-angle		low angle,face
2782	Unlocked	2024/01/25/261706152902.webp	close-up	2023	face,eye
2783	Breaking Bad (TV Series)	2024/01/25/261706152943.webp	close-up	2011	Day,exterior,Super 35,Arriflex 435,3 perf,gun,1.78,Cooke S4/ i,desert,Arricam LT,Arricam ST,bryan cranston,Angenieux Optimo,single shot
2784	EA SPORTS FC x Triangles ft. Dave	2024/01/25/261706153005.webp	close-up	2023	face,lips,teeth,EA sports
2785	The Hunger Games	2024/01/25/261706153049.webp	close-up	2012	gold,interior,hands,Zeiss Ultra Prime,Arricam LT,Arricam ST,Angenieux Optimo Zooms,Arriflex 235
2786	2001: A Space Odyssey	2024/01/25/261706153110.webp	profile-shot,vignette,whip-pan	1968	profile
2787	@macrofying / IG	2024/01/25/261706154074.webp	close-up		macro,pen,ballpoint
2788	Unknown artist	2024/01/25/261706154142.webp	arc-movement,close-up,void		grass,lips,hand,flower
2789	Psycho	2024/01/25/261706154305.webp	close-up	1960	black and white,peephole,eyeball
2790	Psycho	2024/01/25/261706154443.webp	typography	1960	black and white
2791	Psycho	2024/01/25/261706154475.webp	typography	1960	black and white
2792	Moulin Rouge!	2024/01/25/261706154563.webp	close-up	2001	paper,typewriter,typing
2793	American Psycho	2024/01/25/261706154620.webp	close-up,overhead	2000	hand,american psycho,christian bale,2000,paper,note,business card,patrick bateman
2794	American Psycho	2024/01/25/261706154705.webp	close-up,reflections	2000	face,christian bale,newspaper,sunglasses,crossword
2795	American Psycho	2024/01/25/261706154775.webp	reflections	2000	reflection,christian bale,art,picture frame
2796	American Psycho	2024/01/25/261706154944.webp	close-up	2000	newspaper,crossword
2797	American Psycho	2024/01/25/261706154906.webp	close-up	2000	face,eye,christian bale
2798	Tetsuo: The Iron Man	2024/01/25/261706155108.webp	close-up	1989	face,black and white,eyes,scared
2799	Tetsuo: The Iron Man	2024/01/25/261706155179.webp	close-up	1989	face,black and white,eyes,scared
2800	Tetsuo: The Iron Man	2024/01/25/261706155239.webp	close-up	1989	black and white,teeth,mouth
2801	Tetsuo: The Iron Man	2024/01/25/261706155257.webp	camera-roll	1989	black and white,teeth,mouth
2802	Tetsuo: The Iron Man	2024/01/25/261706155281.webp	glitch	1989	black and white,teeth,mouth
2803	Tetsuo: The Iron Man	2024/01/25/261706155331.webp	dutch-angle	1989	black and white
2804	Scream	2024/01/25/261706155471.webp	close-up,typography	1996	typography,screen
2805	Untitled clip from Karl Shakur	2024/01/25/261706156395.webp	fixed-camera		Day,Red,road,driving,two shot,exterior,vehicle,red car
2806	Rosalia - Saoko	2024/01/25/261706156450.webp	fixed-camera,high-angle	2022	Day,fixed camera,interior,gas station,fan,ceiling,attached
2807	Hassan DeMarco (2017) / IG	2024/01/25/261706156592.webp	snorricam	2017	Day,Male,barber,interior,haircut
2809	ScHoolboy Q - Dope Dealer (Official Music Video) f	2024/01/25/261706156971.webp	close-up,fixed-camera,as-object	2016	ryan staake,fixed camera,Pomp&Clout,schoolboy q,blunt,weed,Mark Rubbo,yellow,woman,interior,seed
2810	ScHoolboy Q - Dope Dealer (Official Music Video) f	2024/01/25/261706157037.webp	worms-eye	2016	ryan staake,fixed camera,Pomp&Clout,schoolboy q,blunt,weed,Mark Rubbo,dirt
2811	ScHoolboy Q - Dope Dealer (Official Music Video) f	2024/01/25/261706157082.webp	fixed-camera	2016	ryan staake,fixed camera,Pomp&Clout,schoolboy q,blunt,weed,Mark Rubbo,dirt
2812	ScHoolboy Q - Dope Dealer (Official Music Video) f	2024/01/25/261706157109.webp	fixed-camera	2016	ryan staake,fixed camera,Pomp&Clout,schoolboy q,blunt,weed,Mark Rubbo,dirt
2813	ScHoolboy Q - Dope Dealer (Official Music Video) f	2024/01/25/261706157169.webp	fixed-camera	2016	ryan staake,fixed camera,Pomp&Clout,schoolboy q,blunt,weed,Mark Rubbo,dirt
2814	ScHoolboy Q - Dope Dealer (Official Music Video) f	2024/01/25/261706157213.webp	fixed-camera	2016	ryan staake,fixed camera,Pomp&Clout,schoolboy q,blunt,weed,Mark Rubbo,orange,dirt
2815	ScHoolboy Q - Dope Dealer (Official Music Video) f	2024/01/25/261706157281.webp	fixed-camera,worms-eye	2016	Day,ryan staake,fixed camera,Pomp&Clout,schoolboy q,weed,Mark Rubbo,woman,greenhouse
2816	ScHoolboy Q - Dope Dealer (Official Music Video) f	2024/01/25/261706157333.webp	fixed-camera	2016	Day,ryan staake,fixed camera,Pomp&Clout,schoolboy q,weed,Mark Rubbo,green,greenhouse
2817	ScHoolboy Q - Dope Dealer (Official Music Video) f	2024/01/25/261706157405.webp	fixed-camera	2016	Day,ryan staake,fixed camera,Pomp&Clout,schoolboy q,weed,Mark Rubbo,green,bag,interior
2818	ScHoolboy Q - Dope Dealer (Official Music Video) f	2024/01/25/261706157458.webp	fixed-camera,as-object,worms-eye	2016	Day,ryan staake,fixed camera,Pomp&Clout,schoolboy q,Mark Rubbo,box,open,lid
2819	ScHoolboy Q - Dope Dealer (Official Music Video) f	2024/01/25/261706157508.webp	fixed-camera,ultra-wide-zero-d	2016	Day,ryan staake,fixed camera,Pomp&Clout,schoolboy q,Mark Rubbo,box,open,lid
2820	ScHoolboy Q - Dope Dealer (Official Music Video) f	2024/01/25/261706157571.webp	first-person-pov	2016	Day,ryan staake,Pomp&Clout,schoolboy q,Mark Rubbo,interior
2821	ScHoolboy Q - Dope Dealer (Official Music Video) f	2024/01/25/261706157605.webp	first-person-pov	2016	Day,ryan staake,Pomp&Clout,schoolboy q,Mark Rubbo,interior
2822	ScHoolboy Q - Dope Dealer (Official Music Video) f	2024/01/25/261706157654.webp	fixed-camera	2016	Day,ryan staake,Pomp&Clout,schoolboy q,blunt,weed,Mark Rubbo,interior,smoking
2823	ScHoolboy Q - Dope Dealer (Official Music Video) f	2024/01/25/261706157700.webp	fixed-camera,worms-eye	2016	Day,ryan staake,Pomp&Clout,schoolboy q,blunt,weed,Mark Rubbo,interior,smoking
2824	Nike x Fear of God	2024/01/25/261706167171.webp	fixed-camera	2019	Day,dusk,exterior,dark,cool,wide,dawn,Dean Podmore,Zak Marx,Matthew Pothier
2825	Nike x Fear of God	2024/01/25/261706167193.webp	fixed-camera	2019	Day,exterior,cool,Dean Podmore,Zak Marx,Matthew Pothier,truck
2826	Unknown Source	2024/01/25/261706171680.webp	undercranking,fixed-camera		Day,bike,exterior,future,fast
2827	Unknown Source	2024/01/25/261706171719.webp	undercranking,fixed-camera		car,night
2828	Better Call Saul (TV Series)	2024/01/25/261706171774.webp	reflections	2015	car,dusk,sunset,exterior,vehicle
2829	Levi's - Fresh	2024/01/25/261706172074.webp	fixed-camera	2022	low angle,woman,exterior,sunny,purple. day
2830	@subliminal_marc / Giphy	2024/01/25/261706172367.webp	fixed-camera		singer,concert,microphone
2831	Huggies - Welcome to the World, Baby	2024/01/25/261706172805.webp	fourth-wall,overhead,zoom-in	2021	super zoom,baby,earth
2832	Huggies - Welcome to the World, Baby	2024/01/25/261706172863.webp	shadow-box	2021	baby,mom,birth
2833	Huggies - Welcome to the World, Baby	2024/01/25/261706172910.webp	fixed-camera	2021	Day,interior,smile,baby,room,happy
2834	Huggies - Welcome to the World, Baby	2024/01/25/261706172970.webp	overhead	2021	Day,interior,baby,room
2835	Huggies - Welcome to the World, Baby	2024/01/25/261706173002.webp	fourth-wall	2021	Day,interior,baby,room
2836	Huggies - Welcome to the World, Baby	2024/01/25/261706173053.webp	ultra-wide-zero-d,worms-eye	2021	Day,interior,baby,room
2837	The French Dispatch	2024/01/25/261706173154.webp	fixed-camera	2021	bike,night,blue,dark,motorcycle,Willem Dafoe
2838	The French Dispatch	2024/01/25/261706173184.webp	fixed-camera	2021	car,driving,black and white
2839	Barbie	2024/01/25/261706173267.webp	fixed-camera	2023	woman,car,pink,Margot Robbie,barbie,exterior,waving
2840	Barbie	2024/01/25/261706173280.webp	fixed-camera	2023	woman,car,pink,Margot Robbie,barbie,exterior,waving
2841	Art by GAKU	2024/01/25/261706173318.webp	as-object,worms-eye		bag,zipper
2842	Source: Kelsey Lu	2024/01/25/261706173363.webp	fixed-camera		Red,car,driving,interior,sodium lights,tunnel,sports car
2843	H&M - House of Members	2024/01/25/261706173408.webp	fixed-camera	2023	woman,interior,hallway
2844	DJ Drama - Forever	2024/01/25/261706173685.webp	fixed-camera	2022	car,night,exterior,vehicle
2845	Run Sweetheart Run	2024/01/25/261706173945.webp	fixed-camera	2020	car,driving,tunnel
2846	Run Sweetheart Run	2024/01/25/261706174024.webp	tracking	2020	car,driving,night,taxi,exterior,city,cab
2847	Run Sweetheart Run	2024/01/25/261706174135.webp	screen-in-screen	2020	car,driving,night,taxi,exterior,city,cab
2848	Art by GAKU	2024/01/25/261706174237.webp	worms-eye		sports,exterior,athlete,single shot,ball,basket
2849	Snowpiercer	2024/01/25/261706174433.webp	fixed-camera	2013	exterior,train,snow,arri,Zeiss
2850	Snowpiercer	2024/01/25/261706174497.webp	profile-shot,trucking	2013	walking,interior,dark,train,arri,Zeiss,chris evans
2851	Snowpiercer	2024/01/25/261706174533.webp	over-the-shoulder	2013	map
2852	Snowpiercer (TV Series)	2024/01/25/261706174683.webp	close-up	2020	woman,helmet
2853	Silo (TV Series)	2024/01/25/261706174984.webp	close-up	2023	woman,face,helmet,Rebecca Ferguson
2854	Silo (TV Series)	2024/01/25/261706175065.webp	close-up,reflections	2023	woman,glasses,green,blue,face,helmet,rashida jones
2855	Silo (TV Series)	2024/01/25/261706175151.webp	close-up,screen-in-screen	2023	blue,interior,hand,screen,silo
2856	Silo (TV Series)	2024/01/25/261706175220.webp	close-up,focal-focus	2023	woman,interior,face,beige,silo
2857	Silo (TV Series)	2024/01/25/261706175264.webp	ground-shot,tracking	2023	walking,chains,boots,arrested
2858	Silo (TV Series)	2024/01/25/261706175324.webp	close-up	2023	woman,face,eyes
2859	Silo (TV Series)	2024/01/25/261706175392.webp	datamosh	2023	Day,apocalyptic,exterior,post-apocalypse
2860	Silo (TV Series)	2024/01/25/261706175491.webp	close-up,focal-focus	2023	blood,interior,surgery,silo,medical
2861	Silo (TV Series)	2024/01/25/261706175590.webp	datamosh	2023	Day,green,nature,exterior,spacesuit,hand
2862	Silo (TV Series)	2024/01/25/261706175630.webp	close-up	2023	Day,woman,exterior,helmet,spacesuit
2863	Silo (TV Series)	2024/01/25/261706175710.webp	wide-shot	2023	walking,blue,interior,spacesuit
2864	Silo (TV Series)	2024/01/25/261706175742.webp	close-up	2023	hands,sheriff,badge
2865	Silo (TV Series)	2024/01/25/261706175793.webp	focal-focus	2023	woman,hands,sheriff,badge,shallow focus,out of focus
2866	zef - 4:20 (Už je čas)	2024/01/25/261706176215.webp	camera-roll,locked-on	2022	interior,dark,train
2867	Source unknown	2024/01/25/261706176274.webp	fixed-camera		car,driving,neon,reflections,knight
2868	Pharrell Williams - Cash In Cash Out	2024/01/25/261706176344.webp	fixed-camera	2022	tyler the creator,car,driving,21 savage,nicolas larrouquere,francois rousselet,connor coolbear,hula hoop
2869	Playstation - Play Has No Limits	2024/01/25/261706176403.webp	fixed-camera	2022	Day,car,exterior
2870	Playstation - Play Has No Limits	2024/01/25/261706176434.webp	fixed-camera	2022	road,interior,riding,motorcycle,tunnel
2871	Survivor S33 E1	2024/01/26/261706236944.webp	zoom-in	2016	Day,exterior,island
2872	Art by Clickbecause	2024/01/26/261706249663.webp	datamosh	2015	
2873	Art by Xopaly	2024/01/26/261706249704.webp	datamosh	2021	
2874	Art by Clickbecause	2024/01/26/261706249753.webp	datamosh	2015	pink,spin,head
2875	Art by OsiRisORion	2024/01/26/261706249840.webp	datamosh		
2876	Artist - hAyDiRoKeT	2024/01/26/261706250001.webp	collage,datamosh,pixel-art		black and white,8 bit
2877	Art by Andrew Benson	2024/01/26/261706250069.webp	collage,datamosh,mixed-media	2016	
2878	Art by Andrew Benson	2024/01/26/261706250091.webp	collage,datamosh,mixed-media	2016	
2879	Art by Andrew Benson	2024/01/26/261706250113.webp	datamosh	2016	
2880	Unknown Source	2024/01/26/261706250143.webp	glitch		
2881	Art by Andrew Benson	2024/01/26/261706250160.webp	datamosh	2016	
2882	Artist - hAyDiRoKeT	2024/01/26/261706250262.webp	glitch		face,close-up
2883	Artist - hAyDiRoKeT	2024/01/26/261706250276.webp	glitch		face,close-up
2884	Artist - hAyDiRoKeT	2024/01/26/261706250291.webp	datamosh,glitch		face,close-up
2885	YOLOv3 Object Detection Project	2024/01/26/261706250469.webp	mixed-media	2018	purple,exterior,magenta,lime,lime green
2886	YOLOv3 Object Detection Project	2024/01/26/261706250488.webp	mixed-media	2018	Day,green,exterior,desert,magenta,camel
2887	YOLOv3 Object Detection Project	2024/01/26/261706250532.webp	mixed-media	2018	Day,exterior,hand,magenta,horse,lime green
2888	Self Portrait Animation GIF By Leandro Estrella	2024/01/26/261706250650.webp	collage,match-split,mixed-media,screen-in-screen	2016	face,collage
2889	YOLOv3 Object Detection Project	2024/01/26/261706250694.webp	mixed-media	2018	Day,exterior,hand,magenta,horse,lime green
2890	adidas Originals - Powered by the Past	2024/01/26/261706251098.webp	collage,screen-in-screen,vhs	2020	shoes,adidas,lime green
2891	adidas Originals - Powered by the Past	2024/01/26/261706251155.webp	collage,mixed-media,vhs	2020	shoes,adidas,1998
2892	adidas Originals - Powered by the Past	2024/01/26/261706251181.webp	collage,mixed-media	2020	shoes,adidas,stop motion,book,1998
2893	EA SPORTS FC x Triangles ft. Dave	2024/01/26/261706251232.webp	collage	2023	maximalism,EA sports,vector,logo
2894	Art by Anna Malina	2024/01/26/261706251402.webp	traditional,mixed-media	2021	black and white,sketch
2895	Hip Hop Nyc GIF By Ryan Seslow	2024/01/26/261706251485.webp	collage,mixed-media	2017	
2896	Art by Ryan Seslow	2024/01/26/261706251541.webp	collage,mixed-media	2013	new york city,subway
2897	Art by Ryan Seslow	2024/01/26/261706251570.webp	collage,mixed-media	2013	
2898	Coca-Cola Energy - Show Up	2024/01/26/261706251786.webp	traditional,mixed-media	2022	interior,phone,Martin Scorsese,ui,text bubble
2899	Source unknown	2024/01/26/261706251823.webp	shadow-box		
2900	Source unknown	2024/01/26/261706251844.webp	shadow-box		
2901	Long Live Liborius	2024/01/26/261706251990.webp	collage,screen-in-screen	2021	interior,skating,skate,church,skateboarding
2902	Source unknown	2024/01/26/261706252047.webp	collage,mixed-media		
2903	Source unknown	2024/01/26/261706252191.webp	mixed-media,stop-motion		close up
2904	Source unknown	2024/01/26/261706252210.webp	collage,mixed-media		eye
2905	Source unknown	2024/01/26/261706252338.webp	mixed-media,underwater		underwater,fish
2906	Art by Sankalp Pandey	2024/01/26/261706252465.webp	collage		bus,hoodie
2907	Art by Ana Projects	2024/01/26/261706252504.webp	collage,mixed-media		
2908	Cassius feat Pharrell Williams & Cat Power - Go Up	2024/01/26/261706252676.webp	match-split	2021	Pharrell Williams,strip pole,screw
2909	Cassius feat Pharrell Williams & Cat Power - Go Up	2024/01/26/261706252712.webp	match-split	2021	Day,exterior,Pharrell Williams,rocket,christ
2910	Cassius feat Pharrell Williams & Cat Power - Go Up	2024/01/26/261706253242.webp	match-split	2021	interior,bathroom,Pharrell Williams,toilet,can
2911	Cassius feat Pharrell Williams & Cat Power - Go Up	2024/01/26/261706253266.webp	match-split	2021	Explosion,Pharrell Williams,head,fireworks
2912	Cassius feat Pharrell Williams & Cat Power - Go Up	2024/01/26/261706253304.webp	match-split	2021	Red,car,vehicle,Pharrell Williams,casette,player
2913	blink-182 - Always	2024/01/26/261706253379.webp	match-split	2009	interior
2914	Art by Andy Babbitz	2024/01/26/261706253433.webp	match-split,screen-in-screen		pizza,browser,mouse,tabs
2915	Salomon - Tomorrow is Yours	2024/01/26/261706253502.webp	match-cut	2023	exterior,shoe,gum,skiing
2916	H&M - Hotel Hennes	2024/01/26/261706253544.webp	jump-cut	2022	Hotel,interior,inside
2917	Bullet Train	2024/01/26/261706253657.webp	fixed-camera,jump-cut	2022	2022,Fiji,water bottle
2918	Breaking Bad (TV Series)	2024/01/26/261706253745.webp	match-cut	2011	Red,blood,match cut,ketchup,fries
2919	Nike SB - Don’t Make Plans	2024/01/26/261706253800.webp	match-cut,underwater	2021	underwater,night,exterior,swimming
2920	Everything Everywhere All at Once	2024/01/26/261706253890.webp	match-cut	2022	woman,face,portrait,Michelle Yeoh
2921	Everything Everywhere All at Once	2024/01/26/261706254857.webp	match-cut	2022	woman,face,portrait,Michelle Yeoh
2922	So Not Worth It (TV Series)	2024/01/26/261706254936.webp	match-cut	2021	city,fridge
2923	Colorbond - Made by Australia	2024/01/26/261706259223.webp	match-cut	2021	Day,exterior,soccer,roof
2924	Source unknown	2024/01/26/261706255163.webp	close-up,color-shift		face,eyes
2925	Pirates of the Caribbean	2024/01/26/261706255500.webp	close-up,color-shift,jump-cut	2003	eyes,Keira Knightley
2926	Pirates of the Caribbean	2024/01/26/261706255541.webp	close-up,underwater	2003	woman,dress,coin,Keira Knightley,medallion
2927	Pirates of the Caribbean	2024/01/26/261706255585.webp	close-up	2003	fingers,hand,coin,Keira Knightley,medallion
2928	Pirates of the Caribbean	2024/01/26/261706255657.webp	two-shot,underwater	2003	underwater,walking,ocean,boat,johnny depp,fish,orlando bloom
2929	Pirates of the Caribbean	2024/01/26/261706255752.webp	transformation	2003	light,hand,Keira Knightley
2930	Pirates of the Caribbean	2024/01/26/261706255817.webp	transformation	2003	face
2931	Pirates of the Caribbean: At World's End	2024/01/26/261706256064.webp	slow-motion	2007	ocean,exterior,destruction,boat,ship
2932	Pirates of the Caribbean: At World's End	2024/01/26/261706256088.webp	slow-motion	2007	ocean,exterior,destruction,boat,ship
2933	Pirates of the Caribbean: At World's End	2024/01/26/261706256101.webp	slow-motion	2007	ocean,exterior,destruction,boat,ship
2934	Pirates of the Caribbean: At World's End	2024/01/26/261706256117.webp	slow-motion	2007	ocean,exterior,destruction,boat,ship
2935	Baby Driver	2024/01/26/261706256321.webp	match-cut	2017	hand,coffee,button
2936	Baby Driver	2024/01/26/261706256362.webp	ground-shot	2017	woman,interior,heels,laundromat
2937	Baby Driver	2024/01/26/261706256407.webp	ground-shot	2017	Male,feet,interior,shoes,laundromat
2938	Baby Driver	2024/01/26/261706256518.webp	quick-cuts	2017	car,interior,close-up
2939	Lawrence of Arabia	2024/01/26/261706257703.webp	match-cut	1962	sunset,exterior,match
2940	Lawrence of Arabia	2024/01/26/261706257792.webp	dutch-angle	1962	Day,exterior,desert,sun,camel
2941	Lawrence of Arabia	2024/01/26/261706257822.webp	silhouette	1962	Day,exterior,desert,sun,camel
2942	Lawrence of Arabia	2024/01/26/261706257859.webp	reflections	1962	interior,wood
2943	Lawrence of Arabia	2024/01/26/261706257899.webp	silhouette,two-shot	1962	blue,dusk,exterior
2944	2001: A Space Odyssey	2024/01/26/261706258034.webp	match-cut	1968	space,exterior,bone
2945	2001: A Space Odyssey	2024/01/26/261706258081.webp	reflections	1968	Red,light,interior,spaceship
2946	A$AP Rocky - D.M.B.	2024/01/26/261706258164.webp	close-up	2022	face,teeth,mouth,rihanna,A$AP Rocky
2947	Better Call Saul (TV Series)	2024/01/26/261706258304.webp	match-cut	2015	interior,eating,saul goodman
2948	Studio - Raw Fury	2024/01/26/261706258378.webp	traditional		trucking,exterior,city,fox,animal
2949	Little Simz - Point And Kill feat. Obongjayar	2024/01/26/261706258447.webp	match-cut,two-shot	2023	exterior
2950	MELODOWNZ - Pray For More	2024/01/26/261706258504.webp	match-cut	2022	night,interior,church
2951	Scott Pilgrim vs. the World	2024/01/26/261706258549.webp	jump-cut	2010	interior,bed,high angle,sleeping
2952	Discovery Plus - Olympics	2024/02/14/261707950843.webp	first-person-pov,match-cut	2021	bike,sports,skating,skate,biking,olympics
2953	Art by We're Not Really Strangers	2024/01/26/261706258721.webp	stop-motion,typography		nametag
2954	Scott Pilgrim vs. the World	2024/01/26/261706258753.webp	match-cut	2010	couple,kiss
2955	Colorbond - Made by Australia	2024/01/26/261706259108.webp	transition	2021	Day,sunset,ocean,exterior,roof,coast
2956	Colorbond - Made by Australia	2024/01/26/261706259312.webp	match-cut	2021	Day,exterior,soccer,roof
2957	Art by Paul Trillo	2024/01/26/261706259467.webp	match-cut,trucking		walking,paul trillo,exterior
2958	Clip from Valentin Petit	2024/01/26/261706259504.webp	flash-cut		kissing,couple
2959	Anwar Jibawi - Let's Just Say	2024/01/26/261706259549.webp	match-cut	2017	interior,office
2960	Anwar Jibawi - Let's Just Say	2024/01/26/261706259616.webp	scale-shift,transition	2017	car,exterior
2961	Tom Clancy's Ghost Recon Wildlands	2024/01/26/261706260203.webp	transition	2017	blood,cocaine
2962	Tom Clancy's Ghost Recon Wildlands	2024/01/26/261706260233.webp	video-game,vignette	2017	sniper,video game
2963	Tom Clancy's Ghost Recon Wildlands	2024/01/26/261706260363.webp	first-person-pov,fixed-camera,video-game	2017	gun,video game
2964	Tom Clancy's Ghost Recon Wildlands	2024/01/26/261706260428.webp	tracking,video-game	2017	Day,running,exterior
2965	Tom Clancy's Ghost Recon Wildlands	2024/01/26/261706260487.webp	video-game,vignette	2017	sniper,vignette
2966	Tom Clancy's Ghost Recon Wildlands	2024/01/26/261706260617.webp	match-cut,video-game	2017	walking,exterior
2967	Tom Clancy's Ghost Recon Wildlands	2024/01/26/261706260766.webp	video-game,vignette	2017	Day,exterior,gun
2968	Usual Suspects	2024/01/26/261706260898.webp	transition	1995	exterior,sink
2969	Yuh - Can Do it	2024/01/26/261706260943.webp	transition	2022	interior,purple,bowling,rollerskate,bowling ball
2970	Bugatti	2024/01/26/261706260974.webp	transition	2022	bugatti
2971	Ford Kuga - Levels	2024/01/26/261706261048.webp	transition	2021	sunset
2972	@quuingy / TikTok	2024/01/26/261706261179.webp	transition		ocean,beer,stout
2973	Spider-Man 2	2024/01/26/261706261367.webp	transition	2004	exterior,doc oc,sunglaesses,spiderman
2974	Hunt for the Wilderpeople	2024/01/27/261706396790.webp	anthropomorphism,wierdcore	2016	hamburger
2975	Hunt for the Wilderpeople	2024/01/27/261706397034.webp	fixed-camera	2016	car,driving,exterior,vehicle
2980	Source unknown	2024/01/27/261706397951.webp	scale-shift	2014	Day,two shot,exterior,guitar
2981	Source unknown	2024/01/27/261706398090.webp	fourth-wall	2014	Day,exterior,gun
2982	Facebook - Longboard Family	2024/01/27/261706398204.webp	shaky-cam	2021	Day,exterior,skating,skateboard
2983	Facebook - Longboard Family	2024/01/27/261706398226.webp	shaky-cam	2021	Day,exterior,skating,skateboard
2984	Hunt for the Wilderpeople	2024/01/27/261706398683.webp	zoom-in	2016	Day,forest,exterior,trees,woods,kid,soldier
2985	Hunt for the Wilderpeople	2024/01/27/261706398734.webp	screen-in-screen,vhs	2016	vintage,tv,screen
2986	Hunt for the Wilderpeople	2024/01/27/261706398792.webp	close-up,slow-motion	2016	face,girl,medium close-up
2987	Unknown source	2024/01/27/261706398913.webp	shaky-cam		Day,woman,exterior,selfie
2988	Rosalía - Despechá	2024/01/27/261706399180.webp	shaky-cam	2022	Day,water,beach,ocean,exterior,sun
2989	Varteks (Director Cut)	2024/01/27/261706399330.webp	shaky-cam	2022	Day,woman,exterior
2990	A$AP Ferg - Floor Seats	2024/01/27/261706399371.webp	shaky-cam	2019	interior,group,party,dance
2991	Source unknown	2024/01/27/261706399412.webp	shaky-cam	2014	night,exterior,skating,skateboard
2992	Source unknown	2024/01/27/261706399440.webp	shaky-cam	2014	Day,sports,exterior,soccer,athlete
2993	Source unknown	2024/01/27/261706399525.webp	shaky-cam	2014	interior,sweat,athlete,workout,gym,ropes
2994	Bourne - Ere We Go	2024/01/27/261706399812.webp	close-up,shaky-cam	2022	interior,profile,orange,sweating
2995	Bourne - Ere We Go	2024/01/27/261706399869.webp	close-up,shaky-cam	2022	interior,profile,orange,sweating
2996	Bourne - Ere We Go	2024/01/27/261706399956.webp	voyeur	2022	interior,door,hidden
2997	Bourne - Ere We Go	2024/01/28/261706400061.webp	silhouette	2022	interior,dark,hallway,single shot,kick
2998	Bourne - Ere We Go	2024/01/28/261706400063.webp	silhouette	2022	interior,dark,hallway,single shot,kick
2999	Bourne - Ere We Go	2024/01/28/261706400130.webp	shaky-cam	2022	Day,Male,water,ocean,exterior,swimming,run
3000	Bourne - Ere We Go	2024/01/28/261706400184.webp	whip-pan	2022	night,exterior
3001	Bourne - Ere We Go	2024/01/28/261706400267.webp	color-shift,shaky-cam	2022	club,colorful,saturation,dance,stripper
3002	Bourne - Ere We Go	2024/01/28/261706400370.webp	shaky-cam,trucking	2022	Day,running,dusk,exterior
3004	Unknown source	2024/01/28/261706400434.webp	shaky-cam		Day,sports,exterior,soccer,athlete
3005	Jordan - The Winning Moment	2024/01/28/261706400769.webp	slow-motion	2015	interior,basketball court,confetti
3006	Jordan - The Winning Moment	2024/01/28/261706400813.webp	slow-motion	2015	interior,reverse,basketball court,confetti
3007	Whoana Keli - @whoana.keli	2024/01/28/261706400892.webp	traditional,morphing	2023	woman,rodent
3008	Kendrick Lamar - The Heart Part 5	2024/01/28/261706400990.webp	morphing	2022	Red,interior,studio,kendrick lamar
3009	Source unknown	2024/01/28/261706401360.webp	morphing,pixel-art		face,black and white
3010	Kendrick Lamar - The Heart Part 5	2024/01/28/261706401449.webp	morphing	2022	Red,interior,studio,kendrick lamar
3011	Kendrick Lamar - The Heart Part 5	2024/01/28/261706401460.webp	morphing	2022	Red,interior,studio,kendrick lamar
3012	Art Morphing GIF By HOLY FIELD	2024/01/28/261706401542.webp	traditional,morphing	2022	black and white
3013	Art by Fastco Design	2024/01/28/261706401610.webp	traditional	2015	bike,2010s,2015,bicycle
3014	Art by Matthias Brown	2024/01/28/261706401701.webp	close-up,morphing	2020	thumb
3015	Art by Matthias Brown	2024/01/28/261706401798.webp	traditional,morphing	2020	face
3016	Art by Matthias Brown	2024/01/28/261706401816.webp	traditional,morphing	2020	
3017	Art by Matthias Brown	2024/01/28/261706401840.webp	traditional,morphing	2020	
3018	Art by Matthias Brown	2024/01/28/261706401858.webp	traditional,morphing,typography	2020	
3019	Art by Matthias Brown	2024/01/28/261706401891.webp	traditional,morphing,typography	2020	letter,alphabet
3020	Art by Matthias Brown	2024/01/28/261706401912.webp	traditional,morphing	2020	letter,alphabet
3021	Art by Matthias Brown	2024/01/28/261706401929.webp	traditional,morphing	2020	letter,alphabet
3022	Art by Matthias Brown	2024/01/28/261706401946.webp	traditional,morphing	2020	letter,alphabet
3023	Art by Aloys Feeney	2024/01/28/261706402021.webp	traditional,morphing	2016	
3024	@muerdelagrimas / Giphy	2024/01/28/261706402058.webp	traditional,morphing		
3025	Art by Johannes Stoetter	2024/01/28/261706402191.webp	morphing		butterfly
3026	Art Zach Dougherty GIF By Hateplow	2024/01/28/261706402241.webp	traditional,pixel-art	2013	face,close-up
3027	Animation Loop by Emanuele Kabu	2024/01/28/261706402307.webp	traditional	2021	
3028	Source unknown	2024/01/28/261706402598.webp	photogrammetry,wigglegram		Day,exterior,tree
3029	Source unknown	2024/01/28/261706402716.webp	photogrammetry,wigglegram		Day,exterior,water fountain
3030	Animation from www.nerf.studio	2024/01/28/261706402788.webp	photogrammetry		Day,exterior
3031	Downtown Kayoto - Changed it	2024/01/28/261706402995.webp	projections	2023	night,dusk,exterior,projection
3032	Downtown Kayoto - Changed it	2024/01/28/261706403024.webp	projections	2023	night,dusk,exterior,projection
3033	Downtown Kayoto - Changed it	2024/01/28/261706403032.webp	projections	2023	night,dusk,exterior,projection
3034	Downtown Kayoto - Changed it	2024/01/28/261706403042.webp	projections	2023	night,dusk,exterior,projection
3035	Downtown Kayoto - Changed it	2024/01/28/261706403057.webp	projections	2023	night,dusk,exterior,projection
3036	Omote	2024/01/28/261706403219.webp	projections	2014	
3037	Inori - Prayer	2024/01/28/261706403317.webp	projections	2017	Red,studio,projections
3038	Inori - Prayer	2024/01/28/261706403338.webp	projections	2017	Red,studio,projections
3039	Inori - Prayer	2024/01/28/261706403349.webp	projections	2017	Red,studio,projections
3040	Hayden Thorpe - Aerial Songs	2024/01/28/261706403506.webp	projections,silhouette	2021	singing,guitar,musician
3041	Hayden Thorpe - Aerial Songs	2024/01/28/261706403532.webp	projections,silhouette	2021	interior,studio,singing,guitar,warehouse,musician
3042	Hayden Thorpe - Aerial Songs	2024/01/28/261706403545.webp	projections,silhouette	2021	interior,studio,singing,guitar,warehouse,musician
3043	Hayden Thorpe - Aerial Songs	2024/01/28/261706403562.webp	projections,silhouette	2021	interior,studio,singing,guitar,warehouse,musician
3044	Emmy Curl - Come Closer	2024/01/28/261706403678.webp	projections,void	2014	woman,close-up
3045	Emmy Curl - Come Closer	2024/01/28/261706403695.webp	projections,void	2014	woman,close-up
3046	Emmy Curl - Come Closer	2024/01/28/261706403706.webp	projections,void	2014	woman,close-up
3047	Nike Jordan MELO Water Explosion	2024/01/28/261706404026.webp	projections	2011	water,night,exterior,new york city,hudson
3048	Nike Jordan MELO Water Explosion	2024/01/28/261706404042.webp	projections	2011	water,night,exterior,new york city,hudson
3049	Nike Jordan MELO Water Explosion	2024/01/28/261706404056.webp	projections	2011	water,night,exterior,new york city,hudson
3050	Source unknown	2024/01/28/231706464754.webp	projections		couple,two shot,dark,projection
3051	Source unknown	2024/01/28/261706404243.webp	projections		night,exterior,building
3052	Downtown Kayoto - Lite	2024/01/28/261706404283.webp	projections	2023	downtown kayoto,night,fog,haze
3053	Old Spice - The Man Your Man Could Smell Like	2024/01/28/261706404574.webp	set-transition	2015	shower
3054	Old Spice - Questions	2024/01/28/261706404863.webp	set-transition	2010	Day,beach,exterior
3055	Old Spice - Questions	2024/01/28/261706404927.webp	set-transition	2010	Day,exterior,kitchen
3057	Old Spice - Questions	2024/01/28/261706404986.webp	falling	2010	Day,exterior,jump,waterfall,hot tub
3058	Old Spice - Questions	2024/01/28/261706405103.webp	set-transition	2010	Day,exterior,jump,waterfall,hot tub
3059	Old Spice - Windsurfing	2024/01/28/261706405263.webp	fourth-wall,set-transition	2015	
3060	Old Spice - Windsurfing	2024/01/28/261706405290.webp	fourth-wall	2015	
3061	The French Dispatch	2024/01/28/261706405355.webp	set-transition	2021	interior,orange,Timothee Chalamet
3062	KITKAT - Break Épico	2024/01/28/261706405525.webp	set-transition,void	2023	interior
3063	KITKAT - Break Épico	2024/01/28/261706405553.webp	overhead,set-transition	2023	exterior,city,overhead,office
3065	Johnnie Walker - The Next Step	2024/01/28/261706406080.webp	conveyor,trucking,void	2014	
3066	Johnnie Walker - The Next Step	2024/01/28/261706406134.webp	trucking	2014	walking,neon
3067	Johnnie Walker - The Next Step	2024/01/28/261706406196.webp	conveyor,set-transition	2014	walking,neon
3068	Johnnie Walker - The Next Step	2024/01/28/261706406255.webp	conveyor,trucking	2014	running
3069	Johnnie Walker - The Next Step	2024/01/28/261706406294.webp	set-transition,trucking	2014	running
3070	Johnnie Walker - The Next Step	2024/01/28/261706406344.webp	floating,set-transition,trucking,void	2014	running
3071	Lazy Susan	2024/01/28/261706406397.webp	set-transition	2019	interior,dinner,dining,table
3072	Lazy Susan	2024/01/28/261706406422.webp	set-transition	2019	interior,chair,recliner
3073	Lazy Susan	2024/01/28/261706406445.webp	set-transition,typography	2019	interior,chair,recliner
3074	Nike - Never Settle. Never Done	2024/01/28/261706419081.webp	photogrammetry	2022	soccer,nerf,ball
3075	Art by Jack Bowler	2024/01/28/261706419184.webp	photogrammetry		dark,city,street
3076	Art by Jack Bowler	2024/01/28/261706419205.webp	photogrammetry		dark,city,street
3077	Source unknown	2024/01/28/261706419254.webp	photogrammetry		
3078	Source unknown	2024/01/28/261706419286.webp	photogrammetry		
3079	Art by Lowell Robinson	2024/01/28/261706419552.webp	photogrammetry		Day,exterior,new york city,arch,washington square park
3080	Art by Maureen Kahn	2024/01/28/261706419621.webp	photogrammetry		hand
3081	Art by Kiryl Kudrautsau	2024/01/28/261706419664.webp	photogrammetry		tree,render
3082	Source unknown	2024/01/28/261706419800.webp	photogrammetry		building,dome
3083	Source unknown	2024/01/28/261706419818.webp	photogrammetry		
3084	Source unknown	2024/01/28/261706419838.webp	photogrammetry		nature,cliff,exterior,rock,landscape,hills
3085	Memories of Borderline	2024/01/28/261706419926.webp	photogrammetry	2017	
3086	Source unknown	2024/01/28/261706419954.webp	photogrammetry		green,night,trees
3087	Source unknown	2024/01/28/261706419981.webp	photogrammetry		girl,talking,singing
3088	Source unknown	2024/01/28/261706420022.webp	photogrammetry		two shot,dark,hallway
3089	Transition by Oleki	2024/01/28/261706420425.webp	transition		hand,stars,close-up,salt
3090	Discovery Plus - Olympics	2024/02/14/261707950773.webp	first-person-pov,transition	2021	sports,ocean,kayaking
3091	Rosalia - Saoko	2024/01/28/261706422889.webp	pass-through	2022	woman,exterior,helmet
3092	Art by Color Circles	2024/01/28/261706422972.webp	masking		
3094	Better Call Saul (TV Series)	2024/01/28/261706423378.webp	low-angle,underwater	2015	pool,underwater,exterior
3095	Paris 2024 - Race On The Roofs Of Paris	2024/01/28/261706423564.webp	low-angle,slow-motion	2021	interior,door,paris
3096	Downtown Kayoto - Lite	2024/01/28/261706423618.webp	low-angle	2023	Day,downtown kayoto,exterior,basketball hoop
3097	Tyler The Creator - Hot Wind Blows	2024/01/28/261706423757.webp	low-angle	2023	tyler the creator,exterior,louis vuitton
3098	Apple - Meet iPhone 12	2024/01/28/261706423802.webp	low-angle	2020	woman,exterior,apple,phone
3099	Nike SB - Don't Make Plans	2024/01/28/261706423877.webp	low-angle,slow-motion	2021	interior,train
3100	Rosalia - Saoko	2024/01/28/261706423937.webp	worms-eye	2022	Day,dusk,exterior
3101	Titanic	2024/01/28/261706424009.webp	low-angle	1997	Leonardo DiCaprio,exterior
3102	Fendi 'BFF'  - Directed by	2024/01/28/261706424140.webp	low-angle		woman,night,dusk,sunset,exterior,dark,evening
3103	Better Call Saul (TV Series)	2024/01/28/261706424185.webp	low-angle	2015	interior,suit
3104	Tyler The Creator - Dogtooth	2024/01/28/261706424329.webp	low-angle	2023	Day,exterior,lighthouse
3105	Tyler The Creator - Dogtooth	2024/01/28/261706424351.webp	low-angle	2023	Day,tyler the creator,exterior
3106	Jordan - Run It Back	2024/01/28/261706424500.webp	worms-eye		sports,interior
3107	Source unknown	2024/01/28/261706424554.webp	low-angle,two-shot		dusk,two shot,exterior,dark,evening
3108	Source unknown	2024/01/28/261706424914.webp	low-angle		woman,dancing
3109	It Chapter Two	2024/01/28/261706425189.webp	low-angle,pass-through,scale-shift	2019	dark,puzzle
3110	Better Call Saul (TV Series)	2024/01/28/261706425271.webp	worms-eye	2015	Day,sky,exterior
3111	Unknown source	2024/01/28/261706425402.webp	low-angle		woman,green,dress,exterior
3112	Unknown source	2024/01/28/261706425449.webp	low-angle,whip-pan		Day,exterior,fence
3113	RIMOWA - Ingenieurskunst	2024/01/28/261706425490.webp	lazy-susan,low-angle	2022	white,rimowa,interior
3114	MELODOWNZ - Pray For More	2024/01/28/261706425550.webp	floating,low-angle,wide-shot	2022	night,blue,dusk,dark,evening
3115	Better Call Saul (TV Series)	2024/01/28/261706425642.webp	close-up,low-angle,worms-eye	2015	dusk,face
3116	Burberry - Open Spaces	2024/01/28/261706426080.webp	low-angle	2021	night,exterior dusk
3117	Burberry - Open Spaces	2024/01/28/261706426144.webp	wide-shot	2021	Day,exterior,grain,farm
3118	Burberry - Open Spaces	2024/01/28/261706426203.webp	falling	2021	Day,exterior,grain,farm
3119	Burberry - Open Spaces	2024/01/28/261706426250.webp	falling	2021	Day,exterior,grain,farm
3120	Burberry - Open Spaces	2024/01/28/261706426323.webp	falling	2021	Day,exterior,grain,farm
3121	Burberry - Open Spaces	2024/01/28/261706426364.webp	falling	2021	Day,exterior,grain,farm
3122	Burberry - Open Spaces	2024/01/28/261706426408.webp	falling	2021	Day,exterior,grain,farm
3123	Burberry - Open Spaces	2024/01/28/261706426450.webp	falling	2021	Day,exterior,grain,farm
3124	Burberry - Open Spaces	2024/01/28/261706426493.webp	falling,floating	2021	Day,exterior,grain,farm
3125	Lamb	2024/01/28/261706426607.webp	low-angle,underwater	2021	exterior,lamb
3126	Long Live Liborius	2024/01/28/261706426645.webp	low-angle	2021	interior,skating,skate,church,skateboarding
3127	The Lighthouse	2024/01/28/261706426733.webp	low-angle	2019	black and white,exterior,single shot
3128	The Lighthouse	2024/01/28/261706426793.webp	trucking	2019	black and white,exterior,single shot
3129	The Lighthouse	2024/01/28/261706427005.webp	two-shot	2019	two shot,rain,Willem Dafoe
3130	The Shining	2024/01/28/261706427417.webp	worms-eye	1980	Stanley Kubrick,jack nicholson
3131	The Shining	2024/01/28/261706427463.webp	high-angle	1980	Red,child,carpet,toys
3132	The Shining	2024/01/28/261706427481.webp	underwater	1980	Red,blood
3133	The Shining	2024/01/28/261706427529.webp	overhead	1980	Day,exterior,overhead,maze
3134	The Shining	2024/01/28/261706427577.webp	halation,tracking	1980	driving,dusk,dark,snow,vehicle,evening
3135	The Shining	2024/01/28/261706427612.webp	tracking	1980	bike,Hotel,interior,hallway,child,kid
3136	The Grand Budapest Hotel	2024/01/28/261706475646.webp	lazy-susan	2014	interior,dinner,lunch
3137	Chase - Sizzle	2024/01/28/261706476024.webp	lazy-susan	2020	woman,restaurant,interior
3138	Chase - Sizzle	2024/01/28/261706476065.webp	lazy-susan	2020	woman,restaurant,interior
3139	Chase - Sizzle	2024/01/28/261706476112.webp	lazy-susan	2020	woman,restaurant,interior
3140	Chase - Sizzle	2024/01/28/261706476182.webp	lazy-susan	2020	woman,restaurant,interior
3141	Everyone You Know - The Drive	2024/01/28/261706476470.webp	lazy-susan	2019	car,night,interior
3142	Everyone You Know - The Drive	2024/01/28/261706476519.webp	lazy-susan	2019	car,night,interior
3143	Everyone You Know - The Drive	2024/01/28/261706476569.webp	lazy-susan	2019	car,night,interior
3144	Everyone You Know - The Drive	2024/01/28/261706476706.webp	lazy-susan	2019	car,night,interior
3145	Everyone You Know - The Drive	2024/01/28/261706476773.webp	lazy-susan	2019	car,night,interior
3146	That 70s Show (TV Series)	2024/01/28/261706477056.webp	lazy-susan	1998	interior,group,whip
3147	Valaire - (She's A) Winner (Ft. Alan Prater)	2024/01/28/261706477130.webp	lazy-susan	2023	low angle,interior,group
3148	The Darjeeling Limited	2024/01/28/261706477777.webp	lazy-susan	2007	woman,interior
3149	Nine Inch Nails - Closer	2024/01/28/261706477877.webp	lazy-susan,vhs	2009	2009,warm,interior,film,vintage,burn,orange,retro,nine inch nails,expressionism,grunge,2000s,mark romanek,harris savides,robert duffy
3150	Nine Inch Nails - Closer	2024/01/28/261706477890.webp	lazy-susan,vhs	2009	2009,warm,interior,film,vintage,burn,orange,retro,nine inch nails,expressionism,grunge,2000s,mark romanek,harris savides,robert duffy
3151	Freshlabels - Rodeo	2024/01/28/261706477937.webp	lazy-susan	2018	Day,low angle,interior
3152	That 70s Show (TV Series)	2024/01/28/261706477969.webp	lazy-susan	1998	interior,group,haze
3153	Nike - Never Settle. Never Done	2024/01/28/261706478051.webp	lazy-susan	2022	soccer,nerf,ball
3154	Lazy Susan	2024/01/28/261706478162.webp	set-transition	2019	interior,dinner,lunch
3155	Moonrise Kingdom	2024/01/28/261706478243.webp	hard-light,pan,spotlight	2012	water,night,ocean,exterior
3156	Moonrise Kingdom	2024/01/28/261706478273.webp	pan	2012	Day,exterior,boat,ship
3157	Hereditary	2024/01/28/261706478354.webp	pan	2018	Day,car,driving,sunset,exterior,vehicle,telephone pole
3158	Film4 Idents Full Set	2024/01/28/261706478545.webp	pedestal	2016	dusk,exterior,dark,gas station
3159	Paramount - Scream VI	2024/01/28/261706478966.webp	pedestal	2023	night,window,exterior,apartment
3160	Moonrise Kingdom	2024/01/28/261706479030.webp	pedestal	2012	interior
3161	Scott Pilgrim vs. the World	2024/01/28/261706479076.webp	pedestal	2010	interior,band,jam sesson
3162	Mula B - Blokke Gepikt	2024/01/28/261706479987.webp	vhs	2024	exterior,skiing
3163	Mula B - Blokke Gepikt	2024/01/28/261706480053.webp	tilt	2024	interior,window,room,coke,cocaine
3164	Mula B - Blokke Gepikt	2024/01/28/261706480150.webp	falling,silhouette,slow-motion	2024	jump,falling,skiing,skiier,moon
3165	Mula B - Blokke Gepikt	2024/01/28/261706480185.webp	falling,slow-motion	2024	fire,jump,falling,skiing,skiier,moon
3166	Mula B - Blokke Gepikt	2024/01/28/261706480271.webp	falling,slow-motion,wide-shot	2024	dusk,sunset,fire,jump,falling,skiing,skiier,moon
3167	Mula B - Blokke Gepikt	2024/01/28/261706480318.webp	pan,slow-motion	2024	interior,hallway,gun,copy,soldier,rifle
3168	Mula B - Blokke Gepikt	2024/01/28/261706480357.webp	falling,slow-motion	2024	interior,girl,fire,falling,dance,room
3169	Mula B - Blokke Gepikt	2024/01/28/261706480401.webp	close-up	2024	slow motion,face,fire,eye
3170	Mula B - Blokke Gepikt	2024/01/28/261706480490.webp	flash-cut	2024	black and white,coke,cocaine
3171	Mula B - Blokke Gepikt	2024/01/28/261706480546.webp	falling,slow-motion	2024	dusk,sky,exterior,fire,falling,evening
3172	Mula B - Blokke Gepikt	2024/01/28/261706480671.webp	falling,low-angle,silhouette,slow-motion	2024	dusk,sky,exterior,fire,falling,evening
3173	Mula B - Blokke Gepikt	2024/01/28/261706480759.webp	close-up,falling	2024	slow motion,face,fire,eye
3174	Mula B - Blokke Gepikt	2024/01/28/261706480830.webp	transition	2024	dusk,exterior,evening
3175	Mula B - Blokke Gepikt	2024/01/28/261706480896.webp	typography	2024	dusk,exterior,evening
3176	Downsizing	2024/01/28/261706482057.webp	scale-shift	2017	matt damon,paper
3177	Downsizing	2024/01/28/261706481910.webp	scale-shift	2017	Day,exterior,bottle,absolut,vodka
3178	Downsizing	2024/01/28/261706481984.webp	scale-shift	2017	interior,suit,lecture,speech,podium
3179	Downsizing	2024/01/28/261706482214.webp	scale-shift	2017	house,interior,matt damon,Jason Sudeikis,counter
3180	Downsizing	2024/01/28/261706482329.webp	scale-shift	2017	dining,table,Jason Sudeikis
3181	Downsizing	2024/01/28/261706482398.webp	scale-shift	2017	dining,table,Jason Sudeikis
3182	Downsizing	2024/01/28/261706482537.webp	scale-shift	2017	house,group,dinner,party
3183	Downsizing	2024/01/28/261706482615.webp	scale-shift	2017	night,house,interior,matt damon,kitchen,Jason Sudeikis,counter
3184	Downsizing	2024/01/28/261706482682.webp	scale-shift	2017	night,house,interior,matt damon,kitchen,Jason Sudeikis,counter
3185	Downsizing	2024/01/28/261706482758.webp	scale-shift	2017	music,band,tambourine
3186	Downsizing	2024/01/28/261706482806.webp	over-the-shoulder,scale-shift	2017	matt damon,Jason Sudeikis
3187	Downsizing	2024/01/28/261706482846.webp	scale-shift	2017	group,bleachers,cart
3188	Downsizing	2024/01/28/261706482894.webp	scale-shift	2017	woman,interior,hospital,lab,doctor
3189	Jackboys - Gang Gang	2024/01/29/261706500235.webp	motion-blur,step-printing	2019	car,night,exterior
3190	Chungking Express	2024/01/29/261706500270.webp	step-printing	1994	night,exterior
3191	Allbirds - Introducing The Trail Runner SWT	2024/01/29/261706500310.webp	step-printing,vhs	2021	green,blue,collage,shadow box,burn,retro,vhs,allbirds,flare,burn flare,brandon kuzma
3192	Chungking Express	2024/01/29/261706500345.webp	step-printing	1994	interior,cool,desaturated
3193	Fallen Angels	2024/01/29/261706500446.webp	motion-blur,step-printing	1995	warm,interior
3194	Jackboys - Gang Gang	2024/01/29/261706500509.webp	step-printing	2019	car,night,exterior,vehicle
3195	Jackboys - Gang Gang	2024/01/29/261706500522.webp	step-printing	2019	car,night,exterior,vehicle
3196	Jackboys - Gang Gang	2024/01/29/261706500534.webp	step-printing	2019	car,night,exterior,vehicle
3197	Jackboys - Gang Gang	2024/01/29/261706500544.webp	step-printing	2019	car,night,exterior,vehicle
3198	Source unknown	2024/01/29/261706500582.webp	step-printing		
3199	Source unknown	2024/01/29/261706500625.webp	step-printing		warm,flowers,orange
3200	Source unknown	2024/01/29/261706500655.webp	step-printing		warm,flowers,orange
3201	Source unknown	2024/01/29/261706500702.webp	step-printing		Day,exterior
3202	Nike - Never Settle. Never Done	2024/01/29/261706500803.webp	step-printing	2022	interview
3203	Uncut Gems	2024/01/29/261706500981.webp	close-up,halation	2019	car,night,interior
3204	Uncut Gems	2024/01/29/261706501053.webp	close-up	2019	green
3205	Uncut Gems	2024/01/29/261706501663.webp	close-up,reflections	2019	close up,interior
3206	Uncut Gems	2024/01/29/261706501709.webp	focal-focus	2019	close up,interior
3207	Uncut Gems	2024/01/29/261706501836.webp	shaky-cam	2019	blue,handheld
3208	Uncut Gems	2024/01/29/261706501957.webp	close-up	2019	sports,jewelry,ring
3209	Uncut Gems	2024/01/29/261706501986.webp	shaky-cam	2019	car,interior,vehicle,hard light
3210	Uncut Gems	2024/01/29/261706502902.webp	reflections	2019	night,exterior
3211	Uncut Gems	2024/01/29/261706502946.webp	close-up	2019	hand,jewelry,championship ring
3212	Uncut Gems	2024/01/29/261706502979.webp	close-up	2019	gold,eyes,jewelry,ferby
3213	Uncut Gems	2024/01/29/261706503018.webp	close-up,zoom-in	2019	opal
3214	Uncut Gems	2024/01/29/261706503048.webp	close-up	2019	eye,opal
3215	The Basketball Diaries	2024/01/29/261706503262.webp	high-angle	1995	Day,exterior,basketball,fence
3216	Long Live Liborius	2024/01/29/261706503313.webp	high-angle,wide-shot	2021	interior,skate,church,roller skate
3217	Long Live Liborius	2024/01/29/261706503327.webp	high-angle,wide-shot	2021	interior,skate,church,roller skate
3218	The French Dispatch	2024/01/29/261706503380.webp	high-angle,wide-shot	2021	blue,exterior,cool,paris
3219	Source unknown	2024/01/29/261706503506.webp	high-angle		interior,bath
3220	Black Bear	2024/01/29/261706503673.webp	high-angle	2020	woman,exterior,single shot,swimsuit,aubrey plaza
3221	Atonement	2024/01/29/261706503732.webp	high-angle,wide-shot	2007	Day,grass,two shot,exterior,lawn
3222	Harry Potter and the Chamber of Secrets	2024/01/29/261706503841.webp	high-angle	2002	interior,harry potter,robe,castle,magic,emma watson,witch
3223	Harry Potter and the Chamber of Secrets	2024/01/29/261706503944.webp	falling,low-angle	2002	Day,car,exterior,vehicle,magic
3224	Harry Potter and the Chamber of Secrets	2024/01/29/261706503987.webp	floating	2002	Day,car,exterior,vehicle,magic
3225	Pulp Fiction	2024/01/29/261706504100.webp	high-angle	1994	blood,interior,hands,sink
3226	City of God ‘Cidade de Deus’	2024/01/29/261706504287.webp	low-angle	2002	yellow,exterior,gun,kid
3227	Long Live Liborius	2024/01/29/261706504338.webp	low-angle	2021	Day,Male,exterior
3228	Lacoste x Zalando - To Be Honest	2024/01/29/261706504465.webp	low-angle	2021	Day,woman,exterior,new york city
3229	Sherlock (TV Series)	2024/01/29/261706505041.webp	low-angle	2010	interior,Benedict Cumberbatch,kitchen
3230	Nike - Never Settle. Never Done	2024/01/29/261706505122.webp	low-angle	2022	Day,exterior
3231	Crazypopcorn x Lolipop Shop	2024/01/29/261706505164.webp	low-angle	2023	interior
3232	Long Live Liborius	2024/01/29/261706505221.webp	dutch-angle,low-angle	2021	interior,church,haze,stain glass
3233	Nike SB - Don't Make Plans	2024/01/29/261706505274.webp	shadow-box,speed-ramping	2021	photos,flicker
3234	Possessor	2024/01/29/261706505531.webp	low-angle	2020	Male,interior
3235	Last Black Man in San Francisco	2024/01/29/261706505684.webp	low-angle	2019	Day,house,exterior
3236	I Know What You Did Last Summer	2024/01/29/261706506080.webp	worms-eye,void	1997	
3237	Beau Travail	2024/01/29/261706506170.webp	low-angle	1999	low angle,Claire Denis,blue sky,Beau Travail,clothing
3238	Art by Emmanuel Uddenberg	2024/01/29/261706506443.webp	object-portal		glasses
3239	Chase - Shuffle	2024/01/29/261706506662.webp	pass-through	2020	Day,car,exterior
3240	Redo Slovenia - Re:do	2024/01/29/261706506732.webp	transition	2023	phone,screen
3241	Unknown source	2024/01/29/261706507026.webp	object-portal		elevator
3242	Loop GIF By Kidmograph	2024/01/29/261706507235.webp	close-up,object-portal	2013	
3243	Art by Paul Trillo	2024/01/29/261706507349.webp	transition		interior,tv
3244	Elliot James Mulhern - How's It Gonna Stop?	2024/01/29/261706507660.webp	as-object,pass-through	2020	keyhole
3245	Elliot James Mulhern - How's It Gonna Stop?	2024/01/29/261706507749.webp	typography	2020	
3246	Slovenska - Sporitelna	2024/01/29/261706507812.webp	object-portal	2023	glasses,pink
3247	KITKAT - Break Épico	2024/01/29/261706507883.webp	as-object,pass-through	2023	
3248	Tyler, The Creator - Who Dat Boy	2024/01/29/261706507963.webp	pass-through	2017	peep hole
3249	@sheepfilms / Giphy	2024/01/29/261706508034.webp	infinite		
3250	@sheepfilms / Giphy	2024/01/29/261706508092.webp	infinite,object-portal		exterior,door
3251	Nike - Just for Fun	2024/01/29/261706562429.webp	typography	2023	nike,just do it
3252	Animation by Bernardo Henning	2024/01/29/261706562473.webp	typography		
3253	Animation by Jon Hanlan	2024/01/29/261706562718.webp	typography		gradient,july
3254	Animation by Lia Candelario	2024/01/29/261706562746.webp	typography		Day,sky,clouds,exterior
3255	Nike - Just for Fun	2024/01/29/261706562849.webp	traditional	2023	woman,interior,kitchen,cartoon,on phone
3256	Nike - Just for Fun	2024/01/29/261706562890.webp	traditional,typography	2023	
3257	Art by gap tooth t	2024/01/29/261706562943.webp	typography		
3258	Yung Ouzo & Murda - Tarif	2024/01/29/261706563051.webp	typography,vhs	2022	
3259	Handwriting animation from 'A Cup of Self Love'	2024/01/29/261706563114.webp	typography		pink,window,handwriting
3260	Long Live Liborius	2024/01/29/261706563352.webp	central-framing,interview	2021	interior,church,talking to camera
3261	Long Live Liborius	2024/01/29/261706563398.webp	central-framing,interview	2021	interior,church,talking to camera
3262	Long Live Liborius	2024/01/29/261706563425.webp	central-framing,low-angle	2021	Day,exterior,church,roof,talking to camera
3263	Nandos - This Must Be The Place	2024/01/29/261706564053.webp	central-framing	2023	road,driving,interior,talking,vehicle,bus,commute,conversation,dialogue,monologue
3264	The Andromeda Strain	2024/01/29/261706564289.webp	central-framing,split-diopter	1971	night,men,exterior,police,cop
3265	The Andromeda Strain	2024/01/29/261706564311.webp	central-framing	1971	interior,three shot,lab
3266	The Andromeda Strain	2024/01/29/261706564392.webp	vhs	1971	interior,three shot,lab
3267	American Psycho	2024/01/29/261706564451.webp	central-framing	2000	Day,house,interior,sweat,home,christian bale,working out,active,jump rope
3268	TAKT - Thank You	2024/01/29/261706564497.webp	central-framing	2022	Male,interior,office,chair,single shot,sitting,computer,desk,typing,exit sign
3269	The Andromeda Strain	2024/01/29/261706564585.webp	low-angle,two-shot	1971	interior,suit,spacesuit,pointing
3270	The Andromeda Strain	2024/01/29/261706564621.webp	vhs	1971	screen
3271	The Andromeda Strain	2024/01/29/261706564665.webp	screen-in-screen,vhs	1971	screen
3272	The Andromeda Strain	2024/01/29/261706564703.webp	typography,vhs	1971	Red,title,screen,slab serif,type
3273	Source unknown	2024/01/29/261706565479.webp	pass-through		car,road,night,exterior,city,street,vehicle
3274	The French Dispatch	2024/01/29/261706565616.webp	trucking,wide-shot	2021	bike,blue,exterior,cool,paris,biking
3275	The French Dispatch	2024/01/29/261706565688.webp	overhead	2021	hand,drawing,paper,chicken,art,outline
3276	The French Dispatch	2024/01/29/261706565747.webp	central-framing,two-shot	2021	car,driving,taxi,couple,rain,vehicle,cab
3277	The French Dispatch	2024/01/29/261706565893.webp	fixed-camera,snorricam	2021	interior,black and white,wheelchair
3278	The French Dispatch	2024/01/29/261706565951.webp	set-transition,void	2021	interior,barracks
3279	The French Dispatch	2024/01/29/261706566047.webp	central-framing,profile-shot,two-shot	2021	black and white
3280	The French Dispatch	2024/01/29/261706566095.webp	double-exposure,overhead,vhs	2021	black and white
3281	The French Dispatch	2024/01/29/261706566184.webp	color-shift,trucking,void	2021	smoking,motorcycle,biking,cigar
3282	The French Dispatch	2024/01/29/261706566256.webp	central-framing,overhead,tableau-shots,two-shot	2021	chess,interior,two shot,overhead
3283	The French Dispatch	2024/01/29/261706566324.webp	first-person-pov,overhead,typography	2021	walking,typography
3284	The French Dispatch	2024/01/29/261706566590.webp	tableau-shots,wide-shot	2021	blue,dusk,exterior,dark,cool,paris,evening,establishing
3285	The French Dispatch	2024/01/29/261706566715.webp	close-up	2021	black and white,hand,pour,vial
3286	The French Dispatch	2024/01/29/261706566784.webp	central-framing,dolly-shot,two-shot	2021	black and white
3287	The French Dispatch	2024/01/29/261706566828.webp	overhead	2021	interior,dark,stairs
3288	The French Dispatch	2024/01/29/261706566878.webp	model,set-transition,vhs	2021	black and white,plane,airplane
3289	The Grand Budapest Hotel	2024/01/29/261706566986.webp	conveyor	2014	interior,group
3290	The Grand Budapest Hotel	2024/01/29/261706567045.webp	trucking	2014	Hotel,interior,single shot
3291	The Grand Budapest Hotel	2024/01/29/261706567126.webp	central-framing,overhead,two-shot	2014	exterior,looking up
3292	The Grand Budapest Hotel	2024/01/29/261706567162.webp	wide-shot	2014	Day,exterior,cemetery,lutz
3293	The Grand Budapest Hotel	2024/01/29/261706567187.webp	first-person-pov	2014	pink,book
3294	The Grand Budapest Hotel	2024/01/29/261706567224.webp	overhead	2014	Red,Hotel,interior,overhead,budapest
3295	The Grand Budapest Hotel	2024/01/29/261706567281.webp	two-shot	2014	Day,car,pink,exterior,snowing
3296	The Grand Budapest Hotel	2024/01/29/261706567319.webp	overhead	2014	car,pink,exterior,roof,vehicle,top
3297	The Grand Budapest Hotel	2024/01/29/261706567351.webp	central-framing,overhead,two-shot	2014	exterior,looking up
3298	The Grand Budapest Hotel	2024/01/29/261706567452.webp	close-up,magnification	2014	magnifying glass
3299	The Grand Budapest Hotel	2024/01/29/261706567480.webp	close-up,overhead	2014	hands,dessert,cake
3300	The Grand Budapest Hotel	2024/01/29/261706567532.webp	close-up,fixed-camera,two-shot	2014	road,bike,exterior,motorcycle,snowing,rider
3301	The Grand Budapest Hotel	2024/01/29/261706567723.webp	model,wide-shot	2014	Hotel,exterior,snow
3302	The Green Knight	2024/01/29/261706567928.webp	central-framing	2021	interior,cool,green knight,king,Dev Patel,crown
3303	The Green Knight	2024/01/29/261706567967.webp	central-framing,surrealism	2021	interior,cool,fire,green knight,king,Dev Patel,crown,throne
3304	The Green Knight	2024/01/29/261706568038.webp	central-framing,wide-shot	2021	Day,green,forest,exterior,horse,green knight,knight,Dev Patel,medieval
3305	The Green Knight	2024/01/29/261706568125.webp	wide-shot	2021	night,blue,dusk,green knight,Dev Patel,moonlight
3306	The Green Knight	2024/01/29/261706568152.webp	wide-shot	2021	Day,light,yellow,nature,sitting,green knight,Dev Patel
3307	The Green Knight	2024/01/29/261706568194.webp	overhead	2021	interior,bedroom,sleeping,green knight,Dev Patel
3308	The Green Knight	2024/01/29/261706568254.webp	underwater	2021	Red,swimming,green knight,Dev Patel
3309	The Green Knight	2024/01/29/261706568331.webp	close-up,hard-light,silhouette	2021	interior,face,green knight,Dev Patel
3310	The Green Knight	2024/01/29/261706568428.webp	focal-focus	2021	interior,face,green knight,Dev Patel
3311	Knives Out	2024/01/29/261706568561.webp	close-up	2019	woman,exterior,drinking,drinking coffee,taking a sip,drinking tea
3312	Glass Onion: A Knives Out Mystery	2024/01/29/261706568726.webp	dolly-shot	2022	woman,blood,exterior
3313	Knives Out	2024/01/29/261706569942.webp	overhead	2019	interior,hand,overhead,game
3314	Spirited Away	2024/01/29/261706570057.webp	traditional,trucking	2001	Day,water,exterior,lake
3315	Art by Bright Raven	2024/01/29/261706570119.webp	trucking	2023	driving,night,exterior,city,rain,wet,vehicle,taxi cab
3316	The French Dispatch	2024/01/29/261706570164.webp	trucking	2021	Day,woman,bike,exterior,biking
3317	Source unknown	2024/01/29/261706570246.webp	trucking		Day,walking,exterior
3318	Atonement	2024/01/29/261706570300.webp	shaky-cam,trucking	2007	woman,green,running,forest,nature,dress,woods,single shot
3319	Phillips - Carousel	2024/01/29/261706570442.webp	bullet-time,conveyor	2009	interior,police
3320	The Shining	2024/01/29/261706570488.webp	central-framing,trucking	1980	running,two shot,exterior
3321	Old Boy	2024/01/29/261706570577.webp	conveyor	2003	interior,hallway,fight
3322	Absolut - The Walk	2024/01/29/261706571071.webp	trucking	2018	walking,night,exterior,80s
3323	Absolut - The Walk	2024/01/29/261706571164.webp	tracking	2018	90s,walking,night,exterior
3324	Absolut - The Walk	2024/01/29/261706571208.webp	trucking	2018	walking,night,exterior,2000s
3325	Charlie's Angels	2024/01/29/261706571438.webp	trucking	2000	yellow,green,interior,lab,scientist,science
3326	Charlie's Angels	2024/01/29/261706571593.webp	overhead	2000	woman,interior,smile,confetti
3327	Charlie's Angels	2024/01/29/261706571629.webp	slow-motion	2000	woman,blue,sky,face,exterior
3328	Charlie's Angels	2024/01/29/261706571664.webp	ground-shot	2000	green,car,racing,interior,vehicle,tunnel
3329	Charlie's Angels	2024/01/29/261706571700.webp	silhouette,vhs	2000	silhouette
3330	Charlie's Angels	2024/01/29/261706571916.webp	fixed-camera	2000	Day,Red,water,ocean,exterior,boating,fast
3331	Lazy Susan	2024/01/29/261706572055.webp	trucking	2019	yellow,woman,interior,cartwheels
3332	1917	2024/01/29/261706572323.webp	trucking	2019	war,soldier,desaturated
3333	1917	2024/01/29/261706572377.webp	pan,trucking	2019	Explosion,running,night,war
3334	Unbroken	2024/01/29/261706572512.webp	overhead,silhouette	2014	
3335	Game of Thrones (TV Series) S6E9	2024/01/29/261706572704.webp	overhead	2016	battle,desaturated,kit harrington,jon snow
3336	Westworld (TV Series) S4E4	2024/01/30/261706572851.webp	bullet-time,wide-shot	2022	Day,group,exterior,frozen,golden hour
3337	1917	2024/01/30/261706572914.webp	tracking	2019	Day,green,running,exterior,war,soldier,world war one,WW1,battlefield
3338	1917	2024/01/30/261706572953.webp	silhouette	2019	yellow,fire,war
3339	Unknown source	2024/01/30/261706573152.webp	trucking		restaurant,interior,jump,leap,flying
3340	Moonrise Kingdom	2024/01/30/261706573208.webp	conveyor	2012	woman,beach,exterior,pose,bikini
3341	Moonrise Kingdom	2024/01/30/261706573235.webp	conveyor	2012	interior,kids,scouts,conveyor,pews
3342	Moonrise Kingdom	2024/01/30/261706573258.webp	conveyor	2012	night,exterior,rain,lightening,thunder
3343	University of Oregon - Create The Future	2024/01/30/261706573477.webp	void,zoom-in	2015	sports,black and white,football
3344	University of Oregon - Create The Future	2024/01/30/261706573542.webp	zoom-in	2015	sports,black and white,football
3345	University of Oregon - Create The Future	2024/01/30/261706573585.webp	zoom-in	2015	sports,black and white,football
3346	University of Oregon - Create The Future	2024/01/30/261706573631.webp	zoom-in	2015	sports,black and white,football
3347	Infinite dolly shot by Refresh Records	2024/01/30/261706573702.webp	dolly-shot,infinite	2021	Day,exterior,arch,doorway
3348	Infinite loop shot by Pi Slices	2024/01/30/261706573759.webp	traditional,infinite	2021	snow,mountains,aerial
3349	Infinite dolly shot by Dave Strick	2024/01/30/261706573811.webp	dolly-shot,infinite	2019	window
3350	Infinite loop by Sheep Films	2024/01/30/261706573866.webp	infinite,zoom-in	2015	exterior,building,railing
3351	Infinite loop by Sheep Films	2024/01/30/261706573921.webp	infinite,zoom-in	2015	exterior,building,door
3352	Infinite loop animation by Chikito Rikiyano	2024/01/30/261706573968.webp	infinite,surrealism		road,sunset,exterior,sunrise,spiral,twist
3353	Infinite loop by Feliks Tomasz Konczakowski	2024/01/30/261706574053.webp	traditional,infinite,zoom-in	2017	escher
3354	Infinite loop animation by Justfont	2024/01/30/261706574129.webp	infinite,pass-through,zoom-in		eye,trip
3355	The Umbrella Academy (TV Series)	2024/01/30/261706586703.webp	split-diopter	2019	white,black,and
3356	The Umbrella Academy (TV Series)	2024/01/30/261706586840.webp	split-screen,typography	2019	number two
3357	The Umbrella Academy (TV Series)	2024/01/30/261706586859.webp	split-screen,typography	2019	child,boy,number five
3358	The Umbrella Academy (TV Series)	2024/01/30/261706586885.webp	split-screen,typography	2019	interior,number 7,elliot page,stairs.
3359	The Umbrella Academy (TV Series)	2024/01/30/261706586910.webp	zoom-in	2019	woman,mouth,venom
3360	Vortex	2024/01/30/261706587045.webp	split-screen	2021	warm,couple,elderly
3361	Source unknown	2024/01/30/261706587199.webp	split-screen		
3362	Sisters	2024/01/30/261706587284.webp	split-screen	1972	woman,running
3363	Sisters	2024/01/30/261706587323.webp	split-screen	1972	Day,woman,window,building
3364	Sisters	2024/01/30/261706587361.webp	screen-in-screen,vhs	1972	woman,70s,1970s,television,tube tv,screen,broadcast
3365	Elvis	2024/01/30/261706587507.webp	reflections	2022	car,night,exterior,reflection,vehicle,elvis
3366	Scarface	2024/01/30/261706587857.webp	close-up	1983	face,eyes
3367	Breaking Bad (TV Series)	2024/01/30/261706587974.webp	reflections	2011	Day,car,exterior
3368	Breaking Bad (TV Series)	2024/01/30/261706588089.webp	low-angle	2011	jesse pinkman,interior
3369	Breaking Bad (TV Series)	2024/01/30/261706588129.webp	lazy-susan	2011	jesse pinkman,interior,lab
3370	Breaking Bad (TV Series)	2024/01/30/261706588198.webp	overhead	2011	Red,blood,lab,boots,dead
3371	Breaking Bad (TV Series)	2024/01/30/261706588284.webp	focal-focus	2011	Red,blood,lab,boots,dead
3372	Breaking Bad (TV Series)	2024/01/30/261706588364.webp	first-person-pov,low-angle	2011	interior,hospital
3373	Breaking Bad (TV Series)	2024/01/30/261706588388.webp	first-person-pov,low-angle	2011	interior,hospital,phone,picture,taking picture,verizon
3374	Breaking Bad (TV Series)	2024/01/30/261706588414.webp	focal-focus,two-shot	2011	night,interior,two shot,vehicle
3375	Breaking Bad (TV Series)	2024/01/30/261706588441.webp	cut-ins	2011	Day,exterior,gun,walter white
3376	Breaking Bad (TV Series)	2024/01/30/261706588490.webp	undercranking	2011	jesse pinkman,exterior
3377	Breaking Bad (TV Series)	2024/01/30/261706588580.webp	high-angle	2011	interior,lab,walter white
3378	Casper - Reviews	2024/01/30/261706588927.webp	overhead,split-screen	2019	warm,interior,bed,mattress
3379	Casper - Reviews	2024/01/30/261706589056.webp	overhead,split-screen	2019	warm,interior,bed,mattress
3380	Casper - Reviews	2024/01/30/261706589089.webp	overhead,split-screen	2019	warm,interior,bed,mattress
3381	Casper - Reviews	2024/01/30/261706589142.webp	match-cut,overhead,split-screen	2019	warm,interior,bed,mattress
3382	Art by Alex Hyner	2024/01/30/261706589200.webp	split-screen		Day,exterior,telephone pole,stain glass
3383	Window masking animation	2024/01/30/261706589382.webp	masking		Day,exterior,fence
3384	Allbirds - Introducing The Trail Runner SWT	2024/01/30/261706589437.webp	datamosh,glitch,vhs	2021	vhs,glitch
3385	Source unknown	2024/01/30/261706589471.webp	split-screen		
3386	Gregory Porter - Revival	2024/01/31/261706684935.webp	screen-in-screen	2020	90s,interior,1990s,vintage,retro,1992,television
3387	Gregory Porter - Revival	2024/01/31/261706685003.webp	scale-shift	2020	90s,interior,1990s,boy,retro,1992,couch
3388	Gregory Porter - Revival	2024/01/31/261706685675.webp	scale-shift	2020	Day,interior,dancing,boy,choreography
3389	Gregory Porter - Revival	2024/01/31/261706685935.webp	scale-shift	2020	Day,interior,dancing,boy,choreography
3390	Gregory Porter - Revival	2024/01/31/261706686032.webp	cut-ins,scale-shift	2020	Day,interior,dancing,boy,choreography
3391	Gregory Porter - Revival	2024/01/31/261706686129.webp	scale-shift	2020	Day,interior,dancing,dark,bathroom,boy,choreography
3392	Gregory Porter - Revival	2024/01/31/261706686231.webp	scale-shift	2020	running,interior,speed ramp,cat
3393	Gregory Porter - Revival	2024/01/31/261706686282.webp	scale-shift,slow-motion	2020	running,interior,speed ramp,cat
3394	Gregory Porter - Revival	2024/01/31/261706686383.webp	close-up,scale-shift	2020	running,interior,portrait,speed ramp,cat,photo frame
3395	Gregory Porter - Revival	2024/01/31/261706686611.webp	close-up,scale-shift	2020	interior,dancing,record,vinyl,choreography,close-up
3396	Gregory Porter - Revival	2024/01/31/261706686719.webp	scale-shift	2020	interior,dancing,voyeur,giant
3397	Gregory Porter - Revival	2024/01/31/261706686785.webp	scale-shift	2020	Day,dancing,exterior,boy,choreography
3398	Gregory Porter - Revival	2024/01/31/261706686835.webp	scale-shift	2020	Day,dancing,exterior,boy,choreography
3399	Gregory Porter - Revival	2024/01/31/261706686965.webp	high-angle,scale-shift	2020	Day,exterior,boy,choreography,dance,fire hydrant
3400	Gregory Porter - Revival	2024/01/31/261706687049.webp	ground-shot,scale-shift	2020	Day,exterior,boy,choreography,dance
3401	Gregory Porter - Revival	2024/01/31/261706687093.webp	silhouette,scale-shift	2020	Day,exterior,boy,choreography,dance
3402	Gregory Porter - Revival	2024/01/31/261706687142.webp	low-angle,scale-shift	2020	Day,sunset,exterior,trees,boy,palm trees,choreography,dance
3403	Gregory Porter - Revival	2024/01/31/261706687221.webp	scale-shift,tilt	2020	restaurant,interior,dark,boy,diner,tables
3404	Gregory Porter - Revival	2024/01/31/261706687271.webp	lazy-susan	2020	restaurant,interior,dark,boy,diner,tables
3405	Gregory Porter - Revival	2024/01/31/261706687352.webp	undercranking	2020	restaurant,interior,boy,diner,tables
3406	Gregory Porter - Revival	2024/01/31/261706687450.webp	close-up,low-angle	2020	night,dusk,sunset
3407	Gregory Porter - Revival	2024/01/31/261706687518.webp	arc-movement,halation,low-angle,silhouette	2020	night,dusk,sunset,dancing,boy,choreography
3408	Gregory Porter - Revival	2024/01/31/261706687672.webp	silhouette,scale-shift	2020	Day,sunset,exterior,boy,golden hour
3409	Gregory Porter - Revival	2024/01/31/261706687761.webp	silhouette,scale-shift	2020	Day,sunset,exterior,boy,golden hour
3410	Gregory Porter - Revival	2024/01/31/261706687885.webp	duplication,scale-shift	2020	interior,dancing,boy
3411	Gregory Porter - Revival	2024/01/31/261706687959.webp	scale-shift	2020	Day,Male,exterior,boy,golden hour,horizon
3412	Gregory Porter - Revival	2024/01/31/261706688046.webp	low-angle,scale-shift,tilt	2020	night,palm trees,stars
3413	Honey, I Shrunk the Kids	2024/01/31/261706688272.webp	scale-shift,two-shot,vhs	1989	interior,80s,1989
3414	Honey, I Shrunk the Kids	2024/01/31/261706688324.webp	scale-shift	1989	80s,1989,flower,bumblebee,insect,bee,bug
3415	Honey, I Shrunk the Kids	2024/01/31/261706688358.webp	ground-shot,scale-shift,stop-motion	1989	80s,1989,insect,bug,ant
3416	Honey, I Shrunk the Kids	2024/01/31/261706688403.webp	scale-shift	1989	interior,80s,snout,1989,dog
3417	Honey, I Shrunk the Kids	2024/01/31/261706688614.webp	magnification,as-object	1989	80s,magnifying glass,1989,kid
3418	Honey, I Shrunk the Kids	2024/01/31/261706688510.webp	scale-shift,two-shot	1989	running,80s,1989
3419	Honey, I Shrunk the Kids	2024/01/31/261706688551.webp	close-up,ground-shot,scale-shift	1989	80s,1989
3420	Honey, I Shrunk the Kids	2024/01/31/261706688652.webp	scale-shift	1989	80s,1989,dog,dog bone,dog treat
3421	Honey, I Shrunk the Kids	2024/01/31/261706688687.webp	scale-shift	1989	80s,1980s,1989,kid,cookie,milk
3422	Doctor Who (TV Series) S2E1	2024/01/31/261706688959.webp	scale-shift	1964	black and white
3423	Doctor Who (TV Series) S2E1	2024/01/31/261706688996.webp	scale-shift	1964	black and white,notebook
3424	Doctor Who (TV Series) S2E1	2024/01/31/261706689014.webp	scale-shift	1964	black and white
3425	Doctor Who (TV Series) S2E1	2024/01/31/261706689040.webp	scale-shift	1964	black and white,high angle,sink,drain
3426	Kid Culture - KEEP IT	2024/01/31/261706690743.webp	tilt,typography	2023	Day,exterior
3427	Kid Culture - KEEP IT	2024/01/31/261706690783.webp	scale-shift	2023	Day,woman,exterior
3428	Kid Culture - KEEP IT	2024/01/31/261706690839.webp	arc-movement	2023	Day,exterior
3429	Kid Culture - KEEP IT	2024/01/31/261706690900.webp	zoom-in	2023	Day,Male,car,exterior,balloons
3430	Kid Culture - KEEP IT	2024/01/31/261706690946.webp	close-up	2023	couple,kiss
3431	Kid Culture - KEEP IT	2024/01/31/261706691093.webp	reflections	2023	Male,car,mirror,exterior,vehicle
3432	Kid Culture - KEEP IT	2024/01/31/261706691161.webp	floating,surrealism	2023	Day,car,exterior,balloons
3433	Kid Culture - KEEP IT	2024/01/31/261706691244.webp	close-up,dolly-zoom	2023	Day,woman,exterior
3434	Kid Culture - KEEP IT	2024/01/31/261706691297.webp	omnidirectional,two-shot	2023	Day,grass,couple,exterior,hay
3435	Kid Culture - KEEP IT	2024/01/31/261706691379.webp	dolly-shot	2023	Day,music,exterior,dj
3436	Kid Culture - KEEP IT	2024/01/31/261706691449.webp	close-up	2023	Day,woman,exterior,smoking,cigarettes
3437	Kid Culture - KEEP IT	2024/01/31/261706691592.webp	arc-movement,fixed-camera	2023	Day,woman,exterior,hula hoop
3438	Kid Culture - KEEP IT	2024/01/31/261706691649.webp	cut-ins	2023	Day,exterior,butterfly
3439	Kid Culture - KEEP IT	2024/01/31/261706691721.webp	arc-movement,fixed-camera	2023	Day,woman,exterior,hula hoop
3440	Kid Culture - KEEP IT	2024/01/31/261706691774.webp	collage,mixed-media	2023	woman,hula hoop
3441	Kid Culture - KEEP IT	2024/01/31/261706691832.webp	cut-ins	2023	woman
3442	Kid Culture - KEEP IT	2024/01/31/261706691943.webp	omnidirectional	2023	kissing,couple,exterior
3443	Burberry x POP	2024/02/02/261706901528.webp	motion-blur,step-printing	2022	motion blur,night,exterior,skating,skateboard
3444	Burberry x POP	2024/02/02/261706901571.webp	light-flash,silhouette	2022	Male,interior,studio,skateboard
3445	Burberry x POP	2024/02/02/261706901624.webp	silhouette,void	2022	Male,studio,dark,skateboard,black
3446	Burberry x POP	2024/02/02/261706901721.webp	silhouette	2022	Male,skating,skateboard,jump
3447	Burberry x POP	2024/02/02/261706901758.webp	silhouette	2022	Male,studio,skating,skateboard,jump
3448	Burberry x POP	2024/02/02/261706901808.webp	void	2022	Male,studio,reflective
3449	Burberry x POP	2024/02/02/261706901854.webp	spotlight,void	2022	Male,studio,reflective
3450	Burberry x POP	2024/02/02/261706901945.webp	shaky-cam	2022	Male,night,men,exterior,skating,skateboard
3451	Burberry x POP	2024/02/02/261706902010.webp	undercranking	2022	Male,road,night,exterior,traffic,highway,reflective
3452	Burberry x POP	2024/02/02/261706902075.webp	shaky-cam,speed-ramping,spotlight,vhs	2022	Male,road,night,exterior,traffic,highway,reflective
3453	Burberry x POP	2024/02/02/261706902137.webp	spotlight,two-shot,void	2022	Male,two shot,men,spotlight,void,reflective
3454	Burberry x POP	2024/02/02/261706902179.webp	undercranking	2022	Male,road,night,exterior,cars,traffic,highway,vehicles
3455	Burberry x POP	2024/02/02/261706902236.webp	slow-motion,spotlight	2022	Male,night,skating,skateboard
3456	Burberry x POP	2024/02/02/261706902296.webp	slow-motion,spotlight,void	2022	group,men,reflective,glow
3457	Burberry x POP	2024/02/02/261706902361.webp	undercranking,shaky-cam,motion-blur,void	2022	night,exterior,reflective,glow
3458	Burberry x POP	2024/02/02/261706902404.webp	duplication,echo-printing,undercranking,motion-blur,silhouette	2022	night,exterior,reflective,glow
3459	Burberry x POP	2024/02/02/261706902448.webp	undercranking,shaky-cam,motion-blur	2022	night,exterior,skating,skateboard,reflective,glow
3460	Burberry x POP	2024/02/02/261706902516.webp	undercranking,shaky-cam,motion-blur	2022	night,exterior,skating,skateboard,reflective,glow
3461	Burberry x POP	2024/02/02/261706902566.webp	undercranking	2022	Red,road,night,exterior,flash,cars,traffic,highway,vehicles,reflective,glow
3462	Converse - AS-1 Pro	2024/02/02/261706903032.webp	magnification,object-portal,zoom-in	2023	magnifying glass,shoe,converse
3463	Converse - AS-1 Pro	2024/02/02/261706903133.webp	dolly-shot,duplication,transition	2023	night,exterior,skating,skateboard,screen,monitor
3464	Converse - AS-1 Pro	2024/02/02/261706903170.webp	dolly-shot,transition	2023	night,exterior,skating,skateboard,screen,monitor
3465	Converse - AS-1 Pro	2024/02/02/261706903232.webp	zoom-in	2023	Day,exterior,skating,skateboard,fence
3466	Converse - AS-1 Pro	2024/02/02/261706903307.webp	overhead,zoom-in	2023	Day,exterior
3467	Submerged hallway	2024/02/04/261707005672.webp	dreamcore		water,interior,sunset,hallway,golden hour
3468	Infinite Office	2024/02/04/261707005744.webp	dreamcore		interior,hallway,office,overhead lights
3469	Infinite Stairs	2024/02/04/261707005766.webp	dreamcore		interior,stairs,hallway,tile,office,overhead lights
3470	Neon Pool	2024/02/04/261707005796.webp	dreamcore		Red,water,night,reflection,neon,stars,moon
3471	Infinite Stairs	2024/02/04/261707005824.webp	dreamcore		Red,interior,stairs,overhead,hazy,faded
3472	Infinite Turn	2024/02/04/261707005853.webp	dreamcore		interior,hallway,office,overhead light
3473	Infinite Arches	2024/02/04/261707005883.webp	dolly-shot,dreamcore		interior,hallway,arches
3474	Venice Balconies	2024/02/04/261707005906.webp	dolly-shot,dreamcore		exterior,hallway,stone,architecture,railing,arches
3475	Ancient Pillars	2024/02/04/261707005929.webp	dolly-shot,dreamcore		exterior,hallway,stone,architecture,pillars
3476	Morphing Tile	2024/02/04/261707005962.webp	dreamcore		interior,architexture,cool,tiles
3477	Infinite Doorway	2024/02/04/261707005988.webp	dolly-shot,dreamcore		interior,hallway,arch,doorway
3478	Animation by Fuzzy Ghost	2024/02/04/261707006222.webp	dreamcore		interior,purple,surrealist,office
3479	Animation by Kidd Gorgeous	2024/02/04/261707006456.webp	dreamcore		water,pool. interior,mushrooms
3480	Infinite Stairs	2024/02/04/261707006528.webp	dreamcore		
3481	Liminal Pool	2024/02/04/261707006676.webp	dreamcore		Day,light,pool,interior
3482	Source unknown	2024/02/04/261707006719.webp	dolly-shot,dreamcore		Day,light,interior,hallway
3483	Source unknown	2024/02/04/261707006853.webp	wierdcore		pink,mouse,sparkles
3484	Untitled animation	2024/02/04/261707006955.webp	wierdcore		
3485	Source unknown	2024/02/04/261707007007.webp	wierdcore		
3486	Happy Pink And Blue GIF By Simon Falk	2024/02/04/261707007053.webp	wierdcore		woman,dancing,gradient,checkered,color shift
3487	Source unknown	2024/02/04/261707007143.webp	wierdcore		Animation,exterior,baby
3488	Source unknown	2024/02/04/261707007177.webp	wierdcore		Animation,exterior,baby
3489	Source unknown	2024/02/04/261707007219.webp	wierdcore		
3490	Source unknown	2024/02/04/261707007237.webp	wierdcore		Day,grass,exterior,sunny,field,will smith
3491	Source unknown	2024/02/04/261707007273.webp	wierdcore		Gary Busey
3492	Source unknown	2024/02/04/261707007314.webp	wierdcore		exterior,gorilla
3493	Source unknown	2024/02/04/261707007363.webp	wierdcore		night,space,exterior,spaceship,outer space,stars,rocket ship
3494	Source unknown	2024/02/04/261707007398.webp	infinite,wierdcore		Day,exterior,mouth,kid
3495	Source unknown	2024/02/04/261707007423.webp	anthropomorphism,wierdcore		pencil
3496	Source unknown	2024/02/04/261707007441.webp	wierdcore		
3497	Source unknown	2024/02/04/261707007474.webp	wierdcore		flash,camera,photograph,mouth,tee
3498	Source unknown	2024/02/04/261707007589.webp	wierdcore		flash,camera,photograph,mouth,tee
3499	Source unknown	2024/02/04/261707007660.webp	wierdcore		
3500	Source unknown	2024/02/04/261707007833.webp	wierdcore		flowers
3501	Source unknown	2024/02/04/261707007853.webp	wierdcore		Day,exterior,angel,sparkles,deer
3502	Source unknown	2024/02/04/261707007887.webp	dreamcore		Day,house
3503	Source unknown	2024/02/04/261707008073.webp	dreamcore		Day,house,neighborhood
3504	Source unknown	2024/02/04/261707008086.webp	dreamcore		Day,house
3505	Source unknown	2024/02/04/261707008099.webp	dreamcore		Day,house
3506	Source unknown	2024/02/04/261707008109.webp	dreamcore		Day,house
3507	Source unknown	2024/02/04/261707008121.webp	dreamcore		Day,house
3508	Source unknown	2024/02/04/261707008133.webp	dreamcore		Day,house
3509	Source unknown	2024/02/04/261707008275.webp	dreamcore		Day,exterior,church,fence
3510	Source unknown	2024/02/04/261707008287.webp	dreamcore		
3511	Source unknown	2024/02/04/261707008295.webp	dreamcore		
3512	Source unknown	2024/02/04/261707008307.webp	dreamcore		dusk,sunset,evening
3513	Source unknown	2024/02/04/261707008316.webp	dreamcore		dusk,sunset,evening
3514	Source unknown	2024/02/04/261707008357.webp	dreamcore		dusk,evening,mushroom
3515	Untitled Animation	2024/02/04/261707008676.webp	vhs	2020	
3516	Untitled Animation	2024/02/04/261707008727.webp	typography,vhs	2020	
3517	Untitled Animation	2024/02/04/261707008742.webp	glitch,vhs	2020	
3518	Untitled Animation	2024/02/04/261707008836.webp	double-exposure,vhs	2020	
3519	Untitled Clip	2024/02/04/261707008882.webp	glitch,silhouette,vhs	2020	running,sunset,orange
3520	Untitled Clip	2024/02/04/261707008924.webp	vhs	2020	Animation,purple,vintage,retro,coke,can,3d,soda,coca-cola
3531	Black Panther	2024/02/04/261707017682.webp	close-up	2018	Day,woman,green,forest,exterior
3532	A League of Their Own (TV Series)	2024/02/04/261707018178.webp	close-up,slow-motion	2022	Day,woman,sports,exterior,athlete,1940s,baseball,pitcher,40s
3533	A League of Their Own (TV Series)	2024/02/04/261707018466.webp	two-shot	2022	woman,night,women,bar,kissing,1940s,40s
3534	A League of Their Own (TV Series)	2024/02/04/261707018489.webp	two-shot	2022	woman,night,women,bar,1940s,40s
3535	A League of Their Own (TV Series)	2024/02/04/261707018511.webp	worms-eye	2022	woman,night,women,bar,1940s,40s
3536	A League of Their Own (TV Series)	2024/02/04/261707018553.webp	close-up	2022	Day,woman,exterior,athlete,1940s,baseball,40s
3537	A League of Their Own (TV Series)	2024/02/04/261707018587.webp	close-up	2022	Day,woman,restaurant,interior,bar,1940s,40s
3538	A League of Their Own (Movie)	2024/02/04/261707018762.webp	two-shot	1992	sports,exterior,stadium,baseball,tom hanks
3539	Pulp Fiction	2024/02/04/261707018894.webp	close-up	1994	
3540	Better Call Saul (TV Series)	2024/02/04/261707018952.webp	close-up	2015	Day,car,face,saul goodman
3541	Insecure	2024/02/04/261707019565.webp	close-up,fourth-wall		restaurant,interior,ARRI ALEXA Mini,issa rae
3542	The Metamorphosis of Birds	2024/02/04/261707019820.webp	close-up,overhead	2020	Day,green,forest,exterior,child,boy,overhead
3543	City of God ‘Cidade de Deus’	2024/02/04/261707019913.webp	central-framing,close-up	2002	Day,exterior,single shot
3544	Moonrise Kingdom	2024/02/04/261707020043.webp	central-framing	2012	Day,woman,exterior,binoculars,lighthouse
3545	The French Dispatch	2024/02/04/261707020149.webp	central-framing,close-up	2021	Cigarette,black and white,smoking,Timothee Chalamet
3547	Knives Out	2024/02/04/261707020271.webp	close-up,silhouette	2019	light,fire,flame,lighter,hard light,cigar
3548	WeTransfer - Please Leave	2024/02/04/261707020467.webp	reflections	2019	water,exterior
3549	Nandos - This Must Be The Place	2024/02/04/261707020514.webp	close-up	2023	Day,interior,bus
3550	Do Revenge	2024/02/04/261707020794.webp	central-framing	2022	woman,colorful,saturated
3551	Do Revenge	2024/02/04/261707020832.webp	central-framing,two-shot	2022	colorful,saturated
3552	Do Revenge	2024/02/04/261707020978.webp	central-framing,dolly-shot	2022	Day,woman,interior,hallway
3553	Do Revenge	2024/02/04/261707021306.webp	central-framing,fixed-camera,two-shot	2022	Day,car,driving,exterior
3554	Do Revenge	2024/02/04/261707021343.webp	central-framing,fixed-camera,two-shot	2022	Day,car,driving,exterior
3555	Do Revenge	2024/02/04/261707021390.webp	central-framing,fixed-camera,two-shot	2022	car,night,exterior
3556	Do Revenge	2024/02/04/261707021425.webp	aerial,fpv-drone	2022	Day,car,road,driving,exterior,city,highway
3557	Do Revenge	2024/02/04/261707021457.webp	aerial,high-angle	2022	Day,car,road,driving,exterior,city,highway
3558	Do Revenge	2024/02/04/261707021482.webp	high-angle	2022	Day,car,road,driving,exterior,city,highway
3559	Do Revenge	2024/02/04/261707021506.webp	fixed-camera,two-shot	2022	Day,car,road,driving,exterior,city,highway
3560	Do Revenge	2024/02/04/261707021536.webp	central-framing	2022	Day,car,road,driving,exterior,city,highway
3561	Do Revenge	2024/02/04/261707021609.webp	close-up,color-shift,hard-light	2022	woman,bar,nightclub
3562	Do Revenge	2024/02/04/261707021629.webp	color-shift,hard-light	2022	woman,bar,nightclub
3563	Downtown Kayoto - Changed it	2024/02/04/261707021703.webp	close-up,overhead	2023	water,goldfish,bathtub,single shot
3564	Top Gun: Maverick	2024/02/04/261707021980.webp	cut-ins	2022	fighter jet,pilot
3565	Top Gun: Maverick	2024/02/04/261707022057.webp	tilt	2022	interior,piano,musician
3566	Top Gun: Maverick	2024/02/04/261707022103.webp	close-up	2022	smile
3567	Top Gun: Maverick	2024/02/04/261707022135.webp	focal-focus	2022	military,soldier,pilot,pushups
3568	Top Gun: Maverick	2024/02/04/261707022183.webp	close-up,focal-focus	2022	
3569	Top Gun: Maverick	2024/02/04/261707022378.webp	focal-focus	2022	
3570	Top Gun: Maverick	2024/02/04/261707022406.webp	close-up,two-shot	2022	
3571	Top Gun: Maverick	2024/02/04/261707022423.webp	close-up,two-shot	2022	
3572	Top Gun: Maverick	2024/02/04/261707022455.webp	close-up	2022	helmet,pilot,fighter pilot
3573	Top Gun: Maverick	2024/02/04/261707022475.webp	focal-focus	2022	
3574	Top Gun: Maverick	2024/02/04/261707022493.webp	close-up	2022	
3575	Top Gun: Maverick	2024/02/04/261707022543.webp	close-up	2022	
3576	Long Live Liborius	2024/02/04/261707022593.webp	fourth-wall	2021	interior,writing on lens
3577	Everything Everywhere All at Once	2024/02/04/261707022682.webp	central-framing,close-up	2022	woman,face,Michelle Yeoh
3578	Everything Everywhere All at Once	2024/02/04/261707022698.webp	central-framing,close-up	2022	woman,face,Michelle Yeoh
3579	Everything Everywhere All at Once	2024/02/04/261707023388.webp	shaky-cam	2022	interior,laundromat
3580	Everything Everywhere All at Once	2024/02/04/261707023432.webp	flash-cut	2022	
3581	Everything Everywhere All at Once	2024/02/04/261707023468.webp	traditional,flash-cut	2022	
3582	Everything Everywhere All at Once	2024/02/04/261707023495.webp	two-shot	2022	
3583	Everything Everywhere All at Once	2024/02/04/261707023526.webp	anthropomorphism	2022	rock,googly eyes
3584	Everything Everywhere All at Once	2024/02/04/261707023573.webp	double-exposure,split-screen	2022	cracked glass
3585	Everything Everywhere All at Once	2024/02/04/261707023631.webp	double-exposure,split-screen	2022	cracked glass
3586	Everything Everywhere All at Once	2024/02/04/261707023657.webp	double-exposure,split-screen	2022	cracked glass
3587	Everything Everywhere All at Once	2024/02/04/261707023692.webp	match-cut	2022	
3588	Everything Everywhere All at Once	2024/02/04/261707023718.webp	close-up	2022	paper
3589	Everything Everywhere All at Once	2024/02/04/261707023741.webp	focal-focus	2022	
3590	Everything Everywhere All at Once	2024/02/04/261707023786.webp	speed-ramping,slow-motion	2022	
3591	Everything Everywhere All at Once	2024/02/04/261707023809.webp	low-angle,slow-motion,zoom-in	2022	
3592	Everything Everywhere All at Once	2024/02/04/261707023849.webp	split-screen	2022	
3593	Everything Everywhere All at Once	2024/02/04/261707023868.webp	anthropomorphism	2022	
3594	Everything Everywhere All at Once	2024/02/04/261707023894.webp	color-shift,hard-light,two-shot	2022	
3595	Everything Everywhere All at Once	2024/02/04/261707023945.webp	close-up	2022	
3596	Everything Everywhere All at Once	2024/02/04/261707023964.webp	high-angle	2022	
3597	Everything Everywhere All at Once	2024/02/04/261707023983.webp	undercranking	2022	
3598	Everything Everywhere All at Once	2024/02/04/261707024005.webp	ground-shot	2022	
3599	Everything Everywhere All at Once	2024/02/04/261707024039.webp	overhead	2022	
3600	Everything Everywhere All at Once	2024/02/04/261707024073.webp	reflections	2022	interior,room
3601	Everything Everywhere All at Once	2024/02/04/261707024089.webp	reflections	2022	interior,room
3602	Everything Everywhere All at Once	2024/02/04/261707024121.webp	close-up,over-the-shoulder	2022	interior,room
3603	Everything Everywhere All at Once	2024/02/04/261707024143.webp	split-screen	2022	
3604	Everything Everywhere All at Once	2024/02/04/261707024196.webp	close-up,epiphany-shot	2022	
3605	Everything Everywhere All at Once	2024/02/04/261707024215.webp	close-up	2022	
3606	Everything Everywhere All at Once	2024/02/04/261707024245.webp	close-up	2022	
3607	Everything Everywhere All at Once	2024/02/04/261707024286.webp	close-up	2022	smoking
3608	Weirdcore Animation	2024/02/04/261707084544.webp	generative,maximalism,wierdcore	2024	
3609	Weirdcore Animation	2024/02/04/261707084584.webp	generative,maximalism,wierdcore	2024	
3614	JJ DOOM - GUV'NOR	2024/02/08/261707400905.webp	match-split	2012	Day,interior,parking garage,mask,mf doom
3615	JJ DOOM - GUV'NOR	2024/02/08/261707400975.webp	match-split	2012	Day,interior,parking garage,mask,mf doom
3616	JJ DOOM - GUV'NOR	2024/02/08/261707401055.webp	match-split	2012	Day,interior,parking garage,mask,mf doom
3617	JJ DOOM - GUV'NOR	2024/02/08/261707401153.webp	match-split,tracking	2012	Day,walking,exterior,tracking,mask,mf doom
3618	JJ DOOM - GUV'NOR	2024/02/08/261707401194.webp	match-split	2012	Day,interior,tracking,biking,mask,bicycle,mf doom
3619	JJ DOOM - GUV'NOR	2024/02/08/261707401289.webp	close-up,match-split	2012	Day,interior,mask,mf doom,bicycle tire
3620	JJ DOOM - GUV'NOR	2024/02/08/261707401368.webp	match-split	2012	Day,interior,mask,mf doom
3621	JJ DOOM - GUV'NOR	2024/02/08/261707401410.webp	floating,match-split	2012	Day,interior,mask,mf doom
3622	JJ DOOM - GUV'NOR	2024/02/08/261707401444.webp	close-up,match-split	2012	Day,interior,mask,mf doom
3623	JJ DOOM - GUV'NOR	2024/02/08/261707401477.webp	match-split	2012	Day,interior,mask,mf doom
3624	JJ DOOM - GUV'NOR	2024/02/08/261707401511.webp	match-split	2012	Day,interior,mask,mf doom
3625	JJ DOOM - GUV'NOR	2024/02/08/261707401547.webp	typography	2012	mf doom
3626	Tierra Whack - SHOWER SONG	2024/02/08/261707401974.webp	dreamcore,tableau-shots	2024	Red,surrealist,colorful,saturated,saturation,playful
3627	Tierra Whack - SHOWER SONG	2024/02/08/261707402014.webp	collage,mixed-media	2024	Red,surrealist,colorful,saturated,saturation,playful
3628	Tierra Whack - SHOWER SONG	2024/02/08/261707402710.webp	stop-motion	2024	purple,colorful,shower,saturated,clay
3629	Tierra Whack - SHOWER SONG	2024/02/08/261707402740.webp	stop-motion	2024	purple,colorful,shower,saturated,clay
3630	Tierra Whack - SHOWER SONG	2024/02/08/261707402783.webp	stop-motion	2024	interior,colorful,flowers,saturated
3631	Tierra Whack - SHOWER SONG	2024/02/08/261707402977.webp	anthropomorphism,stop-motion	2024	exterior,colorful,bird,saturated,blue jay
3632	Tierra Whack - SHOWER SONG	2024/02/08/261707403017.webp	collage,mixed-media,stop-motion	2024	
3633	Tierra Whack - SHOWER SONG	2024/02/08/261707403057.webp	collage,mixed-media	2024	
3634	Tierra Whack - SHOWER SONG	2024/02/08/261707403127.webp	mixed-media,stop-motion,typography	2024	
3635	Tierra Whack - SHOWER SONG	2024/02/08/261707403161.webp	typography	2024	
3636	Tierra Whack - SHOWER SONG	2024/02/08/261707403213.webp	collage,mixed-media	2024	
3637	Tierra Whack - SHOWER SONG	2024/02/08/261707403245.webp	typography	2024	
3638	Tierra Whack - SHOWER SONG	2024/02/08/261707403332.webp	typography	2024	car,studio,vehicle
3639	Ashley Gum GIF	2024/02/08/261707403512.webp	stop-motion	2017	
3640	Her Morning Elegance	2024/02/08/261707404088.webp	overhead,stop-motion	2009	Day,woman,interior,bedroom,overhead
3641	Her Morning Elegance	2024/02/08/261707404142.webp	overhead,stop-motion	2009	Day,woman,interior,bedroom,overhead
3642	Her Morning Elegance	2024/02/08/261707404194.webp	overhead,stop-motion	2009	Day,woman,interior,bedroom,overhead
3643	Her Morning Elegance	2024/02/08/261707404225.webp	overhead,stop-motion	2009	Day,woman,interior,bedroom,overhead
3644	Her Morning Elegance	2024/02/08/261707404286.webp	overhead,stop-motion	2009	Day,woman,interior,bedroom,overhead
3645	Her Morning Elegance	2024/02/08/261707404338.webp	overhead,stop-motion	2009	Day,woman,interior,bedroom,overhead
3646	Her Morning Elegance	2024/02/08/261707404368.webp	overhead,stop-motion	2009	Day,woman,interior,bedroom,overhead
3647	Her Morning Elegance	2024/02/08/261707404406.webp	falling,overhead,stop-motion	2009	Day,woman,interior,bedroom,overhead
3648	Her Morning Elegance	2024/02/08/261707404441.webp	floating,overhead,stop-motion,underwater	2009	Day,woman,interior,bedroom,overhead
3649	This Wild Life - Falling Down	2024/02/08/261707404554.webp	stop-motion	2016	walking,two shot,men,stairs
3650	This Wild Life - Falling Down	2024/02/08/261707404592.webp	stop-motion	2016	Male,jump,bounce
3651	This Wild Life - Falling Down	2024/02/08/261707404611.webp	stop-motion	2016	Male,slide
3652	Community S2E11 (TV Series)	2024/02/08/261707404954.webp	stop-motion	2009	Abed
3653	Community S2E11 (TV Series)	2024/02/08/261707405018.webp	stop-motion	2009	Abed
3654	Community S2E11 (TV Series)	2024/02/08/261707405123.webp	stop-motion	2009	Abed
3655	Community S2E11 (TV Series)	2024/02/08/261707405143.webp	stop-motion	2009	Abed
3656	Litterbug S1E7 (TV Series)	2024/02/08/261707405379.webp	stop-motion,wierdcore		exterior,horror,flower,clay,litter
3657	The Animator 2	2024/02/08/261707405555.webp	infinite,stop-motion,wierdcore	2019	Male,exterior,horror,clay,loop
3658	Stop Motion Clay GIF	2024/02/08/261707405681.webp	stop-motion,wierdcore	2022	Male,yellow,horror,clay,loop
3659	Crypto Bitcoin GIF	2024/02/08/261707405796.webp	stop-motion,wierdcore	2022	Male,yellow,horror,clay,loop
3660	Cry Phone GIF	2024/02/08/261707405924.webp	wierdcore	2024	
3661	Massive sorrow	2024/02/08/261707406189.webp	traditional,wierdcore	2024	
3662	Good Morning	2024/02/08/261707406248.webp	traditional,wierdcore	2024	
3663	Get a Call	2024/02/08/261707406297.webp	traditional,wierdcore	2024	
3664	Stone Head	2024/02/08/261707406397.webp	anthropomorphism,stop-motion,wierdcore	2024	exterior,mountain
3665	Eyes Love GIF	2024/02/08/261707406436.webp	wierdcore	2021	
3666	Happy Rainbow GIF	2024/02/08/261707406511.webp	wierdcore	2020	
3667	Glitch Monster GIF	2024/02/08/261707406540.webp	wierdcore	2020	
3668	Unknown Source	2024/02/08/261707406672.webp	stylistic-suck		two shot,exterior,rollercoaster
3669	Reaction GIF	2024/02/08/261707406714.webp	scale-shift,wierdcore	2017	
3670	Nicolas Cage Reaction GIF	2024/02/08/261707406835.webp	wierdcore	2022	cat,nicolas cage
3671	Minds Eye Fire GIF	2024/02/08/261707406885.webp	vhs	2022	
3672	Best Wishes Love GIF	2024/02/08/261707406980.webp	wierdcore	2021	horse,run,cat,gallop
3673	Source unknown `	2024/02/08/261707407100.webp	morphing	2012	
3674	The Jungle Book	2024/02/08/261707407268.webp	trip,traditional	1967	
3676	Source unknown `	2024/02/08/261707407369.webp	vhs	2012	
3677	The Lion King	2024/02/08/261707407515.webp	traditional	1994	
3678	Source unknown `	2024/02/08/261707407590.webp	traditional,scale-shift		
3679	Source unknown `	2024/02/08/261707407619.webp	traditional		
3680	A Trip to the Moon	2024/02/08/261707407817.webp	anthropomorphism,vhs	1902	1900s,moon,1902
3681	A Trip to the Moon	2024/02/08/261707407868.webp	anthropomorphism,glitch,stop-motion,vhs	1902	1900s,moon,1902
3682	Source unknown `	2024/02/08/261707407978.webp	zoom-in		
3683	Robin Hood	2024/02/08/261707408230.webp	traditional	1973	
3684	It Could Happen To You	2024/02/11/261707618543.webp	fourth-wall	1994	new york city,talking to camera
3685	It Could Happen To You	2024/02/11/261707620172.webp	color-shift,freeze-frame	1994	new york city,talking to camera
3686	Carly Gibert - WILLOW	2024/02/11/261707620484.webp	overhead	2024	weed,marijuana
3687	Carly Gibert - WILLOW	2024/02/11/261707620525.webp	ground-shot,fourth-wall	2024	
3688	Carly Gibert - WILLOW	2024/02/11/261707620569.webp	close-up	2024	
3689	Carly Gibert - WILLOW	2024/02/11/261707620612.webp	collage,mixed-media	2024	colorful,saturated
3690	Carly Gibert - WILLOW	2024/02/11/261707620774.webp	close-up,as-object	2024	teeth,mouth,dentist
3691	Carly Gibert - WILLOW	2024/02/11/261707620843.webp	split-screen	2024	
3692	Carly Gibert - WILLOW	2024/02/11/261707620895.webp	match-cut	2024	
3693	Carly Gibert - WILLOW	2024/02/11/261707621103.webp	ground-shot,fourth-wall,as-object	2024	train
3694	Carly Gibert - WILLOW	2024/02/11/261707620978.webp	collage,split-screen	2024	train
3695	Carly Gibert - WILLOW	2024/02/11/261707621026.webp	flash-cut,high-angle	2024	train
3696	Carly Gibert - WILLOW	2024/02/11/261707621236.webp	split-screen	2024	train
3697	Carly Gibert - WILLOW	2024/02/11/261707621280.webp	close-up	2024	train
3698	Carly Gibert - WILLOW	2024/02/11/261707621313.webp	ground-shot	2024	train,track
3699	Carly Gibert - WILLOW	2024/02/11/261707621352.webp	typography	2024	train,track
3700	Carly Gibert - WILLOW	2024/02/11/261707621422.webp	high-angle	2024	train,track
3701	A$AP Rocky - L$D	2024/02/11/261707621696.webp	close-up	2015	Red,blunt,weed,smoking,marijuana
3702	A$AP Rocky - L$D	2024/02/11/261707621823.webp	camera-roll,transition	2015	
3703	A$AP Rocky - L$D	2024/02/11/261707621891.webp	transition	2015	
3704	A$AP Rocky - L$D	2024/02/11/261707621986.webp	transition	2015	
3705	A$AP Rocky - L$D	2024/02/11/261707622063.webp	trip,light-flash,slow-motion	2015	
3706	A$AP Rocky - L$D	2024/02/11/261707622111.webp	trip,transition	2015	
3707	A$AP Rocky - L$D	2024/02/11/261707622181.webp	trip,transition	2015	
3708	A$AP Rocky - L$D	2024/02/11/261707622253.webp	trip,double-exposure	2015	
3709	A$AP Rocky - L$D	2024/02/11/261707622355.webp	trip,transition	2015	
3710	A$AP Rocky - L$D	2024/02/11/261707622404.webp	trip,transition	2015	
3711	A$AP Rocky - L$D	2024/02/11/261707622494.webp	trip,speed-ramping	2015	
3712	A$AP Rocky - L$D	2024/02/11/261707622611.webp	undercranking,speed-ramping	2015	
3713	A$AP Rocky - L$D	2024/02/11/261707622716.webp	trip,light-flash,tracking	2015	
3714	A$AP Rocky - L$D	2024/02/11/261707622760.webp	transition	2015	
3715	A$AP Rocky - L$D	2024/02/11/261707622880.webp	trip,transition	2015	
3716	A$AP Rocky - L$D	2024/02/11/261707623006.webp	trip	2015	
3717	A$AP Rocky - L$D	2024/02/11/261707623100.webp	trip,transition	2015	
3718	A$AP Rocky - L$D	2024/02/11/261707623137.webp	trip	2015	
3719	A$AP Rocky - L$D	2024/02/11/261707623297.webp	trip	2015	
3720	A$AP Rocky - L$D	2024/02/11/261707623397.webp	trip,transition	2015	
3721	A$AP Rocky - L$D	2024/02/11/261707623614.webp	trip,light-flash	2015	
3722	A$AP Rocky - L$D	2024/02/11/261707623655.webp	trip,light-flash	2015	
3723	Pedro Leāo - Nature Speaking	2024/02/11/261707624480.webp	trip	2024	Day,exterior,tree,drugs,trip
3724	Untitled clip	2024/02/11/261707624633.webp	trip	2023	nature,exterior,tree,drugs,trip
3725	Untitled clip	2024/02/11/261707624672.webp	trip	2023	nature,exterior,tree,drugs,trip
3726	Art from Chase That Rabbit	2024/02/11/261707624802.webp	trip	2023	Day,green,nature,exterior,tree
3727	Art from Chase That Rabbit	2024/02/11/261707624882.webp	trip	2023	Day,green,nature,exterior
3728	Art by Devon Lalin	2024/02/11/261707624951.webp	trip		
3729	Art by Devon Lalin	2024/02/11/261707624967.webp	trip		
3730	Art by Devon Lalin	2024/02/11/261707624980.webp	trip,object-portal		
3731	Lil Uzi Vert - Just Wanna Rock	2024/02/11/261707625878.webp	trip,quick-cuts	2022	blue
3732	Lil Uzi Vert - Just Wanna Rock	2024/02/11/261707625358.webp	camera-roll,match-cut,transition	2022	blue
3733	Lil Uzi Vert - Just Wanna Rock	2024/02/11/261707625487.webp	traditional,floating	2022	space,planet,vehicle,truck,stars,outerspace
3734	Lil Uzi Vert - Just Wanna Rock	2024/02/11/261707625546.webp	typography	2022	space,planet,vehicle,stars,outerspace
3735	Lil Uzi Vert - Just Wanna Rock	2024/02/11/261707625630.webp	traditional,photogrammetry	2022	vehicle,truck,lidar
3736	Lil Uzi Vert - Just Wanna Rock	2024/02/11/261707625739.webp	object-portal,transition	2022	vehicle,truck,lidar
3737	Lil Uzi Vert - Just Wanna Rock	2024/02/11/261707625801.webp	speed-ramping,slow-motion	2022	
3738	Lil Uzi Vert - Just Wanna Rock	2024/02/11/261707625928.webp	transition	2022	night,exterior,dark,planet,vehicle
3739	Lil Uzi Vert - Just Wanna Rock	2024/02/11/261707625980.webp	trip,undercranking,fixed-camera,motion-blur	2022	night,exterior,dark,vehicle
3740	Lil Uzi Vert - Just Wanna Rock	2024/02/11/261707626028.webp	zoom-in	2022	blue,face,sunglasses
3741	Lil Uzi Vert - Just Wanna Rock	2024/02/11/261707626086.webp	fixed-camera,two-shot	2022	car,driving,night,exterior
3742	Lil Uzi Vert - Just Wanna Rock	2024/02/11/261707626138.webp	shaky-cam	2022	car,driving,night,exterior
3743	Lil Uzi Vert - Just Wanna Rock	2024/02/11/261707626167.webp	fisheye	2022	car,driving,night,exterior
3744	Lil Uzi Vert - Just Wanna Rock	2024/02/11/261707626229.webp	aerial	2022	night,exterior,city,crowd
3745	Lil Uzi Vert - Just Wanna Rock	2024/02/11/261707626265.webp	shaky-cam	2022	night,exterior,city,crowd
3746	Lil Uzi Vert - Just Wanna Rock	2024/02/11/261707626305.webp	overhead	2022	night,exterior,city,crowd
3747	Lil Uzi Vert - Just Wanna Rock	2024/02/11/261707626363.webp	shaky-cam,vhs	2022	night,exterior,city,crowd
3748	Lil Uzi Vert - Just Wanna Rock	2024/02/11/261707626396.webp	pixel-art	2022	night,exterior,city,crowd
3749	Lil Uzi Vert - Just Wanna Rock	2024/02/11/261707626429.webp	shaky-cam	2022	night,exterior,city,crowd
3750	Lil Uzi Vert - Just Wanna Rock	2024/02/11/261707626497.webp	aerial,falling	2022	night,exterior,city
3751	Enter the Void	2024/02/11/261707626697.webp	trip,first-person-pov	2009	interior,first person,bathroom,drugs
3752	Enter the Void	2024/02/11/261707627018.webp	trip,color-shift,light-flash,tracking	2009	walking,night,exterior
3753	Enter the Void	2024/02/11/261707627047.webp	trip	2009	Male,back of head,interior
3754	Enter the Void	2024/02/11/261707627064.webp	trip	2009	
3755	Enter the Void	2024/02/11/261707627083.webp	trip	2009	
3756	Enter the Void	2024/02/11/261707627103.webp	trip,aerial	2009	
3757	Enter the Void	2024/02/11/261707627141.webp	maximalism,tracking	2009	
3758	Enter the Void	2024/02/11/261707627162.webp	typography	2009	
3759	Enter the Void	2024/02/11/261707627173.webp	typography	2009	
3760	Enter the Void	2024/02/11/261707627269.webp	trip,overhead	2009	exterior
3761	Enter the Void	2024/02/11/261707627389.webp	silhouette	2009	green,party,rave
3762	Birdman	2024/02/11/261707627639.webp	tracking	2014	Lights,silhouette
3763	Drake, 21 Savage - Spin Bout U	2024/02/11/261707628009.webp	typography	2023	Day,ocean,exterior,boat,yacht
3764	Drake, 21 Savage - Spin Bout U	2024/02/11/261707628073.webp	cut-ins,match-cut	2023	Day,interior,21 savage,yacht,grapefruit
3765	Drake, 21 Savage - Spin Bout U	2024/02/11/261707628124.webp	wide-shot	2023	Day,ocean,exterior,21 savage
3766	Drake, 21 Savage - Spin Bout U	2024/02/11/261707628194.webp	pan	2023	window,21 savage
3767	Drake, 21 Savage - Spin Bout U	2024/02/11/261707628262.webp	first-person-pov	2023	
3768	Drake, 21 Savage - Spin Bout U	2024/02/11/261707628304.webp	first-person-pov,two-shot	2023	
3769	Drake, 21 Savage - Spin Bout U	2024/02/11/261707628383.webp	undercranking,speed-ramping	2023	yacht
3771	Drake, 21 Savage - Spin Bout U	2024/02/11/261707628549.webp	trip	2023	
3772	Drake, 21 Savage - Spin Bout U	2024/02/11/261707628590.webp	trip	2023	
3773	Drake, 21 Savage - Spin Bout U	2024/02/11/261707628622.webp	trip,first-person-pov	2023	
3774	Drake, 21 Savage - Spin Bout U	2024/02/11/261707628680.webp	overhead	2023	night,exterior,yacht
3775	Untitled animation	2024/02/11/261707628788.webp	trip,traditional		Day,exterior,mountain
3776	Slovenska - Sporitelna	2024/02/11/261707628828.webp	object-portal,transition	2023	glasses,pink
3777	Apple Music - History of Music	2024/02/11/261707630339.webp	quick-cuts	2015	
3778	Animation by Ian Cairncross	2024/02/11/261707630373.webp	morphing		
3779	zef - 4:20 (Už je čas)	2024/02/11/261707630397.webp	trip	2022	interior,dark,train
3780	Valentino Khan - Deep Down Low	2024/02/11/261707630837.webp	floating	2016	Day,feet,exterior,shoes
3781	Valentino Khan - Deep Down Low	2024/02/11/261707630907.webp	surrealism	2016	water,restaurant,interior,glass,cup
3782	Valentino Khan - Deep Down Low	2024/02/11/261707630959.webp	close-up	2016	Male,interior,face,sweat,eyes,head,forehead
3783	Valentino Khan - Deep Down Low	2024/02/11/261707631042.webp	trip,close-up	2016	Male,interior,face,eyes,head
3784	Valentino Khan - Deep Down Low	2024/02/11/261707631188.webp	anthropomorphism,close-up	2016	kitchen,fish
3785	Valentino Khan - Deep Down Low	2024/02/11/261707631152.webp	surrealism	2016	kitchen,fish
3786	Valentino Khan - Deep Down Low	2024/02/11/261707631230.webp	close-up	2016	woman,lips,teeth,mouth
3787	Valentino Khan - Deep Down Low	2024/02/11/261707631275.webp	undercranking,quick-cuts	2016	woman,lips,teeth,mouth
3788	Valentino Khan - Deep Down Low	2024/02/11/261707631404.webp	trip,first-person-pov,morphing	2016	warp,morph,chef
3789	Valentino Khan - Deep Down Low	2024/02/11/261707631452.webp	trip,morphing	2016	warp,morph,chef
3790	Valentino Khan - Deep Down Low	2024/02/11/261707631494.webp	trip,morphing	2016	warp,morph,chef
3791	Valentino Khan - Deep Down Low	2024/02/11/261707631563.webp	trip,pan	2016	restaurant,interior,table
3792	Valentino Khan - Deep Down Low	2024/02/11/261707631655.webp	dolly-shot	2016	restaurant,interior,table
3793	Valentino Khan - Deep Down Low	2024/02/11/261707631741.webp	trip,two-shot	2016	restaurant,interior,table
3794	Valentino Khan - Deep Down Low	2024/02/11/261707631827.webp	trip,surrealism	2016	woman,restaurant,interior,horror,octopus,tentacles,squid
3795	Valentino Khan - Deep Down Low	2024/02/11/261707631922.webp	close-up	2016	macro,eye
3796	Valentino Khan - Deep Down Low	2024/02/11/261707631994.webp	close-up	2016	macro,eye
3797	Valentino Khan - Deep Down Low	2024/02/11/261707632087.webp	trip,surrealism,slow-motion,tracking	2016	walking,exterior,trip
3798	Downtown Kayoto - Changed it	2024/02/11/261707632210.webp	overhead	2023	Male,goldfish,kayoto,bathtub
3799	Unlocked	2024/02/11/261707632272.webp	overhead,slow-motion	2023	Day,walking,exterior,city,crowd,people
3800	The French Dispatch	2024/02/11/261707632467.webp	overhead,two-shot	2021	black and white,bedroom
3801	IKEA - Find More	2024/02/11/261707632561.webp	overhead	2020	bedroom,dresser
3802	Jordan - The Winning Moment	2024/02/11/261707632605.webp	overhead,slow-motion	2015	sports,interior,athlete,basketball court
3803	IKEA – Show Off Your Savvy	2024/02/11/261707632993.webp	fourth-wall,zoom-in	2023	Day,Male,exterior
3804	IKEA – Show Off Your Savvy	2024/02/11/261707633030.webp	fourth-wall,ultra-wide-zero-d	2023	Day,Male,exterior
3805	IKEA – Show Off Your Savvy	2024/02/11/261707633084.webp	undercranking,fourth-wall,motion-blur,speed-ramping	2023	Male,motion blur,interior
3806	IKEA – Show Off Your Savvy	2024/02/11/261707633156.webp	close-up,fourth-wall	2023	Male,interior,couch
3807	IKEA – Show Off Your Savvy	2024/02/11/261707633226.webp	dolly-shot	2023	Male,interior,couch
3808	IKEA – Show Off Your Savvy	2024/02/11/261707633291.webp	high-angle,ultra-wide-zero-d	2023	Male,interior,couch
3809	IKEA – Show Off Your Savvy	2024/02/11/261707633373.webp	fourth-wall,as-object	2023	Male,house,interior,kitchen,fridge,refrigerator
3810	IKEA – Show Off Your Savvy	2024/02/11/261707633440.webp	falling,fourth-wall	2023	Male,house,interior
3811	IKEA – Show Off Your Savvy	2024/02/11/261707633501.webp	close-up	2023	Male,face,teeth,grills,grillz,mouth,head,grill
3812	IKEA – Show Off Your Savvy	2024/02/11/261707633547.webp	whip-pan	2023	Male,house,interior,girl,bedroom
3813	IKEA – Show Off Your Savvy	2024/02/11/261707633605.webp	whip-pan	2023	Male,house,interior,girl,bedroom
3814	IKEA – Show Off Your Savvy	2024/02/11/261707633657.webp	trucking	2023	Male,interior,closet
3815	IKEA – Show Off Your Savvy	2024/02/11/261707633749.webp	dolly-zoom,zoom-in	2023	Male,interior,closet
3816	Better Call Saul (TV Series)	2024/02/11/261707640650.webp	high-angle,two-shot	2015	interior,dark
3817	Barbie	2024/02/11/261707640713.webp	overhead	2023	Day,pink,exterior,slide
3818	Nu Genea - Marechià (with Célia Kameni)	2024/02/11/261707641240.webp	typography	2021	Day,exterior,coast
3819	Nu Genea - Marechià (with Célia Kameni)	2024/02/11/261707641374.webp	split-screen	2021	Day,exterior,coast
3820	Nu Genea - Marechià (with Célia Kameni)	2024/02/11/261707641477.webp	transition	2021	walking,exterior,traffic sign
3821	Nu Genea - Marechià (with Célia Kameni)	2024/02/11/261707641565.webp	pan,zoom-in	2021	walking,exterior,traffic sign
3822	Nu Genea - Marechià (with Célia Kameni)	2024/02/11/261707641615.webp	transition	2021	
3823	Nu Genea - Marechià (with Célia Kameni)	2024/02/11/261707641665.webp	focal-focus	2021	underwater,aquarium
3824	Nu Genea - Marechià (with Célia Kameni)	2024/02/11/261707641707.webp	transition	2021	star
3825	Nu Genea - Marechià (with Célia Kameni)	2024/02/11/261707641756.webp	reflections	2021	star
3826	Nu Genea - Marechià (with Célia Kameni)	2024/02/11/261707641804.webp	glitch,stylistic-suck,vhs	2021	
3827	Nu Genea - Marechià (with Célia Kameni)	2024/02/11/261707641843.webp	glitch,stylistic-suck,vhs	2021	
3828	Nu Genea - Marechià (with Célia Kameni)	2024/02/11/261707641943.webp	transition	2021	
3829	Nu Genea - Marechià (with Célia Kameni)	2024/02/11/261707642037.webp	high-angle	2021	interior,stairs,escalator
3830	Nu Genea - Marechià (with Célia Kameni)	2024/02/11/261707642090.webp	zoom-in	2021	interior,mall
3831	Nu Genea - Marechià (with Célia Kameni)	2024/02/11/261707642181.webp	transition	2021	interior,mall
3832	Nu Genea - Marechià (with Célia Kameni)	2024/02/11/261707642245.webp	pan,trucking	2021	walking,exterior
3833	Nu Genea - Marechià (with Célia Kameni)	2024/02/11/261707642341.webp	falling,overhead,stylistic-suck,two-shot	2021	water,ocean,two shot
3834	Nu Genea - Marechià (with Célia Kameni)	2024/02/11/261707642380.webp	falling,stylistic-suck,two-shot	2021	water,ocean,two shot
3835	Nu Genea - Marechià (with Célia Kameni)	2024/02/11/261707642422.webp	falling,stylistic-suck,two-shot	2021	water,ocean,two shot
3836	Nu Genea - Marechià (with Célia Kameni)	2024/02/11/261707642474.webp	typography	2021	water,ocean
3837	Better Call Saul (TV Series)	2024/02/11/261707642552.webp	overhead	2015	Day,Male,exterior
3838	zef - 4:20 (Už je čas)	2024/02/11/261707642635.webp	trip,overhead	2022	interior,bed,dark,hands,room
3839	Talk To Me	2024/02/11/261707642680.webp	overhead,two-shot	2023	interior,bed
3840	Unknown source	2024/02/11/261707642913.webp	overhead		Male,interior,table
3841	Into the Ring (TV Series)	2024/02/11/261707642984.webp	cut-ins,overhead	2020	woman,interior
3842	Silence	2024/02/11/261707644136.webp	overhead	2016	walking,exterior
3843	Who's That Knocking at My Door	2024/02/11/261707644383.webp	high-angle	1967	black and white
3844	The Last Temptation of Christ	2024/02/11/261707644542.webp	high-angle,overhead	1988	Day,exterior
3845	Taxi Driver	2024/02/11/261707644653.webp	overhead	1976	fixed camera,white,yellow,warm,night,exterior,1970s,extreme close up,35mm,1.85,Zeiss Super Speed,Arriflex BL,1976,Taxi Driver,Michael Chapman,Melvin Shapiro,Martin Scorsese,Stefan Sonnenfeld,voyeur
3846	The Wolf of Wall Street	2024/02/11/261707644728.webp	overhead	2013	interior,table,gun
3847	Taxi Driver	2024/02/11/261707644803.webp	overhead	1976	interior,gun
3848	Raging Bull	2024/02/11/261707644943.webp	overhead	1980	sports,black and white,athlete,boxing
3849	The Color of Money	2024/02/11/261707645166.webp	high-angle,tilt	1986	pool,interior,bar,billiards
3850	Goodfellas	2024/02/11/261707645424.webp	overhead,slow-motion	1990	interior
3851	Unknown Source	2024/02/11/261707645496.webp	fixed-camera,high-angle		car,driving,exterior,overhead,vehicle,siren,cop,police car
3852	The Departed	2024/02/11/261707645613.webp	overhead	2006	interior,jail,prison,prisoners,cell
3853	The King of Comedy	2024/02/11/261707645749.webp	overhead	1982	interior,tape,captive
3854	Bringing Out the Dead	2024/02/11/261707645872.webp	overhead	1999	water,interior,sink,washing
3855	The Aviator	2024/02/11/261707645965.webp	overhead	2004	interior,bathroom,sink,wash
3856	Unknown Source	2024/02/11/261707683429.webp	overhead		
3857	The Aviator	2024/02/11/261707683496.webp	overhead	2004	interior,bathroom,sink,wash
3858	The Wolf of Wall Street	2024/02/11/261707683594.webp	overhead	2013	interior,phone,call,leo DiCaprio
3859	Who's That Knocking at My Door	2024/02/11/261707683695.webp	high-angle,overhead	1967	black and white
3860	The Last Temptation of Christ	2024/02/11/261707683786.webp	overhead	1988	Day,exterior
3861	The Age of Innocence	2024/02/11/261707683942.webp	overhead	1993	interior,dancing,dance,ballroom
3862	New York, New York	2024/02/11/261707684190.webp	overhead	1997	interior
3863	Casino	2024/02/11/261707684469.webp	overhead	1995	interior,casino
3864	The Aviator	2024/02/11/261707684559.webp	projections	2004	interior,aviator
3865	Hugo	2024/02/11/261707685178.webp	overhead,wide-shot	2011	interior,dark,library
3866	Hugo	2024/02/11/261707685367.webp	double-exposure	2011	black and white
3867	Hugo	2024/02/11/261707685577.webp	transition	2011	night,paris,clock,aerial,cogs
3868	Gangs of New York	2024/02/11/261707685829.webp	overhead	2002	exterior,new york city
3869	The Aviator	2024/02/11/261707685882.webp	overhead	2004	exterior,plane,aviator
3870	Goodfellas	2024/02/11/261707685992.webp	overhead	1990	interior,money,cash,brief case
3871	Taxi Driver	2024/02/11/261707686060.webp	overhead	1976	interior,gun
3872	The Wolf of Wall Street	2024/02/11/261707686196.webp	high-angle,overhead	2013	
3873	Casino	2024/02/11/261707686478.webp	overhead	1995	interior,casino
3874	Casino	2024/02/11/261707686352.webp	camera-roll,overhead	1995	two shot,exterior
3875	Source unknown	2024/02/11/261707686568.webp	overhead		
3876	Source unknown	2024/02/11/261707686702.webp	high-angle,step-printing		Day,running,exterior
3877	Macpac - This is a Bit Precarious	2024/02/11/261707686929.webp	overhead	2023	Day,nature,exterior,cliffhanger,rock climbing
3878	Macpac - This is a Bit Precarious	2024/02/11/261707686949.webp	overhead	2023	Day,nature,exterior,cliffhanger,rock climbing
3879	Moonrise Kingdom	2024/02/11/261707687065.webp	overhead	2012	
3880	Moonrise Kingdom	2024/02/11/261707687084.webp	overhead	2012	
3881	Eternal Sunshine of the Spotless Mind	2024/02/11/261707687329.webp	overhead	2004	overhead,ice
3882	Eternal Sunshine of the Spotless Mind	2024/02/11/261707687548.webp	close-up	2004	hand,paper
3883	Eternal Sunshine of the Spotless Mind	2024/02/11/261707687585.webp	over-the-shoulder,voyeur	2004	Day,interior,library,bookshelf
3884	Eternal Sunshine of the Spotless Mind	2024/02/11/261707687620.webp	over-the-shoulder,voyeur	2004	Day,interior,library,bookshelf
3885	Eternal Sunshine of the Spotless Mind	2024/02/11/261707687655.webp	double-exposure	2004	
3886	Self-portrait on green mosaic background	2024/02/13/261707809929.webp	collage,slit-scan	2024	Male,green,face,self portrait
3887	Murder by the Lake S1E12 (TV Series)	2024/02/13/261707812090.webp	wigglegram	2022	Male,exterior
3888	It Chapter Two	2024/02/13/261707812336.webp	spotlight	2019	dark,scary,horror,clown,candle
3889	It Chapter Two	2024/02/13/261707812377.webp	wigglegram	2019	Day,interior,dark,scary,horror,clown
3890	It Chapter Two	2024/02/13/261707812433.webp	trip,dolly-zoom,epiphany-shot	2019	Male,interior,drugs
3891	It Chapter Two	2024/02/13/261707812484.webp	camera-roll	2019	Day,Male,exterior,fair,carnival
3892	It Chapter Two	2024/02/13/261707812539.webp	trip	2019	Male,interior
3893	It Chapter Two	2024/02/13/261707812601.webp	trip,silhouette,transition,wigglegram	2019	Male,interior
3894	St. Louis City FC - The City Kit Is Here	2024/02/14/261707896042.webp	fourth-wall	2022	Day,Male,chess,exterior
3895	Better Call Saul (TV Series)	2024/02/14/261707896091.webp	overhead	2015	Day,Male,exterior
3896	Better Call Saul (TV Series)	2024/02/14/261707896121.webp	high-angle	2015	Day,Male,interior
3897	TAKT - Thank You	2024/02/14/261707896180.webp	close-up	2022	Male,interior,cool
3898	TAKT - Thank You	2024/02/14/261707896271.webp	falling	2022	Day,woman,sky,exterior
3899	Jurassic Park	2024/02/14/261707896412.webp	close-up	1993	woman,kid,jello
3900	Jurassic Park	2024/02/14/261707896671.webp	vhs	1993	blue,mr dna
3901	Jurassic Park	2024/02/14/261707896707.webp	close-up	1993	water,glass,cup
3902	Jurassic Park	2024/02/14/261707896742.webp	reflections	1993	car,mirror,dinosaur,chase
3903	Jurassic Park	2024/02/14/261707896777.webp	close-up	1993	girl,eating,food
3904	Jurassic Park	2024/02/14/261707896853.webp	close-up,epiphany-shot	1993	Day,Male,exterior
3905	Jurassic Park	2024/02/14/261707896883.webp	ground-shot	1993	feet,night,rain,dinosaur,mud
3906	Jurassic Park	2024/02/14/261707896916.webp	ground-shot,tracking	1993	night,interior,kitchen,dinosaur
3907	Jurassic Park	2024/02/14/261707896944.webp	projections	1993	night,interior,kitchen,dinosaur
3908	Jurassic Park	2024/02/14/261707896976.webp	low-angle,silhouette	1993	woman,interior,dark,stairs
3909	Jurassic Park	2024/02/14/261707897014.webp	vhs	1993	mr dna
3912	The Menu	2024/02/14/261707897751.webp	close-up,focal-focus	2022	Ralph Fiennes,hand
3913	The Menu	2024/02/14/261707897782.webp	close-up	2022	burger,cooking,cheese
3914	The Menu	2024/02/14/261707897836.webp	close-up,epiphany-shot	2022	Anya,Taylor-Joy
3915	The Menu	2024/02/14/261707897879.webp	dolly-shot	2022	restaurant,interior
3916	The Menu	2024/02/14/261707897939.webp	close-up,ground-shot	2022	ground,ring
3917	The Menu	2024/02/14/261707897988.webp	close-up,low-angle	2022	Ralph Fiennes,interior,kitchen,chef
3918	The Menu	2024/02/14/261707898026.webp	overhead	2022	restaurant,interior,overhead
3919	The Menu	2024/02/14/261707898070.webp	overhead,slow-motion	2022	fire,stove,oven
3920	The Menu	2024/02/14/261707898117.webp	focal-focus	2022	restaurant,interior,food,kitchen
3921	The Menu	2024/02/14/261707898159.webp	close-up	2022	woman,Anya Taylor-Joy
3922	Nope	2024/02/14/261707898307.webp	close-up	2022	Day,woman,exterior
3923	Infinity Pool	2024/02/14/261707898370.webp	focal-focus	2023	woman,colorful,saturated
3924	Orlando	2024/02/14/261707898534.webp	close-up,epiphany-shot,profile-shot	1992	yellow,golden,Tilda Swinton
3925	Black Panther: Wakanda Forever	2024/02/14/261707898694.webp	close-up,epiphany-shot	2022	woman,exterior
3927	Boy	2024/02/14/261707899010.webp	two-shot	2010	
3928	Amélie	2024/02/14/261707899166.webp	central-framing	2001	interior
3929	The Red Circle	2024/02/14/261707899425.webp	central-framing,cinemagraph	1970	Male,exterior
3931	Better Call Saul (TV Series)	2024/02/14/261707899582.webp	high-angle	2015	Day,Male,interior
3932	Source unknown	2024/02/14/261707899647.webp	overhead		black and white,bathroom,hair
3933	Better Call Saul (TV Series)	2024/02/14/261707899689.webp	overhead	2015	Day,Male,interior,prison
3934	Unknown source	2024/02/14/261707899764.webp	overhead		interior,table,overhead
3935	Artist: Arturo Carrillo Herrera / IG	2024/02/14/261707899821.webp	overhead		boxing
3936	She's Gotta Have It	2024/02/14/261707899886.webp	overhead,two-shot	1986	black and white
3937	Set it Up	2024/02/14/261707899935.webp	overhead	2018	woman,pizza
3938	Disenchanted	2024/02/14/261707900258.webp	overhead	2022	
3939	She's Gotta Have It	2024/02/14/261707900299.webp	overhead	1986	black and white
3940	Unlocked	2024/02/14/261707900343.webp	overhead	2023	woman,bed,phone
3941	The French Dispatch	2024/02/14/261707900386.webp	overhead	2021	black and white,typewriter
3942	Nike - Sport Changes Everything, Chicago-Style	2024/02/14/261707900468.webp	overhead	2019	hot dog,restaurant,nike,interior,chicago
3943	Lazy Susan	2024/02/14/261707900567.webp	overhead	2019	interior
3944	Lazy Susan	2024/02/14/261707900584.webp	overhead	2019	interior
3945	The Matrix	2024/02/14/261707900633.webp	overhead	1999	interior,Keanu Reeves,sleeping
3946	Source unknown	2024/02/14/261707900761.webp	overhead		
3947	Better Call Saul (TV Series)	2024/02/14/261707900809.webp	overhead	2015	Day,exterior,desert
3948	Better Call Saul (TV Series)	2024/02/14/261707900846.webp	overhead	2015	Day,interior,group,crowd,office,work,business
3949	EA SPORTS FC x Triangles ft. Dave	2024/02/14/261707900920.webp	overhead,zoom-in	2023	exterior,field,soccer,athlete,EA sports
3951	Zodiac	2024/02/14/261707901758.webp	locked-on,overhead	2007	car,road,driving,exterior,vehicle
3952	Zodiac	2024/02/14/261707901808.webp	undercranking	2007	Day,San Francisco,exterior,city
3953	Zodiac	2024/02/14/261707901837.webp	over-the-shoulder	2007	Male,interior,newspaper
3954	Zodiac	2024/02/14/261707901880.webp	magnification	2007	magnifying glass,fingerprints
3955	Zodiac	2024/02/14/261707901909.webp	close-up,split-screen	2007	paper
3956	Zodiac	2024/02/14/261707901946.webp	vhs	2007	interior,1970s,news,archival
3957	Zodiac	2024/02/14/261707902018.webp	close-up	2007	paper,writing,note
3958	Zodiac	2024/02/14/261707902052.webp	close-up,magnification	2007	magnifying glass,paper,writing,note
3959	Zodiac	2024/02/14/261707902071.webp	close-up,magnification	2007	magnifying glass,paper,writing,note
3960	Zodiac	2024/02/14/261707902114.webp	trucking	2007	interior,black and white,office,work
3961	Zodiac	2024/02/14/261707902158.webp	close-up	2007	hand,watch
3962	Source unknown	2024/02/14/261707902247.webp	overhead		Day,exterior,ball,tennis court
3963	Happy Water Park GIF	2024/02/14/261707948561.webp	first-person-pov	2021	feet,waterslide,waterpark
3964	St. Louis City FC - The City Kit Is Here	2024/02/14/261707948663.webp	first-person-pov	2022	Day,hand,sign,letter
3966	Joyner Lucas - Ross Capicchioni	2024/02/14/261707949177.webp	first-person-pov	2015	Day,house,exterior,steps,liquor
3967	Joyner Lucas - Ross Capicchioni	2024/02/14/261707949216.webp	first-person-pov	2015	Day,exterior,school
3968	Joyner Lucas - Ross Capicchioni	2024/02/14/261707949242.webp	first-person-pov	2015	Day,interior,lighter,school,principal
3969	Joyner Lucas - Ross Capicchioni	2024/02/14/261707949264.webp	first-person-pov	2015	Day,interior,school,cigarettes
3970	Joyner Lucas - Ross Capicchioni	2024/02/14/261707949336.webp	first-person-pov	2015	Day,interior,eating,burger,food,school,cafeteria
3971	City of God ‘Cidade de Deus’	2024/02/14/261707949464.webp	magnification	2002	interior,cool,screen
3972	Picnic at Hanging Rock	2024/02/14/261707949517.webp	magnification	1975	magnifying glass,newspaper,paper
3973	Breaking Bad (TV Series)	2024/02/14/261707949559.webp	first-person-pov	2011	goggles,walter white
3974	Black Christmas	2024/02/14/261707950039.webp	first-person-pov	1974	interior
3975	Discovery Plus - Olympics	2024/02/14/261707950370.webp	first-person-pov,silhouette	2021	running,first person,track,olympics
3976	Discovery Plus - Olympics	2024/02/14/261707950449.webp	first-person-pov	2021	basketball,track,olympics
3977	Discovery Plus - Olympics	2024/02/14/261707950687.webp	first-person-pov	2021	sports,olympics,boxing,arena
3978	Discovery Plus - Olympics	2024/02/14/261707950718.webp	first-person-pov	2021	sports,olympics,boxing,arena
3979	Discovery Plus - Olympics	2024/02/14/261707950894.webp	first-person-pov	2021	sports,biking,olympics,bicycle
3980	Discovery Plus - Olympics	2024/02/14/261707950948.webp	first-person-pov	2021	sports,olympics
3981	Discovery Plus - Olympics	2024/02/14/261707951005.webp	first-person-pov,match-cut	2021	sports,olympics
3982	Discovery Plus - Olympics	2024/02/14/261707951073.webp	first-person-pov	2021	sports,olympics
3983	Discovery Plus - Olympics	2024/02/14/261707951125.webp	first-person-pov	2021	pool,sports,olympics,swimming,swimmer
3984	Discovery Plus - Olympics	2024/02/14/261707951196.webp	first-person-pov,transition	2021	olympics
3985	POV Baseball - Catcher POV & Hitting	2024/02/15/261707969231.webp	first-person-pov	2022	sports,night,exterior,field,athlete,baseball
3986	POV Baseball - Catcher POV & Hitting	2024/02/15/261707969254.webp	first-person-pov	2022	sports,night,exterior,field,athlete,baseball
3987	Jordan - Run It Back	2024/02/15/261707969311.webp	first-person-pov	2020	sports,interior,basketball,dunk
3988	Nike - Take It To The Next Level	2024/02/15/261707969815.webp	first-person-pov	2009	Day,nike,sports,exterior,field,soccer,stadium,athlete
3989	Nike - Take It To The Next Level	2024/02/15/261707969879.webp	first-person-pov	2009	Day,nike,sports,exterior,field,soccer,stadium,athlete
3990	Nike - Take It To The Next Level	2024/02/15/261707969914.webp	first-person-pov	2009	Day,nike,sports,exterior,field,soccer,stadium,athlete
3991	Nike - Take It To The Next Level	2024/02/15/261707969982.webp	first-person-pov	2009	Day,nike,sports,exterior,field,soccer,stadium,athlete
3992	Nike - Take It To The Next Level	2024/02/15/261707970024.webp	first-person-pov	2009	Day,nike,sports,exterior,field,soccer,stadium,athlete,workout,training
3993	Nike - Take It To The Next Level	2024/02/15/261707970101.webp	first-person-pov	2009	Day,nike,sports,exterior,field,soccer,stadium,athlete,workout,training
3994	Nike - Take It To The Next Level	2024/02/15/261707970139.webp	first-person-pov	2009	Day,nike,sports,exterior,field,soccer,stadium,athlete,workout,training
3995	Nike - Take It To The Next Level	2024/02/15/261707970226.webp	first-person-pov	2009	woman,athlete,cameras,press,celebrity,paparazzi,red carpet,limousine
3996	Nike - Take It To The Next Level	2024/02/15/261707970272.webp	first-person-pov	2009	woman,athlete,cameras,press,celebrity,paparazzi,red carpet,limousine
3997	Nike - Take It To The Next Level	2024/02/15/261707970338.webp	first-person-pov	2009	water,sports,blood,shower,fight,athlete,tooth
3998	Nike - Take It To The Next Level	2024/02/15/261707970391.webp	first-person-pov	2009	sports,men,soccer,stadium,players
3999	Nike - Take It To The Next Level	2024/02/15/261707970460.webp	first-person-pov	2009	sports,men,soccer,stadium,players
4000	Nike - Take It To The Next Level	2024/02/15/261707970495.webp	first-person-pov	2009	sports,men,soccer,stadium,players
4001	Nike - Take It To The Next Level	2024/02/15/261707970602.webp	first-person-pov	2009	sports,men,soccer,stadium,players
4002	Nike - Take It To The Next Level	2024/02/15/261707970635.webp	first-person-pov	2009	sports,men,soccer,stadium,players
4003	Kripparrian - No Bike No Life	2024/02/15/261707973121.webp	first-person-pov	2012	new york city,biking,streets,bicycle
4004	Valaire - (She's A) Winner (Ft. Alan Prater)	2024/02/15/261707973186.webp	first-person-pov	2023	yellow,warm,restaurant,night
4005	EC Red Bull Salzburg	2024/02/15/261707973311.webp	first-person-pov		sports,interior,indoors,athlete,ice hockey
4006	@sheepfilms / Giphy	2024/02/15/261707973376.webp	first-person-pov		running,exterior,stairs
4007	Dream Corp LLC	2024/02/15/261707973425.webp	as-object	2016	interior,tube
4008	Dream Corp LLC	2024/02/15/261707973884.webp	first-person-pov	2016	Male,interior
4009	Dream Corp LLC	2024/02/15/261707973986.webp	first-person-pov	2016	Male,interior,lab
4010	Dream Corp LLC	2024/02/15/261707974016.webp	trip,fourth-wall	2016	Male,interior,lab
4011	Dream Corp LLC	2024/02/15/261707974084.webp	trip,first-person-pov,pixel-art	2016	Male,interior,lab
4012	Dream Corp LLC	2024/02/15/261707974207.webp	traditional,object-portal	2016	interior,door,portal,rug
4013	Dream Corp LLC	2024/02/15/261707974322.webp	trip,traditional,first-person-pov,trucking	2016	Male,walking
4014	Dream Corp LLC	2024/02/15/261707974471.webp	trip,traditional,falling	2016	woman,space,bedroom,drugs,falling,trip
4015	Dream Corp LLC	2024/02/15/261707974530.webp	traditional	2016	blue,bed,bedroom
4016	Dream Corp LLC	2024/02/15/261707974669.webp	traditional,surrealism	2016	blue,bed,bedroom
4017	Dream Corp LLC	2024/02/15/261707974745.webp	traditional,surrealism	2016	Day,exterior,bedroom
4018	Dream Corp LLC	2024/02/15/261707974800.webp	traditional,surrealism,set-transition	2016	Day,exterior,bedroom
4020	Dream Corp LLC	2024/02/15/261707974849.webp	traditional,surrealism	2016	Day,exterior,bedroom
4021	Dream Corp LLC	2024/02/15/261707975162.webp	traditional,falling	2016	blue
4022	Dream Corp LLC	2024/02/15/261707975389.webp	traditional,duplication,surrealism,wierdcore	2016	space,face,split
4023	Dream Corp LLC	2024/02/15/261707975440.webp	traditional	2016	
4024	Dream Corp LLC	2024/02/15/261707975489.webp	traditional,anthropomorphism,surrealism	2016	
4025	Dream Corp LLC	2024/02/15/261707975580.webp	traditional,echo-printing	2016	
4026	Dream Corp LLC	2024/02/15/261707975621.webp	traditional,transformation	2016	
4027	Dream Corp LLC	2024/02/15/261707975657.webp	traditional	2016	
4028	Dream Corp LLC	2024/02/15/261707975780.webp	traditional,first-person-pov	2016	
4029	Dream Corp LLC	2024/02/15/261707975845.webp	trip,traditional,dreamcore	2016	
4030	Dream Corp LLC	2024/02/15/261707975899.webp	trip,traditional,dreamcore,object-portal,transition	2016	
4031	Dream Corp LLC	2024/02/15/261707975989.webp	traditional,falling,transition,tracking	2016	blue,sky,clouds,falling,plane,air
4032	Dream Corp LLC	2024/02/15/261707976022.webp	traditional,falling	2016	blue,sky,clouds,falling,plane,air
4033	Dream Corp LLC	2024/02/15/261707976069.webp	traditional,floating	2016	woman,outerspace
4034	Dream Corp LLC	2024/02/15/261707976112.webp	traditional	2016	woman,outerspace
4035	Dream Corp LLC	2024/02/15/261707976165.webp	traditional,surrealism	2016	woman,running,stairs
4036	Dream Corp LLC	2024/02/15/261707976200.webp	traditional,surrealism,overhead	2016	woman,running,stairs
4037	Dream Corp LLC	2024/02/15/261707976249.webp	trip,traditional	2016	Male,purple,guy
4038	Dream Corp LLC	2024/02/15/261707976321.webp	traditional,object-portal,transition,tracking	2016	Male,purple,guy
4039	Dream Corp LLC	2024/02/15/261707976419.webp	traditional,object-portal,transition	2016	
4040	Dream Corp LLC	2024/02/15/261707976508.webp	trip,traditional,morphing,transformation	2016	
4041	Dream Corp LLC	2024/02/15/261707976578.webp	traditional,surrealism,object-portal	2016	teeth,mouth
4042	Dream Corp LLC	2024/02/15/261707976616.webp	traditional,close-up	2016	teeth,mouth
4043	Dream Corp LLC	2024/02/15/261707976671.webp	traditional,match-split	2016	teeth,mouth
4044	Dream Corp LLC	2024/02/15/261707976710.webp	traditional	2016	Male,exterior,motorcycle
4045	Dream Corp LLC	2024/02/15/261707976767.webp	traditional,datamosh	2016	
4046	Dream Corp LLC	2024/02/15/261707976843.webp	traditional,falling	2016	
4047	zef - 4:20 (Už je čas)	2024/02/15/261707976923.webp	close-up,quick-cuts	2022	face,eyes
4048	Jonathan Desbiens - @jodeb / IG	2024/02/15/261707976959.webp	quick-cuts		
4049	Rosalia - Saoko	2024/02/15/261707977013.webp	quick-cuts	2022	
4050	Shaun of the Dead	2024/02/15/261707977166.webp	quick-cuts	2004	Day,phone
4051	The World's End	2024/02/15/261707977283.webp	quick-cuts	2013	interior,bar,beer
4052	The World's End	2024/02/15/261707977299.webp	quick-cuts	2013	interior,bar,beer
4053	The World's End	2024/02/15/261707977320.webp	quick-cuts	2013	interior,bar,beer
4054	The World's End	2024/02/15/261707977335.webp	quick-cuts	2013	interior,bar,beer
4055	The World's End	2024/02/15/261707977394.webp	quick-cuts	2013	interior,bar,beer
4056	The World's End	2024/02/15/261707977531.webp	quick-cuts	2013	interior,bar,beer
4057	The World's End	2024/02/15/261707977547.webp	quick-cuts	2013	interior,bar,beer
4058	The World's End	2024/02/15/261707977581.webp	dolly-shot	2013	interior,bar,beer
4059	The World's End	2024/02/15/261707977638.webp	quick-cuts	2013	interior,bar,beer
4060	Hot Fuzz	2024/02/15/261707977703.webp	quick-cuts	2007	interior,bar,beer,Arriflex,ARRICAM
4061	Hot Fuzz	2024/02/15/261707977721.webp	quick-cuts	2007	interior,bar,beer,Arriflex,ARRICAM
4062	Hot Fuzz	2024/02/15/261707977734.webp	quick-cuts	2007	interior,bar,beer,Arriflex,ARRICAM
4063	Hot Fuzz	2024/02/15/261707977752.webp	quick-cuts	2007	interior,bar,beer,Arriflex,ARRICAM
4064	A$AP Rocky - D.M.B.	2024/02/15/261707977807.webp	flash-cut	2022	face,teeth,mouth,rihanna,A$AP Rocky
4065	Rosalia - Saoko	2024/02/15/261707977847.webp	quick-cuts	2022	
4066	Nine Inch Nails - Closer	2024/02/15/261707977888.webp	quick-cuts,vhs	2009	2009,warm,interior,film,vintage,burn,orange,retro,nine inch nails,expressionism,grunge,2000s,mark romanek,harris savides,robert duffy
4067	Fendi 'BFF'  - Directed by	2024/02/15/261707977920.webp	quick-cuts		yellow
4068	The World's End	2024/02/15/261707977943.webp	quick-cuts	2013	interior,bar,beer
4069	@crypticchild / Giphy	2024/02/15/261707977995.webp	quick-cuts		black and white
4070	BENEE - Never Ending	2024/02/15/261707978057.webp	glitch,screen-in-screen	2022	
4071	MELODOWNZ - Pray For More	2024/02/15/261707978099.webp	quick-cuts	2022	night,interior,church
4072	Rosalia - Saoko	2024/02/15/261707978134.webp	motion-blur,quick-cuts	2022	
4073	zef - 4:20 (Už je čas)	2024/02/15/261707978179.webp	quick-cuts	2022	face,eyes
4074	Breaking Bad (TV Series)	2024/02/15/261707978315.webp	focal-focus	2011	jesse pinkman,gun
4075	Casino Royale	2024/02/15/261707978468.webp	focal-focus	2006	glass,james bond
4076	Casino Royale	2024/02/15/261707978989.webp	masking	1967	
4077	Casino Royale	2024/02/15/261707979016.webp	close-up,screen-in-screen	1967	
4078	Casino Royale	2024/02/15/261707979050.webp	typography	1967	
4079	Source unknown	2024/02/15/261707979152.webp	focal-focus		interior,glass,bar,beer
4080	YUNGBLUD - When We Die [feat. Lil Yachty]	2024/02/18/261708236813.webp	high-angle	2024	exterior,dark,cool,city
4081	YUNGBLUD - When We Die [feat. Lil Yachty]	2024/02/18/261708236894.webp	quick-cuts	2024	exterior,dark,cool,city
4082	YUNGBLUD - When We Die [feat. Lil Yachty]	2024/02/18/261708236949.webp	high-angle,zoom-in	2024	exterior,dark,cool,city
4083	YUNGBLUD - When We Die [feat. Lil Yachty]	2024/02/18/261708237006.webp	overhead	2024	Male,interior,stairs
4084	YUNGBLUD - When We Die [feat. Lil Yachty]	2024/02/18/261708237059.webp	low-angle	2024	Day,Male,exterior
4085	YUNGBLUD - When We Die [feat. Lil Yachty]	2024/02/18/261708243166.webp	worms-eye	2024	Day,Male,exterior,shoes,adidas
4086	YUNGBLUD - When We Die [feat. Lil Yachty]	2024/02/18/261708243449.webp	falling,slow-motion	2024	Day,Male,exterior,falling
4087	YUNGBLUD - When We Die [feat. Lil Yachty]	2024/02/18/261708243597.webp	trip,falling,profile-shot	2024	Day,Male,profile,exterior,falling
4088	YUNGBLUD - When We Die [feat. Lil Yachty]	2024/02/18/261708243705.webp	trip,falling,overhead	2024	Day,Male,exterior,trip,drug
4089	YUNGBLUD - When We Die [feat. Lil Yachty]	2024/02/18/261708243913.webp	ground-shot,wandering	2024	Day,exterior,trip,drug
4090	YUNGBLUD - When We Die [feat. Lil Yachty]	2024/02/18/261708244044.webp	close-up,double-exposure	2024	Day,lil yachty
4091	YUNGBLUD - When We Die [feat. Lil Yachty]	2024/02/18/261708244141.webp	camera-roll,worms-eye	2024	Day,forest,exterior,trees
4092	YUNGBLUD - When We Die [feat. Lil Yachty]	2024/02/18/261708244268.webp	close-up,profile-shot,focal-focus,two-shot	2024	Day,two shot,lil yachty
4093	YUNGBLUD - When We Die [feat. Lil Yachty]	2024/02/18/261708244333.webp	trip	2024	Day,lil yachty
4094	YUNGBLUD - When We Die [feat. Lil Yachty]	2024/02/18/261708244408.webp	worms-eye	2024	Day,exterior,lil yachty,jump
4095	YUNGBLUD - When We Die [feat. Lil Yachty]	2024/02/18/261708244459.webp	slow-motion,underwater	2024	water,blue
4096	YUNGBLUD - When We Die [feat. Lil Yachty]	2024/02/18/261708244510.webp	quick-cuts,underwater	2024	water,blue
4097	YUNGBLUD - When We Die [feat. Lil Yachty]	2024/02/18/261708244552.webp	double-exposure,underwater	2024	water,blue
4098	YUNGBLUD - When We Die [feat. Lil Yachty]	2024/02/18/261708244608.webp	quick-cuts,underwater	2024	water,blue
4099	YUNGBLUD - When We Die [feat. Lil Yachty]	2024/02/18/261708244698.webp	close-up,slow-motion,underwater	2024	water,blue
4100	YUNGBLUD - When We Die [feat. Lil Yachty]	2024/02/18/261708244818.webp	slow-motion,underwater	2024	water,blue
4101	YUNGBLUD - When We Die [feat. Lil Yachty]	2024/02/18/261708244868.webp	slow-motion,underwater	2024	water,blue
4102	YUNGBLUD - When We Die [feat. Lil Yachty]	2024/02/18/261708244972.webp	object-portal	2024	water,macro,blue,eyeball,pupil
4103	YUNGBLUD - When We Die [feat. Lil Yachty]	2024/02/18/261708245017.webp	typography	2024	blue,eyeball,pupil
4104	Latto - Sunday Service	2024/02/18/261708245448.webp	collage	2024	car,city,brooklyn
4105	Latto - Sunday Service	2024/02/18/261708245603.webp	step-printing	2024	feet,street,cowboy boots
4106	Latto - Sunday Service	2024/02/18/261708245692.webp	close-up,locked-on,tracking	2024	walking,cowboy,tracking,jeans,denim,buckle
4107	Latto - Sunday Service	2024/02/18/261708245789.webp	central-framing	2024	microphone
4108	Latto - Sunday Service	2024/02/18/261708245852.webp	stylistic-suck	2024	blue sky,singing,speaking to camera,sky replacement
4109	Latto - Sunday Service	2024/02/18/261708245901.webp	undercranking	2024	night,dusk,exterior,dark,city,new york city,evening
4110	Latto - Sunday Service	2024/02/18/261708245954.webp	undercranking,fixed-camera	2024	car,night,dusk,exterior,dark,city,new york city,vehicle,evening
4111	Latto - Sunday Service	2024/02/18/261708246019.webp	typography,void,zoom-in	2024	type,3d
4112	Latto - Sunday Service	2024/02/18/261708246057.webp	cut-ins,void	2024	woman,vehicle
4113	Latto - Sunday Service	2024/02/18/261708246093.webp	tableau-shots,void	2024	woman,vehicle
4114	Latto - Sunday Service	2024/02/18/261708246152.webp	undercranking,masking	2024	woman,car,night,exterior,city,vehicle
4115	Latto - Sunday Service	2024/02/18/261708246189.webp	shadow-box,stop-motion	2024	
4116	Latto - Sunday Service	2024/02/18/261708246230.webp	omnidirectional	2024	Day,blue sky,car,exterior,vehicle
4117	Latto - Sunday Service	2024/02/18/261708246276.webp	typography	2024	
4118	Latto - Sunday Service	2024/02/18/261708246442.webp	digital-overlay,focal-focus	2024	texting,DM,text bubbles,emojis
4119	Latto - Sunday Service	2024/02/18/261708246498.webp	collage,flash-cut,shadow-box	2024	black and white
4120	Latto - Sunday Service	2024/02/18/261708246583.webp	central-framing,dolly-shot	2024	black and white
4121	Latto - Sunday Service	2024/02/18/261708246624.webp	dutch-angle	2024	black and white
4122	Latto - Sunday Service	2024/02/18/261708246680.webp	pixel-art,overhead	2024	convenience store,interior,bodega,counter
4123	Sex Education (TV Series)	2024/02/18/261708247436.webp	digital-overlay	2019	woman,interior,phone,texting,text bubbles
4124	Sex Education (TV Series)	2024/02/18/261708247490.webp	digital-overlay	2019	Male,interior,hallway,phone,school,texting,text bubbles,student
4125	Sex Education (TV Series)	2024/02/18/261708247620.webp	central-framing,two-shot	2019	interior,pool side
4126	Sex Education (TV Series)	2024/02/18/261708247642.webp	overhead,two-shot	2019	interior,pool side
4127	Sex Education (TV Series)	2024/02/18/261708247677.webp	reflections	2019	woman,mirror
4128	Sex Education (TV Series)	2024/02/18/261708247720.webp	close-up	2019	woman,young,girl
4129	Sex Education (TV Series)	2024/02/18/261708247881.webp	slow-motion	2019	interior
4130	Sex Education (TV Series)	2024/02/18/261708247931.webp	digital-overlay	2019	interior,single shot,texting
4131	Dear White People	2024/02/18/261708248341.webp	digital-overlay	2017	woman,interior,texting
4132	Scott Pilgrim vs. the World	2024/02/18/261708248454.webp	screen-in-screen	2010	phone,texting
4133	Disconnect	2024/02/18/261708249254.webp	digital-overlay	2012	phone,texting,Jason Bateman
4134	Non-Stop	2024/02/18/261708249457.webp	digital-overlay	2014	Male,phone,texting,liam neeson
4135	House of Cards	2024/02/18/261708249629.webp	digital-overlay	2013	exterior,wide,Kevin Spacey
4136	The Fifth Estate	2024/02/18/261708250024.webp	digital-overlay	2013	phone,texting
4137	Sherlock (TV Series)	2024/02/18/261708250082.webp	digital-overlay	2010	interior,press
4138	Sex Drive	2024/02/18/261708250305.webp	digital-overlay	2008	interior,bathroom,texting,James Marsden,text messages
4139	LOL	2024/02/18/261708250483.webp	digital-overlay	2012	woman,texting,text bubbles
4140	Source unknown	2024/02/18/261708250620.webp	digital-overlay		texting,text bubbles
4141	Trust	2024/02/18/261708250828.webp	digital-overlay	2010	texting
4142	House of Cards	2024/02/18/261708250929.webp	digital-overlay	2013	interior,Kevin Spacey
4143	Sex Drive	2024/02/18/261708250980.webp	digital-overlay	2008	interior,bathroom,texting,text messages
4144	Sherlock (TV Series)	2024/02/18/261708251027.webp	digital-overlay	2010	interior
4145	J.I.D - Tonight Show Performance	2024/02/18/261708251642.webp	collage,zoom-in	2024	
4146	J.I.D - Tonight Show Performance	2024/02/18/261708251680.webp	collage,transition	2024	paper
4147	J.I.D - Tonight Show Performance	2024/02/18/261708251708.webp	collage	2024	paper
4148	J.I.D - Tonight Show Performance	2024/02/18/261708251760.webp	collage,zoom-in	2024	paper
4149	J.I.D - Tonight Show Performance	2024/02/18/261708251819.webp	collage,transition	2024	paper
4150	J.I.D - Tonight Show Performance	2024/02/18/261708251873.webp	collage	2024	Red,paper
4151	J.I.D - Tonight Show Performance	2024/02/18/261708251899.webp	collage	2024	Red,paper
4152	Dua Lipa - Training Season	2024/02/19/261708333800.webp	echo-printing,motion-blur	2024	motion blur,restaurant,interior
4153	Dua Lipa - Training Season	2024/02/19/261708333961.webp	reflections	2024	restaurant,exterior,dua lipa
4154	Dua Lipa - Training Season	2024/02/19/261708334048.webp	central-framing,slow-motion,tableau-shots	2024	restaurant,interior,crowd,group shot,dua lipa
4155	Dua Lipa - Training Season	2024/02/19/261708334099.webp	reflections	2024	restaurant,exterior,crowd,group shot,dua lipa
4156	Dua Lipa - Training Season	2024/02/19/261708334136.webp	reflections	2024	restaurant,exterior,crowd,group shot,dua lipa
4157	Dua Lipa - Training Season	2024/02/19/261708334180.webp	lazy-susan,set-transition,zoom-in	2024	restaurant,interior,dua lipa
4158	Dua Lipa - Training Season	2024/02/19/261708334284.webp	masking,set-transition	2024	restaurant,interior,dua lipa
4159	Dua Lipa - Training Season	2024/02/19/261708334390.webp	dolly-zoom	2024	interior,room,dua lipa
4160	Dua Lipa - Training Season	2024/02/19/261708334489.webp	echo-printing,motion-blur	2024	restaurant,interior,group,crowd,dua lipa
4161	Dua Lipa - Training Season	2024/02/19/261708334560.webp	set-transition	2024	restaurant,interior,group,crowd,dua lipa
4162	Dua Lipa - Training Season	2024/02/19/261708334620.webp	echo-printing,high-angle,motion-blur	2024	restaurant,interior,group,crowd,dua lipa
4163	Dua Lipa - Training Season	2024/02/19/261708334745.webp	echo-printing,high-angle,motion-blur	2024	restaurant,interior,group,crowd,dua lipa
4164	Dua Lipa - Training Season	2024/02/19/261708334823.webp	echo-printing,motion-blur	2024	restaurant,interior,group,crowd,dua lipa
4165	AJR - Maybe Man	2024/02/19/261708335063.webp	traditional	2024	Day,water,ocean,exterior
4166	AJR - Maybe Man	2024/02/19/261708335143.webp	traditional	2024	Day,cliff,exterior
4167	AJR - Maybe Man	2024/02/19/261708335213.webp	traditional,trucking	2024	Day,forest,nature,exterior,walk,park,dog
4168	AJR - Maybe Man	2024/02/19/261708335276.webp	traditional,close-up	2024	Day,exterior,park,ajr
4169	AJR - Maybe Man	2024/02/19/261708335330.webp	traditional,transition	2024	Day,exterior,park,ajr
4170	AJR - Maybe Man	2024/02/19/261708335380.webp	traditional	2024	Male,interior,green screen
4171	AJR - Maybe Man	2024/02/19/261708335449.webp	traditional,transition	2024	sky,exterior
4172	AJR - Maybe Man	2024/02/19/261708335504.webp	traditional,overhead,transition	2024	sky,exterior
4173	AJR - Maybe Man	2024/02/19/261708335688.webp	set-transition,transition	2024	interior,Artist,guitar,venue
4174	AJR - Maybe Man	2024/02/19/261708335749.webp	traditional,scale-shift	2024	forest,Artist,exterior,guitar
4175	AJR - Maybe Man	2024/02/19/261708335783.webp	traditional,scale-shift	2024	forest,Artist,exterior,guitar
4176	AJR - Maybe Man	2024/02/19/261708335878.webp	traditional,scale-shift	2024	Artist,space,clouds,exterior,planet,earth
4177	AJR - Maybe Man	2024/02/19/261708335952.webp	traditional,scale-shift	2024	Artist,space,clouds,exterior,planet,earth
4178	AJR - Maybe Man	2024/02/19/261708336004.webp	traditional,scale-shift	2024	Artist,space,clouds,exterior,planet,earth
4179	AJR - Maybe Man	2024/02/19/261708336075.webp	traditional,scale-shift	2024	Artist,space,clouds,exterior,planet,earth
4180	AJR - Maybe Man	2024/02/19/261708336115.webp	traditional,scale-shift	2024	Artist,space,clouds,exterior,planet,earth
4181	AJR - Maybe Man	2024/02/19/261708336151.webp	traditional,scale-shift	2024	Artist,space,clouds,exterior,planet,earth
4182	AJR - Maybe Man	2024/02/19/261708336216.webp	traditional,scale-shift	2024	Artist,clouds,exterior,planet,earth
4183	AJR - Maybe Man	2024/02/19/261708336331.webp	traditional,void	2024	Artist,clouds,exterior,planet,earth
4184	AJR - Maybe Man	2024/02/19/261708336411.webp	traditional,void	2024	
4185	AJR - Maybe Man	2024/02/19/261708336464.webp	traditional,set-transition,trucking,void	2024	
4186	AJR - Maybe Man	2024/02/19/261708336549.webp	traditional,falling	2024	Day,forest,exterior,flying
4187	AJR - Maybe Man	2024/02/19/261708336609.webp	traditional,falling	2024	Day,forest,exterior,flying
4188	AJR - Maybe Man	2024/02/19/261708336690.webp	traditional,floating	2024	space,exterior,outerspace
4189	AJR - Maybe Man	2024/02/19/261708336724.webp	traditional,falling	2024	space,exterior,outerspace
4190	@minelauvart / IG	2024/02/19/261708337025.webp	generative		
4191	@visualconnoisseur.ai / IG	2024/02/19/261708337052.webp	generative		
4192	The Crow - Glenn Marshall	2024/02/19/261708337078.webp	generative		
4193	@takubeats / IG	2024/02/19/261708337164.webp	generative		Male
4194	Loxel Li - @Loxel	2024/02/19/261708337376.webp	generative,morphing		black and white,vintage,archival,historic
4195	@David32bit / Giphy	2024/02/19/261708338199.webp	generative		
4196	Artist: Francesco Misceo / IG	2024/02/19/261708338238.webp	generative	2023	
4197	Artist: @junkboxai / IG	2024/02/19/261708338268.webp	generative		
4198	Artist: Fabio Comparelli	2024/02/19/261708338314.webp	generative		hieroglyphs
4199	Art by Paul Trillo	2024/02/19/261708338417.webp	generative		
4200	Art by Paul Trillo	2024/02/19/261708338435.webp	generative		
4201	Runway Generative AI	2024/02/19/261708338506.webp	generative		exterior,aerial
4202	Runway Generative AI	2024/02/19/261708338533.webp	generative		green,forest,exterior,jungle,hike
4203	Runway Generative AI	2024/02/19/261708338556.webp	generative		interior,coffee,pouring
4204	Runway Generative AI	2024/02/19/261708338577.webp	generative		
4205	Street Corner	2024/02/19/261708338779.webp	generative,morphing	2024	night,city,town,sodium lights
4206	Mighty Ducks	2024/02/19/261708339804.webp	focal-focus	1992	interior,hockey
4207	Mighty Ducks	2024/02/19/261708339828.webp	focal-focus	1992	interior,hockey,rink
4208	Supernatural (TV Series)	2024/02/19/261708340099.webp	focal-focus	2005	Male,gun,Jensen Ackles
4209	Supernatural (TV Series)	2024/02/19/261708340164.webp	focal-focus	2005	Male,gun,Jensen Ackles
4210	Supernatural (TV Series)	2024/02/19/261708340176.webp	focal-focus	2005	Male,gun,Jensen Ackles
4211	Mighty Ducks	2024/02/19/261708340197.webp	focal-focus	1992	interior,hockey,rink
4212	Evan Schneider - The San Gabriels	2024/02/19/261708340369.webp	focal-focus		
4213	Star Wars: Force Awakens	2024/02/19/261708340432.webp	focal-focus	2015	Day,exterior,jj abrams,desert
4214	Fighting with My Family	2024/02/19/261708340672.webp	focal-focus	2019	interior,mirror
4215	Hereditary	2024/02/19/261708340744.webp	focal-focus	2018	interior,doll
4216	Huesera: The Bone Woman	2024/02/19/261708340795.webp	focal-focus	2022	interior,kids,room
4217	Quiz Show	2024/02/19/261708340888.webp	focal-focus	1994	interior,John Turturro
4218	Radical Jack	2024/02/19/261708341048.webp	focal-focus	2000	Day,exterior
4219	TikTok - Whatever Makes You Tik	2024/02/19/261708341166.webp	shadow-box		Day,hot dog,exterior,legs
4220	WeTransfer - Please Leave	2024/02/19/261708341263.webp	shadow-box	2019	
4221	Casper - Bed Head	2024/02/19/261708341301.webp	shadow-box	2020	
4222	The Wolf of Wall Street	2024/02/19/261708341391.webp	masking,shadow-box	2013	
4223	Airbnb - Bonnie & Clyde	2024/02/19/261708341605.webp	photography,shadow-box	2022	
4224	WeTransfer - Please Leave	2024/02/19/261708341644.webp	quick-cuts,shadow-box,vhs	2019	
4225	A$AP Ferg - Floor Seats	2024/02/19/261708341685.webp	photography,shadow-box	2019	
4226	WeTransfer - Please Leave	2024/02/19/261708341723.webp	shadow-box	2019	
4227	The Perfectionist (Short Film)	2024/02/19/261708341867.webp	shadow-box,split-screen	2015	
4228	@escape-ism / Giphy	2024/02/19/261708341939.webp	shadow-box,screen-in-screen		
4229	@blancavinas / Giphy	2024/02/19/261708341995.webp	collage,glitch,stop-motion,vhs		
4230	Source unknown	2024/02/19/261708342033.webp	digital-overlay,shadow-box		
4231	Wieden + Kennedy Scotland Workshop	2024/02/19/261708342075.webp	collage,photography,shadow-box		black and white
4232	Source unknown	2024/02/19/261708342110.webp	mixed-media,shadow-box		
4233	Meshes of the Afternoon	2024/02/19/261708342323.webp	silhouette,vhs	1943	black and white,exterior,flower,sidewalk
4234	The Man Who Wasn't There	2024/02/19/261708342441.webp	silhouette	2001	interior,black and white,bathroom
4235	Leap Year	2024/02/19/261708342516.webp	silhouette,two-shot	2010	Day,exterior
4236	Blade Runner	2024/02/19/261708342564.webp	silhouette	1982	night,exterior,rain
4237	Blade Runner	2024/02/19/261708342584.webp	central-framing,silhouette	1982	night,exterior,rain
4238	Leap Year	2024/02/19/261708342621.webp	silhouette	2010	night,blue,exterior,lake,dark,moon
4239	Eternals	2024/02/19/261708342787.webp	silhouette	2021	interior,orange
4240	Peter Gabriel - Sledgehammer	2024/02/19/261708343378.webp	vhs	1986	sperm
4241	Peter Gabriel - Sledgehammer	2024/02/19/261708343411.webp	double-exposure	1986	sperm
4242	Peter Gabriel - Sledgehammer	2024/02/19/261708343487.webp	close-up	1986	face,ear,body
4243	Peter Gabriel - Sledgehammer	2024/02/19/261708343533.webp	close-up,vhs	1986	face,eyeball,ear,body
4244	Peter Gabriel - Sledgehammer	2024/02/19/261708343608.webp	close-up,stop-motion	1986	face
4245	Peter Gabriel - Sledgehammer	2024/02/19/261708343688.webp	stop-motion	1986	face,mouth
4246	Peter Gabriel - Sledgehammer	2024/02/19/261708343766.webp	stop-motion	1986	space,face,train
4247	Peter Gabriel - Sledgehammer	2024/02/19/261708343807.webp	stop-motion	1986	blue,sky,face
4248	Peter Gabriel - Sledgehammer	2024/02/19/261708343850.webp	stop-motion	1986	blue,sky,face
4249	Peter Gabriel - Sledgehammer	2024/02/19/261708343889.webp	stop-motion	1986	chalk board,roller coaster
4250	Peter Gabriel - Sledgehammer	2024/02/19/261708343937.webp	stop-motion,void	1986	chalk board,roller coaster
4251	Peter Gabriel - Sledgehammer	2024/02/19/261708343985.webp	stop-motion	1986	fruit
4252	Peter Gabriel - Sledgehammer	2024/02/19/261708344037.webp	stop-motion	1986	fruit
4253	Peter Gabriel - Sledgehammer	2024/02/19/261708344072.webp	stop-motion	1986	fruit
4254	Peter Gabriel - Sledgehammer	2024/02/19/261708344110.webp	stop-motion	1986	
4255	Peter Gabriel - Sledgehammer	2024/02/19/261708344171.webp	stop-motion,wierdcore	1986	dancing,chicken
4256	Peter Gabriel - Sledgehammer	2024/02/19/261708344297.webp	stop-motion	1986	
4257	Peter Gabriel - Sledgehammer	2024/02/19/261708344368.webp	typography	1986	
4258	Peter Gabriel - Sledgehammer	2024/02/19/261708344429.webp	stop-motion,void	1986	
4259	Beastie Boys - An Open Letter To NYC	2024/02/19/261708344791.webp	shaky-cam,vhs	2004	black and white,city,new york city,river,east river,statue of liberty
4260	Beastie Boys - An Open Letter To NYC	2024/02/19/261708344846.webp	shaky-cam,vhs	2004	new york city
4261	Beastie Boys - An Open Letter To NYC	2024/02/19/261708344886.webp	undercranking,shaky-cam,vhs	2004	new york city
4262	Beastie Boys - An Open Letter To NYC	2024/02/19/261708344944.webp	shaky-cam,vhs	2004	black and white,new york city,biking
4263	Beastie Boys - An Open Letter To NYC	2024/02/19/261708345043.webp	fisheye,stop-motion	2004	black and white,new york city
4264	Beastie Boys - An Open Letter To NYC	2024/02/19/261708345107.webp	fisheye,fixed-camera,worms-eye	2004	black and white,new york city,skating,skateboard
4265	Beastie Boys - An Open Letter To NYC	2024/02/19/261708345180.webp	shaky-cam,speed-ramping	2004	bridge,black and white,new york city,skating,skateboard
4266	Beastie Boys - An Open Letter To NYC	2024/02/19/261708345235.webp	glitch,fisheye,shaky-cam	2004	black and white,new york city,skating,skateboard
4267	Beastie Boys - An Open Letter To NYC	2024/02/19/261708345282.webp	shaky-cam,vhs	2004	city,new,york
4268	Beastie Boys - An Open Letter To NYC	2024/02/19/261708345342.webp	fisheye,fixed-camera,low-angle,vhs	2004	black and white,city,biking,bicycle,new,york
4269	Beastie Boys - An Open Letter To NYC	2024/02/19/261708345383.webp	undercranking,vhs	2004	city,biking,bicycle,new,york
4270	Beastie Boys - An Open Letter To NYC	2024/02/19/261708345479.webp	aerial,stop-motion,vhs	2004	Day,exterior,new york city,aerial
4271	Beastie Boys - An Open Letter To NYC	2024/02/19/261708345530.webp	undercranking,vhs	2004	Day,exterior,new york city
4272	Beastie Boys - An Open Letter To NYC	2024/02/19/261708345576.webp	undercranking	2004	black and white,exterior,new york city
4273	Beastie Boys - An Open Letter To NYC	2024/02/19/261708345660.webp	stop-motion	2004	black and white,exterior,new york city
4274	Beastie Boys - An Open Letter To NYC	2024/02/19/261708345689.webp	stop-motion	2004	black and white,exterior,new york city
4275	Beastie Boys - An Open Letter To NYC	2024/02/19/261708345742.webp	fisheye,undercranking	2004	exterior,new york
4276	Beastie Boys - An Open Letter To NYC	2024/02/19/261708345814.webp	stop-motion	2004	interior,new york city,grand central station
4277	Beastie Boys - An Open Letter To NYC	2024/02/19/261708345892.webp	photography,quick-cuts,stop-motion,vhs	2004	black and white
4278	Beastie Boys - An Open Letter To NYC	2024/02/19/261708345941.webp	fisheye,fixed-camera,worms-eye	2004	black and white
4279	Beastie Boys - An Open Letter To NYC	2024/02/19/261708346014.webp	quick-cuts	2004	black and white
4280	Beastie Boys - An Open Letter To NYC	2024/02/19/261708346146.webp	vhs	2004	black and white
4281	Bellroy Recycled Collection	2024/02/19/261708346207.webp	stop-motion	2019	
4282	Bellroy Recycled Collection	2024/02/19/261708346231.webp	stop-motion	2019	
4283	@mcafee.design / IG	2024/02/19/261708346272.webp	stop-motion		
4284	Artist: Sankalp Pandey / IG	2024/02/19/261708346297.webp	stop-motion		
4285	Source unknown	2024/02/19/261708346333.webp	stop-motion		living room,couch
4286	The Electric Hotel	2024/02/19/261708346555.webp	glitch,stop-motion,vhs	1908	black and white
4287	The Electric Hotel	2024/02/19/261708346622.webp	glitch,typography,vhs	1908	black and white
4288	The Electric Hotel	2024/02/19/261708346704.webp	stop-motion,vhs	1908	black and white
4289	The Electric Hotel	2024/02/19/261708346777.webp	vhs	1908	black and white
4290	The Electric Hotel	2024/02/19/261708346822.webp	stop-motion,vhs	1908	black and white
4291	The Electric Hotel	2024/02/19/261708346884.webp	stop-motion,vhs	1908	black and white
4292	The Electric Hotel	2024/02/19/261708346928.webp	vhs	1908	black and white
4293	The Electric Hotel	2024/02/19/261708346990.webp	typography,vhs	1908	black and white
4294	Getter - Head Splitter	2024/02/20/261708398184.webp	snorricam	2015	Male,night,smile,exterior,phone
4295	Dev.D (Movie)	2024/02/20/261708398365.webp	trip,snorricam	2009	drunk,intoxicated
4296	Red Dead Redemption 2 (Video Game)	2024/02/20/261708400553.webp	trip,video-game	2018	night,interior,bar,cowboy,western
4297	Red Dead Redemption 2 (Video Game)	2024/02/20/261708400608.webp	trip,video-game	2018	night,interior,bar,cowboy,western
4298	Red Dead Redemption 2 (Video Game)	2024/02/20/261708400717.webp	trip,video-game	2018	night,interior,bar,cowboy,western
4299	Red Dead Redemption 2 (Video Game)	2024/02/20/261708400809.webp	trip,first-person-pov,video-game	2018	exterior,pants,cowboy,peeing,belt,restroom
4300	Red Dead Redemption 2 (Video Game)	2024/02/20/261708400873.webp	trip,first-person-pov,video-game	2018	interior,bar,cowboy,drunk,western
4301	Red Dead Redemption 2 (Video Game)	2024/02/20/261708400974.webp	trip,first-person-pov,video-game	2018	interior,bar,cowboy,drunk,western
4302	Red Dead Redemption 2 (Video Game)	2024/02/20/261708401046.webp	trip,first-person-pov,video-game	2018	interior,bar,cowboy,drunk,western
4303	Red Dead Redemption 2 (Video Game)	2024/02/20/261708401109.webp	trip,video-game	2018	interior,bar,cowboy,drunk,western
4304	Red Dead Redemption 2 (Video Game)	2024/02/20/261708401189.webp	trip,video-game	2018	interior,bar,cowboy,drunk,western
4305	Red Dead Redemption 2 (Video Game)	2024/02/20/261708401272.webp	trip,video-game	2018	night,exterior,cowboy,violence,western
4306	Red Dead Redemption 2 (Video Game)	2024/02/20/261708401336.webp	trip,video-game	2018	night,exterior,cowboy,violence,western,puking,puke
4307	Red Dead Redemption 2 (Video Game)	2024/02/20/261708401396.webp	trip,tracking,video-game	2018	night,exterior,cowboy,violence,western,puking,puke
4308	Red Dead Redemption 2 (Video Game)	2024/02/20/261708401438.webp	trip,tracking,video-game	2018	night,exterior,cowboy,violence,western,puking,puke
4309	Dev.D (Movie)	2024/02/20/261708401663.webp	trip,snorricam	2009	drunk,intoxicated
4310	Dev.D (Movie)	2024/02/20/261708401678.webp	trip,snorricam	2009	drunk,intoxicated
4311	Requiem for a Dream	2024/02/20/261708401779.webp	snorricam	2000	woman,walking,interior,hallway,Panavision Gold / G2,Panavision Panastar,Eyemo,Arri 3,sweating
4312	Requiem for a Dream	2024/02/20/261708401807.webp	snorricam	2000	woman,walking,interior,hallway,Panavision Gold / G2,Panavision Panastar,Eyemo,Arri 3,sweating
4313	Requiem for a Dream	2024/02/20/261708404007.webp	snorricam	2000	woman,interior,hallway,elevator,Panavision Gold / G2,Panavision Panastar,Eyemo,Arri 3,sweating
4314	The Hangover	2024/02/20/261708402105.webp	trip,snorricam	2009	Day,interior,morning,hangover,groggy
4315	Bad Santa (Movie)	2024/02/20/261708402244.webp	snorricam	2009	drinking,drunk
4316	Talladega Nights: The Ballad of Ricky Bobby	2024/02/20/261708402674.webp	motion-blur,tilt	2006	motion blur,racing,exterior,stadium,crowd,fans,nascar,racetrack
4317	Talladega Nights: The Ballad of Ricky Bobby	2024/02/20/261708402737.webp	motion-blur,quick-cuts	2006	racing,exterior,stadium,nascar,racetrack,race car
4318	Talladega Nights: The Ballad of Ricky Bobby	2024/02/20/261708402793.webp	close-up,profile-shot	2006	racing,interior,stadium,nascar,racetrack,race car,will Ferrell
4319	Talladega Nights: The Ballad of Ricky Bobby	2024/02/20/261708402835.webp	whip-pan	2006	racing,exterior,stadium,nascar,racetrack,race car
4320	Talladega Nights: The Ballad of Ricky Bobby	2024/02/20/261708402892.webp	silhouette	2006	racing,interior,stadium,nascar,racetrack,race car
4321	Talladega Nights: The Ballad of Ricky Bobby	2024/02/20/261708402935.webp	motion-blur,transition	2006	racing,exterior,stadium,nascar,racetrack,race car
4322	Talladega Nights: The Ballad of Ricky Bobby	2024/02/20/261708402985.webp	reflections	2006	racing,interior,stadium,nascar,racetrack,race car
4323	Talladega Nights: The Ballad of Ricky Bobby	2024/02/20/261708403031.webp	close-up	2006	racing,interior,stadium,nascar,racetrack,race car,will Ferrell
4324	Talladega Nights: The Ballad of Ricky Bobby	2024/02/20/261708403082.webp	close-up	2006	racing,interior,stadium,nascar,racetrack,race car
4325	Talladega Nights: The Ballad of Ricky Bobby	2024/02/20/261708403128.webp	close-up	2006	racing,interior,stadium,nascar,racetrack,race car,will Ferrell
4326	Talladega Nights: The Ballad of Ricky Bobby	2024/02/20/261708403204.webp	aerial,tilt	2006	racing,night,exterior,stadium,nascar,racetrack,race car
4327	Talladega Nights: The Ballad of Ricky Bobby	2024/02/20/261708403236.webp	tilt	2006	racing,night,exterior,stadium,nascar,racetrack,race car
4328	Talladega Nights: The Ballad of Ricky Bobby	2024/02/20/261708403321.webp	close-up,dutch-angle	2006	racing,night,interior,stadium,nascar,racetrack,race car,will Ferrell
4329	Talladega Nights: The Ballad of Ricky Bobby	2024/02/20/261708403396.webp	slow-motion	2006	Explosion,racing,night,exterior,stadium,crash,nascar,racetrack,race car,will Ferrell,sparks
4330	Talladega Nights: The Ballad of Ricky Bobby	2024/02/20/261708403511.webp	snorricam	2006	Explosion,night,exterior,crash,nascar,will Ferrell
4331	Talladega Nights: The Ballad of Ricky Bobby	2024/02/20/261708403675.webp	pan	2006	interior,bed,hospital,room,will Ferrell,rest,recovery,doctors
4332	Talladega Nights: The Ballad of Ricky Bobby	2024/02/20/261708403730.webp	trip,first-person-pov	2006	interior,bed,hospital,room,will Ferrell,rest,recovery,doctors
4333	AJR - The DJ Is Crying For Help	2024/02/20/261708420190.webp	duplication	2022	exterior,piano
4334	AJR - The DJ Is Crying For Help	2024/02/20/261708420242.webp	duplication	2022	exterior,piano
4335	AJR - The DJ Is Crying For Help	2024/02/20/261708420308.webp	transition	2022	exterior,piano
4336	AJR - The DJ Is Crying For Help	2024/02/20/261708420385.webp	duplication,echo-printing	2022	Day,exterior,sitting
4337	AJR - The DJ Is Crying For Help	2024/02/20/261708420462.webp	duplication,echo-printing,tracking	2022	Day,exterior,sitting
4338	AJR - The DJ Is Crying For Help	2024/02/20/261708420497.webp	duplication,echo-printing,tracking	2022	Day,exterior,sitting
4339	AJR - The DJ Is Crying For Help	2024/02/20/261708420551.webp	duplication,object-portal,transition	2022	Day,exterior,sitting
4340	AJR - The DJ Is Crying For Help	2024/02/20/261708420589.webp	duplication,echo-printing,trucking	2022	Day,running,exterior,paris
4341	AJR - The DJ Is Crying For Help	2024/02/20/261708420642.webp	duplication,echo-printing,trucking	2022	Day,walking,exterior,paris
4342	AJR - The DJ Is Crying For Help	2024/02/20/261708420809.webp	tilt	2022	Day,exterior,paris
4343	AJR - The DJ Is Crying For Help	2024/02/20/261708420881.webp	double-dolly,undercranking,snorricam	2022	Day,exterior,paris
4344	AJR - The DJ Is Crying For Help	2024/02/20/261708420944.webp	duplication,echo-printing,pass-through	2022	Day,running,exterior,paris,steps
4345	Requiem for a Dream	2024/02/20/261708421208.webp	snorricam	2000	running,night,exterior,police,Panavision Gold / G2,chase,Panavision Panastar,Arri 3
4346	Requiem for a Dream	2024/02/20/261708421237.webp	snorricam	2000	running,night,exterior,police,Panavision Gold / G2,chase,Panavision Panastar,Arri 3
4347	Pi (Movie)	2024/02/20/261708421607.webp	snorricam	1998	black and white,exterior
4348	Mean Streets	2024/02/20/261708421839.webp	snorricam	1973	Red,interior,bar,drunk
4349	Mean Streets	2024/02/20/261708421880.webp	focal-focus	1973	interior,church,candle,prayer
4350	Mean Streets	2024/02/20/261708421922.webp	halation	1973	Day,sunset,exterior,truck,golden hour
4351	Mean Streets	2024/02/20/261708421950.webp	two-shot	1973	car,night,interior
4352	The Wolf of Wall Street	2024/02/20/261708422205.webp	snorricam	2013	interior,jonah hill
4353	Get Him to the Greek	2024/02/20/261708422257.webp	snorricam	2010	interior,jonah hill
4354	The Muppets	2024/02/20/261708422493.webp	snorricam	2011	
4355	Freaky Friday (Movie)	2024/02/20/261708422717.webp	epiphany-shot,snorricam	2003	interior,Lindsay Lohan
4356	Freaky Friday (Movie)	2024/02/20/261708422863.webp	close-up,split-screen,two-shot	2003	interior,Lindsay Lohan
4357	Freaky Friday (Movie)	2024/02/20/261708422891.webp	epiphany-shot,two-shot	2003	interior,Lindsay Lohan
4358	Freaky Friday (Movie)	2024/02/20/261708422919.webp	split-screen,two-shot	2003	interior,shake,Lindsay Lohan,earthquake
4359	Seconds	2024/02/20/261708423151.webp	halation	1966	black and white
4360	Get Him to the Greek	2024/02/20/261708423701.webp	snorricam	2010	interior,jonah hill
4361	Get Him to the Greek	2024/02/20/261708424119.webp	interview	2010	interior,news
4362	Get Him to the Greek	2024/02/20/261708424147.webp	interview	2010	interior,news
4363	Get Him to the Greek	2024/02/20/261708424177.webp	interview	2010	interior,news
4364	Get Him to the Greek	2024/02/20/261708424223.webp	pixel-art	2010	interior,news
4365	Get Him to the Greek	2024/02/20/261708424261.webp	interview	2010	interior,news
4366	Get Him to the Greek	2024/02/20/261708424384.webp	interview	2010	interior,news
4367	Get Him to the Greek	2024/02/20/261708424405.webp	interview	2010	interior,news
4368	Get Him to the Greek	2024/02/20/261708424654.webp	trip,floating,surrealism	2010	interior,news
4369	Harry Potter and the Sorcerer's Stone	2024/02/20/261708424825.webp	floating	2001	harry potter,invisibility cloak,invisible
4370	Harry Potter and the Sorcerer's Stone	2024/02/20/261708424940.webp	epiphany-shot	2001	harry potter,magic,diagon alley,wand
4371	Satellite Store	2024/02/20/261708425185.webp	snorricam	2023	walking,exterior
4372	Satellite Store	2024/02/20/261708425207.webp	snorricam	2023	walking,interior
4373	The Irrational Fear of Nothing	2024/02/20/261708425315.webp	snorricam,transition	2016	interior,paul trillo
4374	The Irrational Fear of Nothing	2024/02/20/261708425518.webp	central-framing,snorricam	2016	interior,paul trillo
4375	The Irrational Fear of Nothing	2024/02/20/261708425539.webp	snorricam	2016	interior,paul trillo
4376	The Irrational Fear of Nothing	2024/02/20/261708425566.webp	snorricam,transition	2016	interior,paul trillo
4377	The Irrational Fear of Nothing	2024/02/20/261708425592.webp	snorricam	2016	interior,paul trillo
4378	The Irrational Fear of Nothing	2024/02/20/261708425622.webp	match-cut,snorricam	2016	interior,paul trillo
4379	The Irrational Fear of Nothing	2024/02/20/261708425645.webp	snorricam	2016	interior,paul trillo
4380	The Irrational Fear of Nothing	2024/02/20/261708425675.webp	snorricam	2016	interior,paul trillo,bed,bed room
4381	The Irrational Fear of Nothing	2024/02/20/261708425706.webp	snorricam	2016	Day,walking,paul trillo,exterior
4382	Requiem for a Dream	2024/02/20/261708425747.webp	snorricam	2000	woman,interior,window,hair
4383	Seconds	2024/02/20/261708425814.webp	snorricam	1966	black and white
4384	District 9	2024/02/20/261708426124.webp	fixed-camera,snorricam	2009	gun,soldier,weapon,machine gun
4385	District 9	2024/02/20/261708426213.webp	interview	2009	Explosion,exterior,smoke,aerial,violence,news,terrorist
4386	District 9	2024/02/20/261708426263.webp	interview	2009	Explosion,exterior,smoke,aerial,violence,news,terrorist
4387	Monk (TV Series)	2024/02/20/261708426615.webp	low-angle	2005	Day,exterior,trunk,monk
4388	Monk (TV Series)	2024/02/20/261708426686.webp	close-up,low-angle,as-object	2005	Day,Male,car,interior,bug,windshield
4389	Monk (TV Series)	2024/02/20/261708426852.webp	slow-motion	2005	running,interior,jumping
4390	Sampha - Satellite Business	2024/02/20/261708426985.webp	worms-eye	2023	
4391	Lil Nas X, Youngboy Never Broke Again - Late To Da Party	2024/02/20/261708472493.webp	undercranking,screen-in-screen	2022	photoshop
4392	Lil Nas X, Youngboy Never Broke Again - Late To Da Party	2024/02/20/261708472556.webp	echo-printing,undercranking,motion-blur,ultra-wide-zero-d	2022	interior,lil nas x,record studio
4393	Lil Nas X, Youngboy Never Broke Again - Late To Da Party	2024/02/20/261708472627.webp	central-framing,ultra-wide-zero-d	2022	interior,lil nas x,record studio
4394	Lil Nas X, Youngboy Never Broke Again - Late To Da Party	2024/02/20/261708472682.webp	transition	2022	interior,lil nas x,record studio
4395	Lil Nas X, Youngboy Never Broke Again - Late To Da Party	2024/02/20/261708472821.webp	masking,stylistic-suck	2022	interior,lil nas x,record studio
4396	Lil Nas X, Youngboy Never Broke Again - Late To Da Party	2024/02/20/261708472897.webp	breakdown,transition	2022	plane,lil nas x,editing,stock footage
4397	Lil Nas X, Youngboy Never Broke Again - Late To Da Party	2024/02/20/261708473082.webp	breakdown,masking,stylistic-suck	2022	plane,lil nas x,editing,stock footage
4398	Lil Nas X, Youngboy Never Broke Again - Late To Da Party	2024/02/20/261708473140.webp	stylistic-suck	2022	interior,cockpit,hat,plane,airplane,lil nas x,editing,stock footage,private jet,pilots
4399	Lil Nas X, Youngboy Never Broke Again - Late To Da Party	2024/02/20/261708473200.webp	stylistic-suck	2022	window,exterior,plane,airplane,flying,lil nas x,stock footage,private jet
4400	Lil Nas X, Youngboy Never Broke Again - Late To Da Party	2024/02/20/261708473248.webp	falling,stylistic-suck	2022	window,exterior,falling,plane,airplane,flying,jumping,lil nas x,stock footage
4401	Lil Nas X, Youngboy Never Broke Again - Late To Da Party	2024/02/20/261708473346.webp	falling,masking,stylistic-suck	2022	Day,sky,studio,exterior,green screen,falling,lil nas x
4402	Lil Nas X, Youngboy Never Broke Again - Late To Da Party	2024/02/20/261708473583.webp	tilt	2022	interior,studio,lil nas x,editing
4403	Lil Nas X, Youngboy Never Broke Again - Late To Da Party	2024/02/21/261708473649.webp	masking,stylistic-suck	2022	Day,car,driving,exterior,green screen,lil nas x,stock footage,getty images
4404	Lil Nas X, Youngboy Never Broke Again - Late To Da Party	2024/02/21/261708473699.webp	masking,stylistic-suck	2022	Day,car,driving,exterior,green screen,lil nas x,stock footage,getty images
4405	Lil Nas X, Youngboy Never Broke Again - Late To Da Party	2024/02/21/261708473758.webp	stylistic-suck	2022	Day,car,driving,exterior,green screen,lil nas x,stock footage,getty images
4406	Lil Nas X, Youngboy Never Broke Again - Late To Da Party	2024/02/21/261708473865.webp	low-angle,ultra-wide-zero-d	2022	house,exterior,delivery,lil nas x,package,usb,front door,mail
4407	Lil Nas X, Youngboy Never Broke Again - Late To Da Party	2024/02/21/261708474049.webp	masking,stylistic-suck	2022	interior,dancing,green screen,rooms
4408	Lil Nas X, Youngboy Never Broke Again - Late To Da Party	2024/02/21/261708474105.webp	breakdown,masking,stylistic-suck	2022	dancing,green screen,editing
4409	Lil Nas X, Youngboy Never Broke Again - Late To Da Party	2024/02/21/261708474164.webp	breakdown,falling,masking,stylistic-suck	2022	dancing,green screen,editing
4410	Lil Nas X, Youngboy Never Broke Again - Late To Da Party	2024/02/21/261708474359.webp	masking,stylistic-suck	2022	car,driving,two shot,green screen
4411	Lil Nas X, Youngboy Never Broke Again - Late To Da Party	2024/02/21/261708474401.webp	falling,stylistic-suck	2022	green screen,parachute
4412	Lil Nas X, Youngboy Never Broke Again - Late To Da Party	2024/02/21/261708474441.webp	stylistic-suck	2022	green screen,parachute
4413	Lil Nas X, Youngboy Never Broke Again - Late To Da Party	2024/02/21/261708474483.webp	stylistic-suck	2022	concert,BET awards
4414	Lil Nas X, Youngboy Never Broke Again - Late To Da Party	2024/02/21/261708474514.webp	breakdown,stylistic-suck	2022	concert,editing,BET awards
4415	Lil Nas X, Youngboy Never Broke Again - Late To Da Party	2024/02/21/261708474559.webp	breakdown,stylistic-suck	2022	Day,exterior,green screen,editing,parachuting
4416	Ant Antic - Whoop!	2024/02/21/261708475664.webp	close-up	2019	eating,teeth,food,mouth,tongue
4417	Ant Antic - Whoop!	2024/02/21/261708475772.webp	close-up	2019	blue,body,sex,sensual
4418	Ant Antic - Whoop!	2024/02/21/261708475821.webp	close-up,screen-in-screen	2019	iphone,screen,texting,imessage,message
4419	Ant Antic - Whoop!	2024/02/21/261708475887.webp	close-up,quick-cuts	2019	
4420	Ant Antic - Whoop!	2024/02/21/261708475935.webp	close-up	2019	face,lips,eyes,hair,beard
4421	Ant Antic - Whoop!	2024/02/21/261708475988.webp	close-up	2019	face,eating,lips,teeth,eyes,food,mouth,tongue
4422	:aexattack - Next Year	2024/02/21/261708476141.webp	hard-light,spotlight	2021	Red,night,exterior
4423	:aexattack - Next Year	2024/02/21/261708476184.webp	close-up,hard-light	2021	Red,night,exterior
4424	:aexattack - Next Year	2024/02/21/261708476240.webp	camera-roll	2021	Day,exterior,roof,drummer,drum set,drumming
4425	:aexattack - Next Year	2024/02/21/261708476299.webp	close-up,slow-motion,void	2021	exterior,drummer,drumming,drumstick
4426	:aexattack - Next Year	2024/02/21/261708476345.webp	slow-motion,void	2021	cymbal
4427	:aexattack - Next Year	2024/02/21/261708476376.webp	close-up	2021	cymbal
4428	:aexattack - Next Year	2024/02/21/261708476438.webp	hard-light,light-flash	2021	Red
4429	:aexattack - Next Year	2024/02/21/261708476505.webp	close-up,slow-motion	2021	Red
4430	:aexattack - Next Year	2024/02/21/261708476550.webp	close-up	2021	hands
4431	:aexattack - Next Year	2024/02/21/261708476600.webp	bullet-time	2021	exterior,drummer,drum set
4432	The Virgin Suicides	2024/02/21/261708505629.webp	reflections	1999	woman,car,driving,night,blue,window,exterior
4433	Last Night in Soho	2024/02/21/261708505762.webp	reflections	2021	yellow,night,exterior
4434	Huesera: The Bone Woman	2024/02/21/261708505789.webp	reflections	2022	interior,kids,room
4435	Better Call Saul (TV Series)	2024/02/21/261708505836.webp	reflections	2015	car,night,interior,mirror
4436	The Metamorphosis of Birds	2024/02/21/261708505889.webp	reflections	2020	young,interior,boy,room
4437	The Metamorphosis of Birds	2024/02/21/261708505978.webp	undercranking	2020	pedals,flower
4438	The Metamorphosis of Birds	2024/02/21/261708505992.webp	undercranking	2020	pedals,flower
4439	The Metamorphosis of Birds	2024/02/21/261708506008.webp	undercranking	2020	pedals,flower
4440	The Metamorphosis of Birds	2024/02/21/261708506026.webp	undercranking	2020	pedals,flower
4441	Contact	2024/02/21/261708506199.webp	reflections	1997	young,interior,girl,bathroom
4442	Huesera: The Bone Woman	2024/02/21/261708506261.webp	reflections	2022	car,exterior,vehicle
4443	I Know What You Did Last Summer	2024/02/21/261708506301.webp	reflections	1997	Day,woman,car,driving,interior,mirror,vehicle
4444	Mulan	2024/02/21/261708506505.webp	traditional,reflections	1998	woman,sword
4445	Atonement	2024/02/21/261708506550.webp	reflections,focal-focus	2007	woman,green,running,forest,nature,dress,woods,single shot
4446	Picnic at Hanging Rock	2024/02/21/261708506585.webp	reflections	1975	interior,mirror
4448	Kill Bill: Vol. 1	2024/02/21/261708506968.webp	reflections	2003	woman,sword,bill
4449	Satellite Store	2024/02/21/261708507057.webp	first-person-pov,screen-in-screen	2023	interior,phone,swipe
4450	Cannondale Presents - High Road	2024/02/21/261708507184.webp	screen-in-screen,vhs	2022	Day,young,exterior,helmet,boy,biking,kid,biker
4451	Nike - Sport Changes Everything, Chicago-Style	2024/02/21/261708507302.webp	screen-in-screen	2019	restaurant,nike,interior,television,tv screen
4452	Nike - Sport Changes Everything, Chicago-Style	2024/02/21/261708507314.webp	screen-in-screen	2019	restaurant,nike,interior,television,tv screen
4453	Nike - Sport Changes Everything, Chicago-Style	2024/02/21/261708507326.webp	screen-in-screen	2019	restaurant,nike,interior,television,tv screen
4454	Nike - Sport Changes Everything, Chicago-Style	2024/02/21/261708507339.webp	screen-in-screen	2019	restaurant,nike,interior,television,tv screen
4455	Nike - Sport Changes Everything, Chicago-Style	2024/02/21/261708507348.webp	screen-in-screen	2019	restaurant,nike,interior,television,tv screen
4456	Unlocked	2024/02/21/261708507391.webp	screen-in-screen	2023	woman,bed,phone
4457	Unicef - Never Give Up	2024/02/21/261708507783.webp	screen-in-screen	2022	Explosion,television
4458	Unicef - Never Give Up	2024/02/21/261708507696.webp	close-up	2022	woman,girl,butterfly
4459	Unicef - Never Give Up	2024/02/21/261708507751.webp	overhead	2022	
4460	Unicef - Never Give Up	2024/02/21/261708507867.webp	close-up,low-angle	2022	Day,exterior,halation
4461	Unicef - Never Give Up	2024/02/21/261708507910.webp	silhouette	2022	green,grass,exterior,tree
4462	Unicef - Never Give Up	2024/02/21/261708507952.webp	high-angle	2022	young,girl
4463	Unicef - Never Give Up	2024/02/21/261708508040.webp	ground-shot,shaky-cam	2022	water,ocean,lake
4464	Unicef - Never Give Up	2024/02/21/261708508155.webp	high-angle,wide-shot	2022	water,ocean,lake
4465	Unicef - Never Give Up	2024/02/21/261708508207.webp	shaky-cam,tracking	2022	Day,running,young,girl,exterior
4466	Signs	2024/02/21/261708508419.webp	screen-in-screen	2002	tv television
4467	Talk To Me	2024/02/21/261708508484.webp	over-the-shoulder,focal-focus,screen-in-screen	2023	interior,phone
4473	Nike - Sport Changes Everything, Chicago-Style	2024/02/21/261708508783.webp	photography	2019	newspaper,news,headlines
4474	Nike - Sport Changes Everything, Chicago-Style	2024/02/21/261708508796.webp	photography	2019	newspaper,news,headlines
4475	Source unknown	2024/02/21/261708508839.webp	slit-scan		
4476	The Others (Short)	2024/02/21/261708509036.webp	slit-scan	2016	
4477	The Others (Short)	2024/02/21/261708509079.webp	slit-scan	2016	
4478	The Others (Short)	2024/02/21/261708509092.webp	slit-scan	2016	
4479	The Others (Short)	2024/02/21/261708509108.webp	slit-scan	2016	
4480	Source unknown	2024/02/21/261708509133.webp	slit-scan		
4481	Micaël Reynaud (Short)	2024/02/21/261708509188.webp	slit-scan	2014	Day,beach,exterior
4482	Soulful Sock / Tumblr	2024/02/21/261708509213.webp	slit-scan		Day,exterior,cheetah
4483	Jim Pressing & Stubenhacker - Was Anderes	2024/02/22/261708600043.webp	slit-scan	2014	
4484	Jim Pressing & Stubenhacker - Was Anderes	2024/02/22/261708600023.webp	slit-scan	2014	
4485	Deb Never - Momentary Sweetheart	2024/02/22/261708600379.webp	typography	2023	
4486	Deb Never - Momentary Sweetheart	2024/02/22/261708600550.webp	slit-scan	2023	
4487	Deb Never - Momentary Sweetheart	2024/02/22/261708600605.webp	slit-scan	2023	
4488	Deb Never - Momentary Sweetheart	2024/02/22/261708600688.webp	slit-scan	2023	
4489	Deb Never - Momentary Sweetheart	2024/02/22/261708600754.webp	slit-scan	2023	
4490	Deb Never - Momentary Sweetheart	2024/02/22/261708600794.webp	slit-scan	2023	
4491	Deb Never - Momentary Sweetheart	2024/02/22/261708600833.webp	spotlight	2023	
4492	Deb Never - Momentary Sweetheart	2024/02/22/261708600872.webp	slit-scan	2023	
4493	Balenciaga SS23 dir. Jonas Ersland	2024/02/22/261708600949.webp	slit-scan	2023	
4494	Balenciaga SS23 dir. Jonas Ersland	2024/02/22/261708601041.webp	slit-scan	2023	
4495	adidas - Imagination	2024/02/27/261709016369.webp	reflections	2017	dusk,exterior,soccer,athlete,los angeles,evening,gio reyna
4496	adidas - Imagination	2024/02/27/261709016440.webp	object-portal	2017	macro,dusk,exterior,eye,soccer,athlete,los angeles,evening,gio reyna
4497	adidas - Imagination	2024/02/27/261709016494.webp	quick-cuts	2017	macro,night,dusk,exterior,rain,eye,soccer,athlete,los angeles,evening,gio reyna,dribbling
4498	adidas - Imagination	2024/02/27/261709016547.webp	void	2017	dusk,rain,soccer,athlete,los angeles,evening,gio reyna,dribbling
4499	adidas - Imagination	2024/02/27/261709016609.webp	traditional	2017	night,dusk,soccer,athlete,los angeles,evening,kick,gio reyna,punt
4500	adidas - Imagination	2024/02/27/261709016663.webp	traditional	2017	night,dusk,black and white,soccer,athlete,los angeles,evening,kick,gio reyna,punt
4501	adidas - Imagination	2024/02/27/261709016722.webp	traditional	2017	night,dusk,black and white,soccer,athlete,los angeles,evening,kick,gio reyna,punt
4502	adidas - Imagination	2024/02/27/261709016770.webp	traditional	2017	night,dusk,black and white,soccer,athlete,los angeles,evening,kick,gio reyna,punt
4503	adidas - Imagination	2024/02/27/261709016809.webp	fourth-wall	2017	night,dusk,black and white,soccer,athlete,los angeles,evening,kick,gio reyna,punt
4504	adidas - Imagination	2024/02/27/261709016873.webp	traditional,close-up	2017	face,exterior,eye,gio reyna
4505	Sheck Wes, JID & Ski Mask The Slump God - Fly Away	2024/02/27/261709017160.webp	wide-shot	2024	Day,yellow,exterior,desert,tent,all is yellow
4506	Sheck Wes, JID & Ski Mask The Slump God - Fly Away	2024/02/27/261709017215.webp	high-angle	2024	Day,yellow,exterior,desert,tent,all is yellow
4507	Sheck Wes, JID & Ski Mask The Slump God - Fly Away	2024/02/27/261709017265.webp	slow-motion,trucking	2024	Day,Male,running,tuxedo,suit,exterior,desert,all is yellow
4508	Sheck Wes, JID & Ski Mask The Slump God - Fly Away	2024/02/27/261709017344.webp	wide-shot	2024	Day,Male,running,tuxedo,suit,exterior,desert,all is yellow
4509	Sheck Wes, JID & Ski Mask The Slump God - Fly Away	2024/02/27/261709017425.webp	transition	2024	Male,Cigarette,all is yellow
4510	Sheck Wes, JID & Ski Mask The Slump God - Fly Away	2024/02/27/261709017498.webp	overhead	2024	Day,Male,exterior,desert,all is yellow
4511	Sheck Wes, JID & Ski Mask The Slump God - Fly Away	2024/02/27/261709017548.webp	ultra-wide-zero-d	2024	Day,Male,exterior,desert,all is yellow
4512	Sheck Wes, JID & Ski Mask The Slump God - Fly Away	2024/02/27/261709017604.webp	overhead,silhouette	2024	Day,Male,exterior,desert,all is yellow
4513	Sheck Wes, JID & Ski Mask The Slump God - Fly Away	2024/02/27/261709017655.webp	overhead,silhouette	2024	Day,Male,exterior,desert,all is yellow
4514	Sheck Wes, JID & Ski Mask The Slump God - Fly Away	2024/02/27/261709017710.webp	cut-ins,zoom-in	2024	Day,Male,close up,night,exterior,desert,all is yellow
4515	Sheck Wes, JID & Ski Mask The Slump God - Fly Away	2024/02/27/261709017766.webp	close-up	2024	Day,Male,night,exterior,desert,all is yellow
4516	Sheck Wes, JID & Ski Mask The Slump God - Fly Away	2024/02/27/261709017871.webp	close-up,object-portal,transition	2024	blunt,Cigarette,night,all is yellow
4517	Sheck Wes, JID & Ski Mask The Slump God - Fly Away	2024/02/27/261709017938.webp	low-angle	2024	Day,Male,blue sky,exterior,all is yellow
4518	Sheck Wes, JID & Ski Mask The Slump God - Fly Away	2024/02/27/261709018065.webp	object-portal,transition	2024	Male,all is yellow,3d animation,chain
4519	Sheck Wes, JID & Ski Mask The Slump God - Fly Away	2024/02/27/261709018151.webp	aerial,zoom-in	2024	Day,exterior,desert,all is yellow
4520	Sheck Wes, JID & Ski Mask The Slump God - Fly Away	2024/02/27/261709018208.webp	falling,surrealism,slow-motion	2024	running,exterior,flying,jumping,all is yellow
4521	Sheck Wes, JID & Ski Mask The Slump God - Fly Away	2024/02/27/261709018256.webp	surrealism	2024	exterior,all is yellow
4522	Sheck Wes, JID & Ski Mask The Slump God - Fly Away	2024/02/27/261709018309.webp	falling	2024	night,exterior,all is yellow
4523	Sheck Wes, JID & Ski Mask The Slump God - Fly Away	2024/02/27/261709018362.webp	overhead,spotlight	2024	night,exterior,all is yellow
4524	Sheck Wes, JID & Ski Mask The Slump God - Fly Away	2024/02/27/261709018413.webp	low-angle,spotlight	2024	night,exterior,all is yellow
4525	Sheck Wes, JID & Ski Mask The Slump God - Fly Away	2024/02/27/261709018464.webp	spotlight,void	2024	night,exterior,helicopter,all is yellow,search light
4526	Sheck Wes, JID & Ski Mask The Slump God - Fly Away	2024/02/27/261709018496.webp	silhouette	2024	night,exterior,helicopter,all is yellow,search light
4527	Sheck Wes, JID & Ski Mask The Slump God - Fly Away	2024/02/27/261709018552.webp	spotlight,void	2024	night,exterior,helicopter,all is yellow,search light
4528	Sheck Wes, JID & Ski Mask The Slump God - Fly Away	2024/02/27/261709018588.webp	zoom-in	2024	night,exterior,helicopter,all is yellow,search light
4529	Sheck Wes, JID & Ski Mask The Slump God - Fly Away	2024/02/27/261709018683.webp	typography	2024	all is yellow
4530	Snipes x Nike - The Cypher	2024/02/27/261709019276.webp	zoetrope	2023	black and white
4531	Snipes x Nike - The Cypher	2024/02/27/261709019318.webp	zoetrope	2023	black and white
4532	Snipes x Nike - The Cypher	2024/02/27/261709019389.webp	motion-blur	2023	group,dance,cypher
4533	Snipes x Nike - The Cypher	2024/02/27/261709019469.webp	overhead	2023	group,dance,cypher
4534	Snipes x Nike - The Cypher	2024/02/27/261709019495.webp	overhead	2023	group,dance,cypher
4535	Snipes x Nike - The Cypher	2024/02/27/261709019537.webp	lazy-susan,motion-blur,step-printing	2023	group,dance,cypher
4536	Snipes x Nike - The Cypher	2024/02/27/261709019597.webp	arc-movement,motion-blur,void	2023	group,dance,cypher
4537	Snipes x Nike - The Cypher	2024/02/27/261709019660.webp	light-flash,speed-ramping,slow-motion	2023	group,black and white,dance,cypher
4538	Snipes x Nike - The Cypher	2024/02/27/261709019729.webp	light-flash,slow-motion,void	2023	group,black and white,dance,cypher
4539	Snipes x Nike - The Cypher	2024/02/27/261709020190.webp	high-angle,lazy-susan	2023	group,dance,cypher
4540	Snipes x Nike - The Cypher	2024/02/27/261709020302.webp	lazy-susan,match-cut	2023	group,dance,cypher
4541	Snipes x Nike - The Cypher	2024/02/27/261709020374.webp	echo-printing,motion-blur,overhead	2023	group,dance,cypher
4542	Festival of Slaps	2024/02/27/261709020845.webp	fixed-camera,slow-motion	2023	woman,restaurant,interior,hand
4543	Festival of Slaps	2024/02/27/261709020913.webp	close-up	2023	woman,restaurant,interior,eye
4544	Festival of Slaps	2024/02/27/261709021012.webp	slow-motion	2023	woman,restaurant,interior,slap
4545	Festival of Slaps	2024/02/27/261709021078.webp	slow-motion	2023	restaurant,interior,slap
4546	Festival of Slaps	2024/02/27/261709021134.webp	typography	2023	Red,hand,slap
4547	Festival of Slaps	2024/02/27/261709021185.webp	close-up	2023	Male,hand,slap
4548	Festival of Slaps	2024/02/27/261709021461.webp	close-up	2023	Male,face,eye
4550	Festival of Slaps	2024/02/27/261709021613.webp	dutch-angle	2023	night,interior,hallway
4551	Festival of Slaps	2024/02/27/261709021674.webp	silhouette	2023	night,interior,kitchen,fridge
4552	Festival of Slaps	2024/02/27/261709021736.webp	silhouette	2023	night,interior,kitchen,fridge
4554	Festival of Slaps	2024/02/27/261709021918.webp	close-up	2023	Day,couple,exterior
4555	Festival of Slaps	2024/02/27/261709021979.webp	close-up	2023	Day,couple,exterior
4556	Festival of Slaps	2024/02/27/261709022027.webp	two-shot,worms-eye	2023	Day,blunt,couple,exterior
4557	Festival of Slaps	2024/02/27/261709022095.webp	quick-cuts	2023	interior,kitchen,cooking,teapot,appliances
4558	Festival of Slaps	2024/02/27/261709022208.webp	as-object	2023	interior,kitchen,fridge,refrigerator
4559	Festival of Slaps	2024/02/27/261709022309.webp	close-up	2023	
4560	Festival of Slaps	2024/02/27/261709022410.webp	fixed-camera	2023	woman,restaurant,interior,hand
4561	Festival of Slaps	2024/02/27/261709022483.webp	close-up	2023	woman,restaurant,interior,hand
4562	Festival of Slaps	2024/02/27/261709022589.webp	close-up,focal-focus	2023	interior,spit
4563	Festival of Slaps	2024/02/27/261709022674.webp	quick-cuts	2023	interior,spit
4564	Festival of Slaps	2024/02/27/261709022752.webp	match-cut	2023	
4565	Festival of Slaps	2024/02/27/261709022798.webp	low-angle	2023	
4566	Festival of Slaps	2024/02/27/261709022856.webp	typography	2023	Red
4567	Beethoven	2024/02/28/261709092311.webp	vhs	1992	outer space,planet,earth,universal
4568	Beethoven	2024/02/28/261709092386.webp	silhouette	1992	fog,spotlight
4569	Beethoven	2024/02/28/261709092469.webp	typography,vhs	1992	Day,exterior,town,establishing
4570	Beethoven	2024/02/28/261709092560.webp	first-person-pov	1992	interior,pet store
4571	Beethoven	2024/02/28/261709092598.webp	typography	1992	interior,pet store
4572	Beethoven	2024/02/28/261709092663.webp	reflections	1992	Day,young,glass,girl,window,store,shop,pet store
4573	Beethoven	2024/02/28/261709092777.webp	first-person-pov	1992	low angle,interior,store
4574	Beethoven	2024/02/28/261709094078.webp	first-person-pov,ground-shot	1992	pov,exterior,dog
4575	Beethoven	2024/02/28/261709094122.webp	first-person-pov,ground-shot	1992	pov,exterior,dog
4576	Beethoven	2024/02/28/261709094183.webp	ground-shot,tracking	1992	pov,exterior,dog
4577	Beethoven	2024/02/28/261709094297.webp	first-person-pov,ground-shot	1992	pov,interior,dog
4578	Beethoven	2024/02/28/261709094354.webp	epiphany-shot,zoom-in	1992	interior
4579	Beethoven	2024/02/28/261709094521.webp	close-up,quick-cuts	1992	paper,music sheet,beethoven
4580	Beethoven	2024/02/28/261709094715.webp	pan	1992	Day,exterior
4581	Beethoven	2024/02/28/261709094763.webp	close-up	1992	Day,exterior,upside down
4582	Beethoven	2024/02/28/261709094842.webp	zoom-in	1992	house,interior,family,living room
4583	Beethoven	2024/02/28/261709094892.webp	overhead	1992	house,exterior,fence,backyard,doghouse
4584	Beethoven	2024/02/28/261709094955.webp	worms-eye	1992	water,interior,drinking,dog,fish bowl
4585	Beethoven	2024/02/28/261709095002.webp	overhead	1992	interior,dinner,dining table
4586	Beethoven	2024/02/28/261709095041.webp	tilt	1992	Male,interior,dog food
4587	Beethoven	2024/02/28/261709095093.webp	pan	1992	Day,walking,exterior,rain,dog,poster
4588	Beethoven	2024/02/28/261709095158.webp	slow-motion	1992	water,interior,shake,wet dog
4589	Beethoven	2024/02/28/261709095455.webp	fixed-camera	1992	Day,exterior,chair
4590	Beethoven	2024/02/28/261709095517.webp	two-shot	1992	Day,exterior,chair
4591	Beethoven	2024/02/28/261709095553.webp	two-shot	1992	Day,exterior,chair
4592	Beethoven	2024/02/28/261709095629.webp	pan	1992	Day,exterior,chair
4593	Beethoven	2024/02/28/261709096140.webp	pan,tracking	1992	running,interior,warehouse
4594	Beethoven	2024/02/28/261709096245.webp	first-person-pov	1992	running,interior,warehouse
4595	Beethoven	2024/02/28/261709096307.webp	overhead	1992	exterior,building,overhead,roof
4596	Beethoven	2024/02/28/261709096396.webp	spotlight	1992	night,exterior,street
4597	Beethoven	2024/02/28/261709096493.webp	first-person-pov,focal-focus	1992	Male,glasses,interior,gun
4598	Beethoven	2024/02/28/261709096574.webp	close-up	1992	Male,face
4599	Beethoven	2024/02/28/261709096638.webp	close-up	1992	glasses,car,young,interior,face,boy,kid,wheel
4600	Beethoven	2024/02/28/261709096738.webp	epiphany-shot,zoom-in	1992	Male,glasses
4601	Beethoven	2024/02/28/261709096816.webp	trucking	1992	running,exterior,chase
4602	Beethoven	2024/02/28/261709096899.webp	central-framing,low-angle	1992	night,exterior,fence,dogs
4603	Beethoven	2024/02/28/261709097013.webp	dolly-shot,shaky-cam,two-shot	1992	night,men,exterior,fence
4604	Beethoven	2024/02/28/261709097082.webp	as-object	1992	Male,interior,single shot
4605	Beethoven	2024/02/28/261709097153.webp	fourth-wall,reflections	1992	woman,interior,mirror,wink
4606	Beethoven	2024/02/28/261709097193.webp	reflections	1992	Day,woman,interior,mirror,bedroom,room
4607	Beethoven	2024/02/28/261709097296.webp	focal-shift,pan	1992	Day,woman,interior,mirror,bedroom,room
4608	Beethoven	2024/02/28/261709097372.webp	dolly-zoom	1992	Day,exterior,dog
4609	Beethoven	2024/02/28/261709097456.webp	first-person-pov	1992	Day,exterior,dog
4610	Beethoven	2024/02/28/261709097744.webp	focal-shift,zoom-in	1992	Day,interior
4611	Beethoven	2024/02/28/261709097792.webp	underwater	1992	Day,water,pool,exterior,swimming
4612	Beethoven	2024/02/28/261709097828.webp	underwater,worms-eye	1992	Day,water,pool,exterior,swimming
4613	Beethoven	2024/02/28/261709097889.webp	ground-shot,underwater	1992	Day,water,pool,exterior,swimming
4614	Beethoven	2024/02/28/261709097934.webp	trucking	1992	Day,running,grass,exterior,dog
4615	Beethoven	2024/02/28/261709098002.webp	slow-motion,worms-eye	1992	sky,jump,dog
4616	Beethoven	2024/02/28/261709098192.webp	low-angle	1992	single shot
4617	Kids In The Hall Pig GIF By CBC	2024/02/28/261709099182.webp	falling,wierdcore	2016	Day,exterior,flying pig
4618	Sunset at the Bund	2024/02/28/261709100269.webp	undercranking	2014	exterior
4619	Chinatown Sunset	2024/02/28/261709101241.webp	undercranking	2014	exterior
4620	Shanghai Oriental Pearl Sunrise	2024/02/28/261709100306.webp	undercranking	2014	exterior
4621	Sunset timelapse	2024/02/28/261709100372.webp	undercranking	2014	exterior
4622	Sunset Upper Seletar Reservoir	2024/02/28/261709100586.webp	undercranking	2014	exterior
4623	Parisian Alley Sunset	2024/02/28/261709100620.webp	undercranking	2014	exterior
4624	Glassy Sunset	2024/02/28/261709101198.webp	undercranking	2014	exterior
4625	Sunset at Victoria Square Adelaide	2024/02/28/261709100671.webp	undercranking	2014	exterior
4626	Toronto	2024/02/28/261709100897.webp	undercranking	2013	exterior
4627	Heliconia Sunset	2024/02/28/261709100917.webp	undercranking	2013	exterior
4628	Moon Rise LA II	2024/02/28/261709101081.webp	undercranking	2015	night,los angeles
4629	Moon Rise LA II	2024/02/28/261709101155.webp	undercranking	2015	night,los angeles
4630	Watchtower of Turkey	2024/02/28/261709101519.webp	undercranking,match-motion,quick-cuts	2014	exterior,turkey
4631	Watchtower of Turkey	2024/02/28/261709101587.webp	match-motion,transition	2014	water,bridge,exterior,turkey
4632	Watchtower of Turkey	2024/02/28/261709101695.webp	match-motion,quick-cuts	2014	
4633	Watchtower of Turkey	2024/02/28/261709101764.webp	close-up,speed-ramping,slow-motion	2014	exterior,old man
4634	Watchtower of Turkey	2024/02/28/261709101809.webp	transition	2014	
4635	Watchtower of Turkey	2024/02/28/261709101919.webp	undercranking	2014	Day,exterior,building,brick,entrance,turkey
4636	Watchtower of Turkey	2024/02/28/261709101971.webp	transition	2014	Day,exterior,building,brick,entrance,turkey
4637	Watchtower of Turkey	2024/02/28/261709102084.webp	match-motion,quick-cuts	2014	Day,interior,bird,building,brick,pigeon,turkey
4638	Watchtower of Turkey	2024/02/28/261709102111.webp	undercranking	2014	Day,interior,bird,building,brick,pigeon,turkey
4639	Watchtower of Turkey	2024/02/28/261709102235.webp	crash-transition,undercranking,transition	2014	Day,interior,bird,building,brick,pigeon,turkey
4640	Watchtower of Turkey	2024/02/28/261709102285.webp	crash-transition,transition	2014	Day,interior,bird,building,brick,pigeon,turkey
4641	Watchtower of Turkey	2024/02/28/261709102377.webp	match-motion,whip-pan	2014	
4642	Watchtower of Turkey	2024/02/28/261709102449.webp	undercranking	2014	
4643	Watchtower of Turkey	2024/02/28/261709102502.webp	crash-transition,match-cut	2014	
4644	Watchtower of Turkey	2024/02/28/261709102619.webp	undercranking	2014	Day,exterior,building
4645	Watchtower of Turkey	2024/02/28/261709102682.webp	match-cut,over-the-shoulder	2014	Day,exterior,building,old man
4646	Watchtower of Turkey	2024/02/28/261709102742.webp	motion-blur,overhead	2014	beach,running,feet
4647	Watchtower of Turkey	2024/02/28/261709102810.webp	crash-transition	2014	beach,running,feet,aerial
4648	Watchtower of Turkey	2024/02/28/261709102904.webp	transition	2014	
4649	Watchtower of Turkey	2024/02/28/261709102971.webp	match-motion,quick-cuts	2014	
4650	Watchtower of Turkey	2024/02/28/261709103052.webp	transition	2014	
4651	Watchtower of Turkey	2024/02/28/261709103093.webp	match-cut	2014	young,door,boy,kid
4652	Watchtower of Turkey	2024/02/28/261709103281.webp	match-cut,match-motion	2014	young,door,boy,kid
4653	Watchtower of Turkey	2024/02/28/261709103495.webp	match-motion	2014	Day,exterior
4654	Watchtower of Turkey	2024/02/28/261709103541.webp	transition	2014	Day,exterior
4655	Watchtower of Turkey	2024/02/28/261709103649.webp	match-motion	2014	Day,exterior
4656	Watchtower of Turkey	2024/02/28/261709103671.webp	match-motion	2014	Day,exterior
4657	Watchtower of Turkey	2024/02/28/261709103719.webp	match-motion	2014	Day,exterior
4658	Watchtower of Turkey	2024/02/28/261709103776.webp	match-cut	2014	night,fire,flame
4659	Watchtower of Turkey	2024/02/28/261709103917.webp	overhead,quick-cuts	2014	interior,flower,cook
4660	Watchtower of Turkey	2024/02/28/261709103955.webp	flash-cut	2014	
4661	Watchtower of Turkey	2024/02/28/261709104030.webp	undercranking,match-motion	2014	
4662	Watchtower of Turkey	2024/02/28/261709104089.webp	match-motion,quick-cuts	2014	
4663	Watchtower of China	2024/02/28/261709104283.webp	match-motion	2022	
4664	Watchtower of China	2024/02/28/261709104337.webp	transition	2022	
4665	Watchtower of China	2024/02/28/261709104388.webp	aerial,match-motion	2022	sunset,aerial,china
4666	Watchtower of China	2024/02/28/261709104445.webp	match-motion	2022	
4667	Watchtower of China	2024/02/28/261709104502.webp	match-motion,transition	2022	
4668	Watchtower of China	2024/02/28/261709104543.webp	cut-ins	2022	kids,karate
4669	Watchtower of China	2024/02/28/261709104601.webp	match-motion	2022	
4670	Watchtower of China	2024/02/28/261709104650.webp	match-motion	2022	
4671	Watchtower of China	2024/02/28/261709104755.webp	match-motion	2022	
4672	Watchtower of China	2024/02/28/261709104802.webp	match-motion	2022	
4673	Watchtower of China	2024/02/28/261709104838.webp	match-cut,match-motion	2022	
4674	Watchtower of China	2024/02/28/261709104937.webp	fpv-drone	2022	
4675	Watchtower of China	2024/02/28/261709104990.webp	transition	2022	
4676	Watchtower of Turkey	2024/02/28/261709105037.webp	match-motion	2014	
4677	Watchtower of Turkey	2024/02/28/261709105082.webp	close-up,crash-transition	2014	
4678	Watchtower of Turkey	2024/02/28/261709105149.webp	undercranking	2014	exterior,china,great wall
4679	Watchtower of Turkey	2024/02/28/261709105203.webp	match-motion	2014	exterior,china,great wall
4680	Watchtower of Turkey	2024/02/28/261709105246.webp	match-motion	2014	exterior,china,great wall
4681	Watchtower of Turkey	2024/02/28/261709105288.webp	undercranking,match-motion	2014	
4682	Watchtower of Turkey	2024/02/28/261709105319.webp	match-motion	2014	
4683	Watchtower of Turkey	2024/02/28/261709105360.webp	match-motion	2014	
4684	Watchtower of Turkey	2024/02/28/261709105427.webp	match-motion,quick-cuts	2014	
4685	Watchtower of Turkey	2024/02/28/261709105529.webp	match-cut,match-motion,quick-cuts	2014	
4686	Watchtower of Turkey	2024/02/28/261709105602.webp	low-angle,speed-ramping,slow-motion	2014	
4687	Watchtower of Turkey	2024/02/28/261709105686.webp	tilt	2014	
4688	Watchtower of Turkey	2024/02/28/261709105735.webp	ground-shot	2014	feet,shoes,stairs,steps
4689	Watchtower of Turkey	2024/02/28/261709105786.webp	speed-ramping,slow-motion,trucking	2014	Day,running,young,girl,exterior,kid
4690	Watchtower of Turkey	2024/02/28/261709105849.webp	match-motion	2014	
4691	Watchtower of Turkey	2024/02/28/261709105906.webp	match-motion	2014	
4692	Watchtower of Turkey	2024/02/28/261709105968.webp	match-motion	2014	
4693	Watchtower of Turkey	2024/02/28/261709106016.webp	zoom-in	2014	
4694	Watchtower of Turkey	2024/02/28/261709106054.webp	ground-shot	2014	water
4695	Watchtower of Turkey	2024/02/28/261709106095.webp	undercranking	2014	water
4696	Watchtower of Turkey	2024/02/28/261709106179.webp	match-motion	2014	water
4697	Watchtower of Turkey	2024/02/28/261709106233.webp	close-up,quick-cuts	2014	
4698	Watchtower of Turkey	2024/02/28/261709106270.webp	match-motion	2014	
4699	Watchtower of Turkey	2024/02/28/261709106349.webp	match-cut,match-motion	2014	
4700	Watchtower of Turkey	2024/02/28/261709106405.webp	match-motion	2014	
4701	Watchtower of Turkey	2024/02/28/261709106437.webp	quick-cuts	2014	
4703	Five Nights at Freddy's	2024/03/01/261709328323.webp	arc-movement,epiphany-shot	2023	
4704	Graubünden - Best Version (DC)	2024/03/01/261709328985.webp	transition	2024	Day,running,exterior
4705	Graubünden - Best Version (DC)	2024/03/01/261709329056.webp	transition	2024	Day,running,exterior
4706	Graubünden - Best Version (DC)	2024/03/01/261709329121.webp	zoom-in	2024	Day,woman,exterior,rock climbing
4707	Graubünden - Best Version (DC)	2024/03/01/261709329258.webp	fourth-wall,transition	2024	train,biking
4708	Graubünden - Best Version (DC)	2024/03/01/261709329318.webp	transition	2024	train,wipe,lens,wiping
4709	Graubünden - Best Version (DC)	2024/03/01/261709329389.webp	aerial,zoom-in	2024	
4711	Graubünden - Best Version (DC)	2024/03/01/261709329709.webp	zoom-in	2024	Day,pool,exterior
4712	Graubünden - Best Version (DC)	2024/03/01/261709329749.webp	whip-pan	2024	Day,pool,exterior
4713	Graubünden - Best Version (DC)	2024/03/01/261709329792.webp	pedestal	2024	
4714	Graubünden - Best Version (DC)	2024/03/01/261709329828.webp	digital-gesture	2024	
4715	Graubünden - Best Version (DC)	2024/03/01/261709329887.webp	object-portal,zoom-in	2024	painting,gallery
4716	Graubünden - Best Version (DC)	2024/03/01/261709329969.webp	stylistic-suck	2024	Day,exterior,goat
4717	Graubünden - Best Version (DC)	2024/03/01/261709330025.webp	aerial,fpv-drone,overhead,tilt,zoom-in	2024	Day,exterior,lake
4718	Manga Saint Hilare, MoreNight - Alarm Bells (Feat. P Money & JME)	2024/03/01/261709330397.webp	typography	2024	
4719	Manga Saint Hilare, MoreNight - Alarm Bells (Feat. P Money & JME)	2024/03/01/261709330441.webp	pass-through,transition	2024	
4720	Manga Saint Hilare, MoreNight - Alarm Bells (Feat. P Money & JME)	2024/03/01/261709330521.webp	distortions,shaky-cam	2024	black and white
4721	Manga Saint Hilare, MoreNight - Alarm Bells (Feat. P Money & JME)	2024/03/01/261709330608.webp	close-up,distortions,void	2024	face,rapping
4722	Manga Saint Hilare, MoreNight - Alarm Bells (Feat. P Money & JME)	2024/03/01/261709330661.webp	distortions,transition	2024	white,black,and
4723	Manga Saint Hilare, MoreNight - Alarm Bells (Feat. P Money & JME)	2024/03/01/261709330700.webp	silhouette	2024	grey,black and white
4724	Manga Saint Hilare, MoreNight - Alarm Bells (Feat. P Money & JME)	2024/03/01/261709330910.webp	transition	2024	grey,black and white
4725	Manga Saint Hilare, MoreNight - Alarm Bells (Feat. P Money & JME)	2024/03/01/261709331235.webp	close-up	2024	grey,black and white
4726	Manga Saint Hilare, MoreNight - Alarm Bells (Feat. P Money & JME)	2024/03/01/261709331564.webp	overhead,spotlight,void	2024	grey,black and white
4727	Manga Saint Hilare, MoreNight - Alarm Bells (Feat. P Money & JME)	2024/03/01/261709331709.webp	silhouette	2024	black and white
4728	Manga Saint Hilare, MoreNight - Alarm Bells (Feat. P Money & JME)	2024/03/01/261709332005.webp	object-portal,overhead	2024	black and white,teeth
4729	Manga Saint Hilare, MoreNight - Alarm Bells (Feat. P Money & JME)	2024/03/01/261709332827.webp	silhouette	2024	black and white
4730	Manga Saint Hilare, MoreNight - Alarm Bells (Feat. P Money & JME)	2024/03/01/261709332867.webp	silhouette	2024	black and white,buildings,city,skyscraper
4731	Manga Saint Hilare, MoreNight - Alarm Bells (Feat. P Money & JME)	2024/03/01/261709333084.webp	void	2024	studio,black and white
4732	Manga Saint Hilare, MoreNight - Alarm Bells (Feat. P Money & JME)	2024/03/01/261709333139.webp	transition,void	2024	studio,black and white
4733	Manga Saint Hilare, MoreNight - Alarm Bells (Feat. P Money & JME)	2024/03/01/261709333185.webp	silhouette,zoom-in	2024	studio,black and white
4734	Manga Saint Hilare, MoreNight - Alarm Bells (Feat. P Money & JME)	2024/03/01/261709333245.webp	overhead,spotlight,void	2024	studio,black and white
4735	Manga Saint Hilare, MoreNight - Alarm Bells (Feat. P Money & JME)	2024/03/01/261709333328.webp	close-up,reflections	2024	black and white,broken mirror
4736	Manga Saint Hilare, MoreNight - Alarm Bells (Feat. P Money & JME)	2024/03/01/261709333372.webp	close-up	2024	face,black and white,lips,mouth,beard
4737	Manga Saint Hilare, MoreNight - Alarm Bells (Feat. P Money & JME)	2024/03/01/261709333421.webp	reflections	2024	glass,mirror,black and white,shard
4738	Manga Saint Hilare, MoreNight - Alarm Bells (Feat. P Money & JME)	2024/03/01/261709333474.webp	overhead	2024	black and white
4739	Manga Saint Hilare, MoreNight - Alarm Bells (Feat. P Money & JME)	2024/03/01/261709334828.webp	collage,object-portal,transition	2024	black and white,teeth
4740	Manga Saint Hilare, MoreNight - Alarm Bells (Feat. P Money & JME)	2024/03/01/261709334754.webp	zoom-in	2024	black and white
4741	Manga Saint Hilare, MoreNight - Alarm Bells (Feat. P Money & JME)	2024/03/01/261709334880.webp	silhouette,spotlight	2024	black and white,spotlight
4742	Manga Saint Hilare, MoreNight - Alarm Bells (Feat. P Money & JME)	2024/03/01/261709334920.webp	double-exposure	2024	black and white,spotlight
4743	Manga Saint Hilare, MoreNight - Alarm Bells (Feat. P Money & JME)	2024/03/01/261709334974.webp	void	2024	black and white
4744	Manga Saint Hilare, MoreNight - Alarm Bells (Feat. P Money & JME)	2024/03/01/261709335049.webp	typography	2024	black and white
4745	Brooks - Gravity Had a Good Run	2024/03/02/261709339421.webp	floating,slow-motion	2024	running
4746	Brooks - Gravity Had a Good Run	2024/03/02/261709339495.webp	floating,slow-motion	2024	running
4747	Brooks - Gravity Had a Good Run	2024/03/02/261709339534.webp	silhouette	2024	Day,running,exterior
4748	Brooks - Gravity Had a Good Run	2024/03/02/261709339587.webp	floating,slow-motion,worms-eye	2024	Day,running,exterior
4749	Brooks - Gravity Had a Good Run	2024/03/02/261709339628.webp	floating,slow-motion,trucking	2024	Day,running,exterior
4750	Brooks - Gravity Had a Good Run	2024/03/02/261709339686.webp	floating,slow-motion	2024	Day,running,exterior
4751	Chinese Man - Too Late feat. Stogie T, KT Gorique & FP	2024/03/02/261709340238.webp	stop-motion	2024	colorful,horse,vibrant
4752	Chinese Man - Too Late feat. Stogie T, KT Gorique & FP	2024/03/02/261709340313.webp	stop-motion	2024	record
4753	Chinese Man - Too Late feat. Stogie T, KT Gorique & FP	2024/03/02/261709340353.webp	stop-motion	2024	pink,sunset,record,horse
4754	Chinese Man - Too Late feat. Stogie T, KT Gorique & FP	2024/03/02/261709340385.webp	stop-motion	2024	record
4755	Chinese Man - Too Late feat. Stogie T, KT Gorique & FP	2024/03/02/261709340427.webp	stop-motion	2024	horse
4756	Chinese Man - Too Late feat. Stogie T, KT Gorique & FP	2024/03/02/261709340472.webp	stop-motion	2024	pink,sunset,horse
4757	Chinese Man - Too Late feat. Stogie T, KT Gorique & FP	2024/03/02/261709340517.webp	stop-motion	2024	horse
4758	Chinese Man - Too Late feat. Stogie T, KT Gorique & FP	2024/03/02/261709340581.webp	stop-motion,tilt	2024	horse
4759	Chinese Man - Too Late feat. Stogie T, KT Gorique & FP	2024/03/02/261709340680.webp	stop-motion	2024	walking,hamster wheel
4760	Chinese Man - Too Late feat. Stogie T, KT Gorique & FP	2024/03/02/261709340725.webp	stop-motion	2024	walking,hamster wheel
4761	Chinese Man - Too Late feat. Stogie T, KT Gorique & FP	2024/03/02/261709340786.webp	stop-motion	2024	walking,hamster wheel
4762	Chinese Man - Too Late feat. Stogie T, KT Gorique & FP	2024/03/02/261709340837.webp	stop-motion	2024	walking,hamster wheel
4763	Chinese Man - Too Late feat. Stogie T, KT Gorique & FP	2024/03/02/261709341007.webp	stop-motion	2024	woman,purple,hamster wheel
4764	Chinese Man - Too Late feat. Stogie T, KT Gorique & FP	2024/03/02/261709341037.webp	stop-motion	2024	woman,purple,hamster wheel
4765	Chinese Man - Too Late feat. Stogie T, KT Gorique & FP	2024/03/02/261709341198.webp	stop-motion	2024	woman,purple,hamster wheel
4766	Chinese Man - Too Late feat. Stogie T, KT Gorique & FP	2024/03/02/261709341288.webp	silhouette,stop-motion	2024	woman,purple,hamster wheel
4767	AJ Tracey - Wifey Riddim 4	2024/03/02/261709341663.webp	screen-in-screen	2024	digital,elevator,screen
4768	AJ Tracey - Wifey Riddim 4	2024/03/02/261709341716.webp	typography	2024	digital,elevator,screen
4769	AJ Tracey - Wifey Riddim 4	2024/03/02/261709341786.webp	close-up	2024	face,eyes,sunglasses
4770	AJ Tracey - Wifey Riddim 4	2024/03/02/261709341893.webp	low-angle	2024	
4771	AJ Tracey - Wifey Riddim 4	2024/03/02/261709341977.webp	digital-overlay,low-angle,as-object	2024	
4772	AJ Tracey - Wifey Riddim 4	2024/03/02/261709342046.webp	close-up	2024	camera,lens,camcorder
4773	AJ Tracey - Wifey Riddim 4	2024/03/02/261709342086.webp	aerial,void	2024	Lights,night,city,paris
4774	AJ Tracey - Wifey Riddim 4	2024/03/02/261709342125.webp	fixed-camera,ultra-wide-zero-d	2024	night,taxi
4775	AJ Tracey - Wifey Riddim 4	2024/03/02/261709342249.webp	close-up	2024	night,taxi,interior
4776	AJ Tracey - Wifey Riddim 4	2024/03/02/261709342350.webp	jump-cut,overhead	2024	night,taxi,interior
4777	AJ Tracey - Wifey Riddim 4	2024/03/02/261709342421.webp	fixed-camera,reflections	2024	car,night,taxi,exterior,rapping
4778	AJ Tracey - Wifey Riddim 4	2024/03/02/261709342513.webp	profile-shot,focal-focus	2024	Red,night,exterior
4779	AJ Tracey - Wifey Riddim 4	2024/03/02/261709342564.webp	undercranking,fixed-camera	2024	night,taxi,exterior,vehicle
4780	AJ Tracey - Wifey Riddim 4	2024/03/02/261709342610.webp	undercranking,fixed-camera,motion-blur	2024	yellow,night,taxi,exterior,vehicle
4781	AJ Tracey - Wifey Riddim 4	2024/03/02/261709342611.webp	undercranking,fixed-camera,motion-blur	2024	yellow,night,taxi,exterior,vehicle
4782	AJ Tracey - Wifey Riddim 4	2024/03/02/261709342666.webp	object-portal	2024	car,exterior,rim,wheel
4783	AJ Tracey - Wifey Riddim 4	2024/03/02/261709342701.webp	digital-overlay,projections	2024	
4784	AJ Tracey - Wifey Riddim 4	2024/03/02/261709342743.webp	reflections	2024	night,interior
4785	AJ Tracey - Wifey Riddim 4	2024/03/02/261709342804.webp	traditional,fixed-camera	2024	Anime,car,exterior
4786	AJ Tracey - Wifey Riddim 4	2024/03/02/261709342879.webp	traditional,reflections	2024	car,interior,window
4787	AJ Tracey - Wifey Riddim 4	2024/03/02/261709342955.webp	high-angle,zoom-in	2024	road,walking,exterior,city,street,crosswalk
4788	Monster: The Jeffrey Dahmer Story	2024/03/04/261709531192.webp	focal-focus	2022	Male,dahmer
4789	Monster: The Jeffrey Dahmer Story	2024/03/04/261709531249.webp	close-up,epiphany-shot	2022	Male,dahmer
4790	Monster: The Jeffrey Dahmer Story	2024/03/04/261709531283.webp	close-up	2022	oven
4791	Monster: The Jeffrey Dahmer Story	2024/03/04/261709531350.webp	overhead	2022	interior,ice bath,dahmer
4792	Monster: The Jeffrey Dahmer Story	2024/03/04/261709531409.webp	focal-focus	2022	interior,club,dahmer
4793	Monster: The Jeffrey Dahmer Story	2024/03/04/261709531456.webp	close-up	2022	interior,flash,jail,dahmer,criminal,mug shot
4794	Monster: The Jeffrey Dahmer Story	2024/03/04/261709531484.webp	close-up	2022	interior,flash,dahmer,criminal,mug shot
4795	Monster: The Jeffrey Dahmer Story	2024/03/04/261709531512.webp	close-up,profile-shot	2022	interior,dahmer
4796	Monster: The Jeffrey Dahmer Story	2024/03/04/261709531538.webp	close-up	2022	interior,face,dahmer
4797	Monster: The Jeffrey Dahmer Story	2024/03/04/261709531610.webp	close-up	2022	interior,face,dahmer
4798	Monster: The Jeffrey Dahmer Story	2024/03/04/261709531649.webp	voyeur	2022	night,interior,police car,dahmer
4799	Monster: The Jeffrey Dahmer Story	2024/03/04/261709531686.webp	close-up,focal-focus	2022	close up,beer,budweiser
4800	Monster: The Jeffrey Dahmer Story	2024/03/04/261709531717.webp	close-up,focal-focus	2022	hand,abs
4801	Monster: The Jeffrey Dahmer Story	2024/03/04/261709531792.webp	close-up,focal-focus	2022	car,interior,hands,jar,tad poles
4803	Monster: The Jeffrey Dahmer Story	2024/03/04/261709531838.webp	close-up,focal-focus	2022	interior,club,dahmer
4804	Monster: The Jeffrey Dahmer Story	2024/03/04/261709531863.webp	close-up,two-shot	2022	kissing,couple,black and white,dahmer
4805	Monster: The Jeffrey Dahmer Story	2024/03/04/261709531920.webp	close-up	2022	interior,jar
4806	Monster: The Jeffrey Dahmer Story	2024/03/04/261709531961.webp	close-up	2022	face,smile
4807	Monster: The Jeffrey Dahmer Story	2024/03/04/261709531992.webp	focal-focus	2022	Male,shirtless,interior,club,dahmer
4808	Monster: The Jeffrey Dahmer Story	2024/03/04/261709532041.webp	profile-shot	2022	Male,interior,dahmer
4809	Monster: The Jeffrey Dahmer Story	2024/03/04/261709532096.webp	close-up	2022	glasses,Cigarette,smoking,smoke,fire
4810	Monster: The Jeffrey Dahmer Story	2024/03/04/261709532127.webp	overhead	2022	interior,bathroom,dahmer,pills
4811	Monster: The Jeffrey Dahmer Story	2024/03/04/261709532174.webp	close-up,reflections	2022	light,Cigarette,interior,smoking,smoke,dahmer
4812	Monster: The Jeffrey Dahmer Story	2024/03/04/261709532210.webp	low-angle	2022	Cigarette,night,interior,smoking,smoke,dahmer
4813	Malena	2024/03/04/261709532448.webp	dolly-shot	2000	woman,Cigarette,smoking
4816	Joker	2024/03/04/261709532643.webp	slow-motion	2019	exterior,stairs,new york,joker
4818	Joker	2024/03/04/261709532729.webp	low-angle	2019	night,dusk,exterior,new york,clown
4819	Joker	2024/03/04/261709532758.webp	overhead,slow-motion	2019	dancing,stairs,new york,joker
4820	Joker	2024/03/04/261709532796.webp	close-up,slow-motion	2019	dancing,stairs,new york,joker
4821	Joker	2024/03/04/261709532856.webp	reflections	2019	car,night,window,new york,joker
4822	Joker	2024/03/04/261709532912.webp	close-up	2019	new york,joker
4823	Cinemagraph	2024/03/04/261709533259.webp	cinemagraph	2014	Day,black and white,exterior,train,city,biking,bicycle
4824	Cinemagraph	2024/03/04/261709533288.webp	cinemagraph	2014	Day,water,black and white,exterior,river,umbrella,canal
4825	Cinemagraph	2024/03/04/261709533311.webp	cinemagraph,reflections	2014	water,black and white
4826	Cinemagraph	2024/03/04/261709533339.webp	cinemagraph	2014	black and white,window,rain,rain drops
4827	Cinemagraph	2024/03/04/261709533361.webp	cinemagraph,reflections	2014	water,bike,black and white,bicycle
4828	Cinemagraph	2024/03/04/261709533387.webp	cinemagraph,reflections	2014	water,black and white,puddle
4829	Cinemagraph	2024/03/04/261709533413.webp	cinemagraph,undercranking	2014	Hotel,clouds,black and white
4830	Cinemagraph	2024/03/04/261709533443.webp	cinemagraph,silhouette	2014	black and white,smoke,chimney
4831	Cinemagraph	2024/03/04/261709533476.webp	cinemagraph,undercranking	2014	black and white,hallway,city,alley
4832	Xerox Experiments	2024/03/04/261709533845.webp	stop-motion	2021	black and white,sepia
4833	Xerox Experiments	2024/03/04/261709533890.webp	mixed-media,stop-motion	2021	green,skating,skateboard
4834	Xerox Experiments	2024/03/04/261709533917.webp	mixed-media,stop-motion	2021	purple,run,jumping
4835	Source unknown	2024/03/04/261709533935.webp	vhs		
4836	Source unknown	2024/03/04/261709534012.webp	vhs		
4837	Source unknown	2024/03/04/261709534031.webp	falling		black and white
4838	Source unknown	2024/03/04/261709534091.webp	surrealism,silhouette,void		black and white
4839	Source unknown	2024/03/04/261709534142.webp	close-up		black and white,typewriter
4840	Source unknown	2024/03/04/261709534192.webp	traditional		black and white,teeth,mouth
4841	Fantastic Planet	2024/03/04/261709534360.webp	traditional,close-up,void	1973	eyes
4842	Source unknown	2024/03/04/261709534460.webp	kaleidoscope		black and white,eyes
4843	Pas De Deux	2024/03/04/261709534547.webp	echo-printing,void		dancing,ballet
4844	La Noche del Lemur	2024/03/04/261709534694.webp	traditional		black and white
4845	Source unknown	2024/03/04/261709534801.webp	traditional,falling,void		colorful
4846	Source unknown	2024/03/04/261709534833.webp	traditional		swimming
4847	The Spiders - Episode 1: The Golden Sea	2024/03/04/261709534913.webp	vhs	1919	woman,Cigarette,black and white,exterior,smoking,sepia
4848	Source unknown	2024/03/04/261709534965.webp	traditional		raven
4849	Freddy Fuller	2024/03/04/261709534988.webp	traditional		Male
4850	The infinite fragmented datawaves of oXane	2024/03/04/261709535053.webp	traditional,collage,mixed-media		Male
4851	Face Palm Looping GIF	2024/03/04/261709535101.webp	duplication		
4852	Shifts	2024/03/04/261709535402.webp	mixed-media,silhouette,stop-motion,void	2021	
4853	Shifts	2024/03/04/261709535611.webp	traditional,mixed-media,silhouette,stop-motion	2021	
4854	Shifts	2024/03/04/261709535578.webp	masking,mixed-media,profile-shot,stop-motion	2021	
4855	Shifts	2024/03/04/261709535672.webp	traditional,stop-motion	2021	
4856	Source unknown	2024/03/04/261709535781.webp	collage,mixed-media		black and white,newspaper
4857	Mixed Media Animation	2024/03/04/261709536031.webp	traditional,collage,mixed-media	2024	close up,eye
4858	Source unknown	2024/03/04/261709536066.webp	collage		black and white,newspaper
4859	Miel De Montagne - Le Pigeon	2024/03/04/261709537305.webp	ground-shot	2023	Day,exterior,pigeon
4860	Miel De Montagne - Le Pigeon	2024/03/04/261709537356.webp	ground-shot	2023	Day,exterior,newspaper
4861	Miel De Montagne - Le Pigeon	2024/03/04/261709537435.webp	ground-shot,zoom-in	2023	Day,exterior,pigeon
4862	Miel De Montagne - Le Pigeon	2024/03/04/261709537474.webp	silhouette	2023	Day,exterior,pigeon
4863	Miel De Montagne - Le Pigeon	2024/03/04/261709537527.webp	low-angle,zoom-in	2023	Day,exterior,pigeon
4864	Miel De Montagne - Le Pigeon	2024/03/04/261709537573.webp	ground-shot,pan,ultra-wide-zero-d	2023	Day,exterior,skating,skateboard,pan,pigeon
4865	Miel De Montagne - Le Pigeon	2024/03/04/261709537638.webp	shaky-cam,low-angle,tracking	2023	Day,exterior,skating,skateboard,pan,pigeon
4866	Miel De Montagne - Le Pigeon	2024/03/04/261709537697.webp	shaky-cam,low-angle,trucking	2023	Day,exterior,skating,skateboard,pan,pigeon
4867	Miel De Montagne - Le Pigeon	2024/03/04/261709537753.webp	zoom-in	2023	Day,exterior,pigeon
4868	Miel De Montagne - Le Pigeon	2024/03/04/261709537815.webp	undercranking,high-angle	2023	Day,exterior,skating,skateboard
4869	Miel De Montagne - Le Pigeon	2024/03/04/261709537862.webp	focal-shift	2023	Day,exterior,skating,skateboard
4870	Miel De Montagne - Le Pigeon	2024/03/04/261709537913.webp	match-cut	2023	Day,blood,exterior,gore
4871	Miel De Montagne - Le Pigeon	2024/03/04/261709537961.webp	shaky-cam,ultra-wide-zero-d	2023	Day,exterior,fire hydrant,sweeping
4872	Miel De Montagne - Le Pigeon	2024/03/04/261709538002.webp	jump-cut,wide-shot	2023	Day,exterior
4873	Miel De Montagne - Le Pigeon	2024/03/04/261709538069.webp	aerial,falling,fixed-camera,fpv-drone	2023	Day,exterior,flying,pigeon
4874	Miel De Montagne - Le Pigeon	2024/03/04/261709538123.webp	dutch-angle,trucking	2023	Day,running,exterior
4875	Miel De Montagne - Le Pigeon	2024/03/04/261709538179.webp	zoom-in	2023	Day,exterior
4876	Miel De Montagne - Le Pigeon	2024/03/04/261709538230.webp	undercranking,high-angle	2023	Day,exterior
4877	Miel De Montagne - Le Pigeon	2024/03/04/261709538296.webp	object-portal	2023	blood,garbage can
4878	Miel De Montagne - Le Pigeon	2024/03/04/261709538350.webp	falling,fixed-camera,fpv-drone	2023	Day,exterior,flying,pigeon
4879	Miel De Montagne - Le Pigeon	2024/03/04/261709538438.webp	low-angle,ultra-wide-zero-d	2023	Day,exterior,skating,skateboard
4880	Miel De Montagne - Le Pigeon	2024/03/04/261709538508.webp	low-angle,typography	2023	Day,exterior,pigeon
4881	Saint Levant - Nails	2024/03/04/261709538748.webp	typography	2023	
4882	Saint Levant - Nails	2024/03/04/261709538820.webp	trucking	2023	restaurant,night,interior,bar
4883	Saint Levant - Nails	2024/03/04/261709538866.webp	set-transition	2023	restaurant,interior,bar
4884	Saint Levant - Nails	2024/03/04/261709538941.webp	focal-shift	2023	interior
4885	Saint Levant - Nails	2024/03/04/261709539018.webp	tilt,zoom-in	2023	Male,interior,hand,nails
4886	Saint Levant - Nails	2024/03/04/261709539083.webp	voyeur	2023	interior,binocular
4887	Saint Levant - Nails	2024/03/04/261709539150.webp	color-shift,freeze-frame,voyeur	2023	woman,interior,photography,camera,lens,paparazzi
4888	Saint Levant - Nails	2024/03/04/261709539206.webp	collage,mixed-media	2023	woman,newspaper,paper
4889	Saint Levant - Nails	2024/03/04/261709539291.webp	dolly-shot,screen-in-screen	2023	retro,tv,television
4890	Saint Levant - Nails	2024/03/04/261709540588.webp	undercranking,fixed-camera	2023	car,night,city
4891	Saint Levant - Nails	2024/03/04/261709539517.webp	magnification	2023	woman,interior,magnifying glass
4892	Saint Levant - Nails	2024/03/04/261709539598.webp	low-angle,zoom-in	2023	
4893	Saint Levant - Nails	2024/03/04/261709539681.webp	quick-cuts	2023	woman
4894	Saint Levant - Nails	2024/03/04/261709539720.webp	close-up	2023	Male,face,mouth,beard
4895	Saint Levant - Nails	2024/03/04/261709539759.webp	duplication	2023	interior,theater
4896	Saint Levant - Nails	2024/03/04/261709539825.webp	surrealism,void,zoom-in	2023	woman
4897	Saint Levant - Nails	2024/03/04/261709539891.webp	undercranking,aspect-ratio-switch	2023	
4898	Saint Levant - Nails	2024/03/04/261709539958.webp	collage,mixed-media,photography	2023	
4899	Saint Levant - Nails	2024/03/04/261709540000.webp	split-screen	2023	
4900	Saint Levant - Nails	2024/03/04/261709540049.webp	collage,mixed-media,photography	2023	
4901	Saint Levant - Nails	2024/03/04/261709540095.webp	tracking	2023	
4902	Saint Levant - Nails	2024/03/04/261709540743.webp	photography,shadow-box	2023	
4903	Saint Levant - Nails	2024/03/04/261709540812.webp	color-shift,freeze-frame,photography	2023	
4904	Saint Levant - Nails	2024/03/04/261709540872.webp	high-angle	2023	Male,group,crowd
4905	Saint Levant - Nails	2024/03/04/261709540928.webp	collage,photography	2023	
4906	Saint Levant - Nails	2024/03/04/261709540962.webp	typography,zoom-in	2023	
4907	FARDOSA (Short Film)	2024/03/04/261709542474.webp	profile-shot,zoom-in	2021	woman,night,dusk,exterior
4908	FARDOSA (Short Film)	2024/03/04/261709542558.webp	arc-movement,typography,zoom-in	2021	woman,night,dusk,exterior
4909	Riot & Set it off	2024/03/04/261709544605.webp	light-flash	2024	blue,interior
4910	Riot & Set it off	2024/03/04/261709544667.webp	conveyor,focal-focus	2024	interior,group,men,office,meeting
4911	Riot & Set it off	2024/03/04/261709544718.webp	light-flash,silhouette,slow-motion	2024	blue
4912	Riot & Set it off	2024/03/04/261709544778.webp	dutch-angle,light-flash	2024	blue
4913	Riot & Set it off	2024/03/04/261709545328.webp	quick-cuts	2024	blue
4914	Riot & Set it off	2024/03/04/261709545737.webp	light-flash	2024	meeting,conference table
4915	Riot & Set it off	2024/03/04/261709545439.webp	ground-shot,slow-motion	2024	Explosion,running,black and white,fire
4916	Riot & Set it off	2024/03/04/261709545481.webp	transition	2024	Explosion,running,black and white,fire
4917	Riot & Set it off	2024/03/04/261709545548.webp	distortions	2024	Explosion,smoke,fire,orange
4918	Riot & Set it off	2024/03/04/261709545604.webp	silhouette	2024	night,dusk,exterior,soldier
4919	Riot & Set it off	2024/03/04/261709545647.webp	halation,silhouette	2024	night,dusk,exterior,soldier
4920	Riot & Set it off	2024/03/04/261709545700.webp	high-angle	2024	car,night,fire,crane
4921	Riot & Set it off	2024/03/04/261709545789.webp	dutch-angle,light-flash	2024	woman,interior,dark
4922	Riot & Set it off	2024/03/04/261709545841.webp	close-up,light-flash	2024	interior,dark
4923	Riot & Set it off	2024/03/04/261709545877.webp	light-flash	2024	interior,dark
4924	Riot & Set it off	2024/03/04/261709545911.webp	high-angle	2024	Explosion,fire,firefighter
4925	Riot & Set it off	2024/03/04/261709545953.webp	echo-printing,undercranking,high-angle,motion-blur	2024	interior,office
4926	Riot & Set it off	2024/03/04/261709546062.webp	light-flash,silhouette	2024	blue
4927	Riot & Set it off	2024/03/04/261709546105.webp	double-exposure	2024	black and white
4928	Riot & Set it off	2024/03/04/261709546144.webp	worms-eye	2024	blue
4929	Riot & Set it off	2024/03/04/261709546179.webp	dutch-angle,light-flash	2024	blue
4930	Riot & Set it off	2024/03/04/261709546223.webp	dutch-angle,light-flash	2024	Male,blue
4931	Riot & Set it off	2024/03/04/261709546262.webp	light-flash,quick-cuts	2024	blue
4932	Riot & Set it off	2024/03/04/261709546301.webp	slow-motion	2024	smoke,fire
4933	Riot & Set it off	2024/03/04/261709546351.webp	profile-shot	2024	black and white
4934	Riot & Set it off	2024/03/04/261709546404.webp	close-up,light-flash	2024	green
4935	Cowboy Bepop (TV Series)	2024/03/05/261709633764.webp	glitch,typography,vhs	2021	
4936	Cowboy Bepop (TV Series)	2024/03/05/261709633810.webp	glitch,silhouette,split-screen,vhs	2021	
4937	Cowboy Bepop (TV Series)	2024/03/05/261709633876.webp	silhouette,split-screen,typography,vhs	2021	
4938	Cowboy Bepop (TV Series)	2024/03/05/261709633931.webp	silhouette,split-screen	2021	
4939	Cowboy Bepop (TV Series)	2024/03/05/261709633988.webp	fourth-wall,split-screen	2021	
4940	Cowboy Bepop (TV Series)	2024/03/05/261709634029.webp	fourth-wall,split-screen	2021	
4941	Cowboy Bepop (TV Series)	2024/03/05/261709634068.webp	zoom-in	2021	
4943	Cowboy Bepop (TV Series)	2024/03/05/261709634139.webp	speed-ramping,slow-motion	2021	
4944	Cowboy Bepop (TV Series)	2024/03/05/261709634200.webp	focal-shift	2021	
4945	Cowboy Bepop (TV Series)	2024/03/05/261709634251.webp	match-cut,match-motion	2021	
4946	Cowboy Bepop (TV Series)	2024/03/05/261709634294.webp	zoom-in	2021	
4947	Cowboy Bepop (TV Series)	2024/03/05/261709634342.webp	match-split,split-screen	2021	
4948	Cowboy Bepop (TV Series)	2024/03/05/261709634386.webp	fourth-wall,match-split,split-screen	2021	
4949	Cowboy Bepop (TV Series)	2024/03/05/261709634438.webp	dutch-angle,focal-focus	2021	yellow
4950	Cowboy Bepop (TV Series)	2024/03/05/261709634510.webp	arc-movement,focal-shift	2021	
4951	Cowboy Bepop (TV Series)	2024/03/05/261709634552.webp	arc-movement,silhouette	2021	Red,smoke
4952	Cowboy Bepop (TV Series)	2024/03/05/261709634623.webp	split-screen	2021	Red
4953	Cowboy Bepop (TV Series)	2024/03/05/261709634691.webp	dolly-zoom,split-screen	2021	Red
4954	Cowboy Bepop (TV Series)	2024/03/05/261709634745.webp	fourth-wall,split-screen	2021	
4955	Cowboy Bepop (TV Series)	2024/03/05/261709634792.webp	focal-shift,zoom-in	2021	exterior
4956	Cowboy Bepop (TV Series)	2024/03/05/261709634848.webp	split-screen	2021	
4957	Cowboy Bepop (TV Series)	2024/03/05/261709634906.webp	fourth-wall,match-split,split-screen	2021	
4958	Cowboy Bepop (TV Series)	2024/03/05/261709634954.webp	fourth-wall,match-split,split-screen	2021	
4959	Cowboy Bepop (TV Series)	2024/03/05/261709634996.webp	zoom-in	2021	
4960	Cowboy Bepop (TV Series)	2024/03/06/Cowboy_Bebop___Official_Teaser_Lost_Session___Netflix_Q6CRsvr.gif	cut-ins	2021	
4961	Cowboy Bepop (TV Series)	2024/03/05/261709635083.webp	color-shift	2021	
4962	Cowboy Bepop (TV Series)	2024/03/05/261709635135.webp	overhead	2021	
4963	Cowboy Bepop (TV Series)	2024/03/05/261709635214.webp	fixed-camera,speed-ramping	2021	
4964	Cowboy Bepop (TV Series)	2024/03/05/261709635259.webp	overhead	2021	
4965	Cowboy Bepop (TV Series)	2024/03/05/261709635316.webp	fourth-wall,split-screen	2021	
4966	Cowboy Bepop (TV Series)	2024/03/05/261709635372.webp	fourth-wall,transition	2021	
4967	Cowboy Bepop (TV Series)	2024/03/05/261709635420.webp	focal-focus	2021	
4968	Cowboy Bepop (TV Series)	2024/03/05/261709635461.webp	over-the-shoulder	2021	
4969	Cowboy Bepop (TV Series)	2024/03/05/261709635545.webp	pass-through,overhead,transition	2021	
4970	Cowboy Bepop (TV Series)	2024/03/05/261709635593.webp	typography,vhs	2021	
4971	Poor Things	2024/03/06/261709715603.webp	fpv-drone	2023	yellow,exterior
4972	Poor Things	2024/03/06/261709715697.webp	dolly-shot,tracking,wide-shot	2023	Day,exterior,walk
4973	Poor Things	2024/03/06/261709715743.webp	fisheye	2023	interior,black and white
4974	Poor Things	2024/03/06/261709715782.webp	profile-shot,silhouette	2023	interior,black and white
4975	Poor Things	2024/03/06/261709715807.webp	ultra-wide-zero-d	2023	interior,black and white
4976	Poor Things	2024/03/06/261709715882.webp	ultra-wide-zero-d	2023	interior,black and white
4977	Poor Things	2024/03/06/261709715912.webp	ultra-wide-zero-d	2023	walking,interior,black and white,stairs,staircase
4978	Poor Things	2024/03/06/261709715991.webp	tracking,vignette	2023	walking,interior
4979	Poor Things	2024/03/06/261709716092.webp	fisheye	2023	black and white,carriage,extrerior
4980	Poor Things	2024/03/06/261709716284.webp	trucking	2023	black and white,carriage,extrerior
4981	Poor Things	2024/03/06/261709716430.webp	vignette,voyeur	2023	carriage,extrerior
4982	Poor Things	2024/03/06/261709716484.webp	fisheye,vignette	2023	carriage,extrerior
4983	Poor Things	2024/03/06/261709716532.webp	fisheye,shaky-cam,vignette	2023	carriage,extrerior
4984	Poor Things	2024/03/06/261709716598.webp	pan	2023	black and white,carriage,extrerior
4985	Poor Things	2024/03/06/261709716678.webp	fisheye	2023	running,black and white,exterior
4986	Poor Things	2024/03/06/261709716753.webp	match-cut	2023	walking,exterior
4987	Poor Things	2024/03/06/261709716787.webp	vignette	2023	walking,exterior
5014	Dune	2024/03/09/261709959786.webp	close-up,focal-focus	2021	Timothee Chalamet
5015	The Tragedy of Macbeth	2024/03/09/261709960094.webp	cinemagraph,low-angle	2021	black and white
5016	The Tragedy of Macbeth	2024/03/09/261709960114.webp	cinemagraph	2021	black and white
5017	The Tragedy of Macbeth	2024/03/09/261709960187.webp	cinemagraph	2021	water,black and white
5018	The Tragedy of Macbeth	2024/03/09/261709960228.webp	cinemagraph,reflections	2021	water,black and white
5019	Dune	2024/03/09/261709960327.webp	projections	2021	interior,Timothee Chalamet
5020	Dune	2024/03/09/261709960391.webp	floating	2021	Day,battle,war,soldiers,cave
5021	Dune	2024/03/09/261709960435.webp	wide-shot	2021	walking,interior,group,castle
5022	The Girl with the Dragon Tattoo (2011)	2024/03/09/261709960557.webp	silhouette	2011	woman,walking,blue
5023	Source unknown	2024/03/09/261709961320.webp	traditional		black and white,cartoon
5024	Source unknown	2024/03/09/261709961359.webp	transformation		black and white,retro
5025	Source unknown	2024/03/09/261709961410.webp	traditional		black and white,ghost
5026	Mickey Mouse	2024/03/09/261709961434.webp	traditional		black and white,ghost
5027	Source unknown	2024/03/09/261709961471.webp	traditional		walking,black and white
5028	Animated by Lazaro Perez	2024/03/09/261709961516.webp	traditional,anthropomorphism		walking,black and white
5029	Coffee Buddies	2024/03/09/261709961542.webp	traditional,anthropomorphism		walking,black and white
5030	Source unknown	2024/03/09/261709961572.webp	traditional		black and white,cat
5031	Source unknown	2024/03/09/261709961656.webp	traditional		black and white,crowd,stage,clapping,theater,applause
5032	The Sour Puss	2024/03/09/261709961701.webp	traditional	1940	black and white,cat
5033	Source unknown	2024/03/09/261709961733.webp	traditional,fourth-wall	1940	black and white,sailor
5034	Source unknown	2024/03/09/261709961816.webp	traditional	1940	black and white
5035	Source unknown	2024/03/09/261709961831.webp	traditional	1940	black and white
5036	Source unknown	2024/03/09/261709961899.webp	traditional	1940	black and white
5037	Flight to the East	2024/03/09/261709962011.webp	floating	1940	black and white
5038	GIF: Bill Domonkos	2024/03/09/261709962080.webp	double-exposure	2015	
5039	Emporio Armani SS24 Campaign	2024/03/09/261709969749.webp	pedestal,scale-shift	2024	
5040	Emporio Armani SS24 Campaign	2024/03/09/261709969805.webp	transition,void	2024	
5041	Emporio Armani SS24 Campaign	2024/03/09/261709969852.webp	high-angle,scale-shift	2024	running,watch
5042	Emporio Armani SS24 Campaign	2024/03/09/261709969904.webp	scale-shift,void	2024	woman,profile
5043	Emporio Armani SS24 Campaign	2024/03/09/261709970008.webp	scale-shift,void	2024	shoe,balance,shoelace,rope walk
5044	Emporio Armani SS24 Campaign	2024/03/09/261709970071.webp	pass-through,scale-shift,speed-ramping,void	2024	woman,purse
5045	Emporio Armani SS24 Campaign	2024/03/09/261709970136.webp	transition,void	2024	woman,purse
5046	Emporio Armani SS24 Campaign	2024/03/09/261709970169.webp	scale-shift,transition,void	2024	woman,purse
5047	Emporio Armani SS24 Campaign	2024/03/09/261709970207.webp	scale-shift,void	2024	
5048	Emporio Armani SS24 Campaign	2024/03/09/261709970306.webp	scale-shift,void	2024	purse
5049	Emporio Armani SS24 Campaign	2024/03/09/261709970367.webp	object-portal,spotlight,transition	2024	
5050	Nike - Rise of the kids	2024/03/09/261709970544.webp	dolly-shot,tilt	2022	woman,exterior,mom,yell
5051	Nike - Rise of the kids	2024/03/09/261709970759.webp	as-object,typography	2022	woman,exterior,mom,yell
5052	Nike - Rise of the kids	2024/03/09/261709970859.webp	locked-on,zoom-in	2022	sports,girl,soccer,athlete
5053	Nike - Rise of the kids	2024/03/09/261709970911.webp	architexture	2022	sports,girl,soccer,athlete,goalie
5054	Nike - Rise of the kids	2024/03/09/261709970954.webp	dolly-zoom,overhead	2022	pool,athlete,swimming
5055	Nike - Rise of the kids	2024/03/09/261709970996.webp	fourth-wall,low-angle	2022	pool,boy,kid,swimming
5056	Nike - Rise of the kids	2024/03/09/261709971041.webp	falling	2022	pool,boy,jump,kid,swimming,dive
5057	Nike - Rise of the kids	2024/03/09/261709971081.webp	low-angle,underwater	2022	pool,underwater,swimming
5058	Nike - Rise of the kids	2024/03/09/261709971129.webp	dolly-shot,undercranking,silhouette	2022	ballet
5059	Nike - Rise of the kids	2024/03/09/261709971185.webp	lazy-susan	2022	
5060	Nike - Rise of the kids	2024/03/09/261709971231.webp	transition	2022	
5061	Nike - Rise of the kids	2024/03/09/261709971282.webp	bullet-time,fourth-wall	2022	skating,boy
5062	Nike - Rise of the kids	2024/03/09/261709971357.webp	ultra-wide-zero-d	2022	Day,thumbs up
5063	Nike - Rise of the kids	2024/03/09/261709971504.webp	object-portal	2022	golf
5064	Nike - Rise of the kids	2024/03/09/261709971536.webp	overhead,spotlight	2022	spotlight
5065	Nike - Rise of the kids	2024/03/09/261709971681.webp	worms-eye	2022	spotlight
5066	Nike - Rise of the kids	2024/03/09/261709971731.webp	tracking,underwater	2022	water,pool,boy,swimming
5067	Nike - Rise of the kids	2024/03/09/261709971839.webp	arc-movement,fpv-drone	2022	Day,sand,exterior,desert
5068	Nike - Rise of the kids	2024/03/09/261709971926.webp	fourth-wall	2022	girl,mic,athlete,interview
5069	Apple Music - Stay	2024/03/09/261709972309.webp	hard-light,void	2023	
5070	Apple Music - Stay	2024/03/09/261709972355.webp	spotlight,void	2023	
5071	Apple Music - Stay	2024/03/09/261709972397.webp	spotlight,void	2023	
5072	Apple Music - Stay	2024/03/09/261709972430.webp	silhouette,spotlight,void	2023	
5073	Apple Music - Stay	2024/03/09/261709972493.webp	double-exposure,spotlight,void	2023	
5074	Apple Music - Stay	2024/03/09/261709972583.webp	double-exposure,void	2023	
5075	Apple Music - Stay	2024/03/09/261709972629.webp	double-exposure,match-split,void	2023	
5076	Apple Music - Stay	2024/03/09/261709972664.webp	collage,double-exposure,void	2023	
5077	Apple Music - Stay	2024/03/09/261709972718.webp	hard-light,void	2023	
5078	Apple Music - Stay	2024/03/09/261709972755.webp	hard-light,void	2023	
5079	Apple Music - Stay	2024/03/09/261709972789.webp	hard-light,void	2023	
5080	Slow motion Hummingbird	2024/03/09/261709973011.webp	slow-motion		Day,exterior,bird
5081	Unknown source	2024/03/09/261709973069.webp	slow-motion,void		
5082	Unknown source	2024/03/09/261709973125.webp	slow-motion		
5083	Unknown source	2024/03/09/261709973185.webp	slow-motion		apples
5084	Unknown source	2024/03/09/261709973236.webp	slow-motion		apples
5085	Unknown source	2024/03/09/261709973297.webp	slow-motion,void		drums,drum set,cymbal
5086	Fist of Fury	2024/03/09/261709973445.webp	echo-printing	1972	bruce lee
5087	The Slow Mo Guys	2024/03/09/261709973533.webp	slow-motion		sports,athlete,boxing
5088	Source unknown	2024/03/09/261709973679.webp	slow-motion		sports,athlete,baseball
5089	Source unknown	2024/03/09/261709973901.webp	slow-motion		sports,athlete,baseball
5090	Source unknown	2024/03/09/261709973960.webp	slow-motion		sports,athlete,baseball
5091	eLaLiga Santander - What Can't Can Be	2024/03/09/261709976333.webp	digital-overlay	2023	
5092	eLaLiga Santander - What Can't Can Be	2024/03/09/261709976370.webp	traditional	2023	
5093	eLaLiga Santander - What Can't Can Be	2024/03/09/261709976428.webp	collage,mixed-media	2023	
5094	eLaLiga Santander - What Can't Can Be	2024/03/09/261709976485.webp	screen-in-screen	2023	
5095	eLaLiga Santander - What Can't Can Be	2024/03/09/261709976547.webp	fixed-camera	2023	coin
5096	eLaLiga Santander - What Can't Can Be	2024/03/09/261709976600.webp	arc-movement,set-transition	2023	
5097	eLaLiga Santander - What Can't Can Be	2024/03/09/261709976657.webp	traditional,falling	2023	
5098	eLaLiga Santander - What Can't Can Be	2024/03/09/261709976724.webp	double-dolly	2023	bike,motorcycle,biking
5099	eLaLiga Santander - What Can't Can Be	2024/03/09/261709976775.webp	transition	2023	bike,motorcycle,biking
5100	eLaLiga Santander - What Can't Can Be	2024/03/09/261709976814.webp	overhead	2023	
5101	eLaLiga Santander - What Can't Can Be	2024/03/09/261709976875.webp	low-angle,zoom-in	2023	
5102	eLaLiga Santander - What Can't Can Be	2024/03/09/261709976926.webp	anthropomorphism	2023	space,soccer ball
5103	eLaLiga Santander - What Can't Can Be	2024/03/09/261709976959.webp	typography	2023	
5104	The Gentlemen (TV Series)	2024/03/09/261710022679.webp	fixed-camera,match-cut	2024	car,interior,theo james
5105	The Gentlemen (TV Series)	2024/03/09/261710022833.webp	typography	2024	exterior,manor,england
5106	The Gentlemen (TV Series)	2024/03/09/261710022925.webp	profile-shot	2024	exterior,manor,england
5107	The Gentlemen (TV Series)	2024/03/09/261710022997.webp	typography	2024	exterior,manor,england
5109	The Gentlemen (TV Series)	2024/03/09/261710023143.webp	tracking,two-shot	2024	green,nature,walking,exterior,outside,garden
5110	The Gentlemen (TV Series)	2024/03/09/261710023305.webp	quick-cuts	2024	key,safe,lockbox
5111	The Gentlemen (TV Series)	2024/03/09/261710023352.webp	as-object	2024	key,safe,lockbox
5112	The Gentlemen (TV Series)	2024/03/09/261710023440.webp	as-object,focal-focus,typography	2024	key,safe,lockbox
5113	The Gentlemen (TV Series)	2024/03/09/261710023511.webp	typography	2024	painting,art
5114	The Gentlemen (TV Series)	2024/03/09/261710023644.webp	reflections	2024	woman,exterior
5115	The Gentlemen (TV Series)	2024/03/09/261710023723.webp	halation,shaky-cam,pan	2024	interior,helicopter,theo james,chopper
5116	The Gentlemen (TV Series)	2024/03/09/261710023878.webp	ground-shot,tracking	2024	woman,feet,walking,interior,heels,floor
5117	The Gentlemen (TV Series)	2024/03/09/261710023963.webp	over-the-shoulder	2024	woman,interior
5118	The Gentlemen (TV Series)	2024/03/09/261710023995.webp	over-the-shoulder	2024	Male,interior
5119	The Gentlemen (TV Series)	2024/03/09/261710024086.webp	typography	2024	woman,interior
5120	The Gentlemen (TV Series)	2024/03/09/261710024152.webp	typography	2024	woman,interior
5121	The Gentlemen (TV Series)	2024/03/09/261710024204.webp	typography	2024	woman,interior
5122	The Gentlemen (TV Series)	2024/03/09/261710024291.webp	conveyor,slow-motion	2024	interior,boxing ring
5123	The Gentlemen (TV Series)	2024/03/09/261710024356.webp	typography	2024	sports,interior,athlete,boxing ring,boxer
5124	The Gentlemen (TV Series)	2024/03/09/261710024491.webp	epiphany-shot,light-flash	2024	interior,theo james
5125	The Gentlemen (TV Series)	2024/03/09/261710024558.webp	locked-on,tracking	2024	walking,interior,theo james
5127	The Gentlemen (TV Series)	2024/03/09/261710024860.webp	jump-cut,quick-cuts	2024	interior,bathroom,chicken
5128	The Gentlemen (TV Series)	2024/03/09/261710024931.webp	close-up	2024	interior,bathroom,crying,chicken,sadness
5129	The Gentlemen (TV Series)	2024/03/09/261710024997.webp	close-up	2024	headphones,money counter
5130	The Gentlemen (TV Series)	2024/03/09/261710025041.webp	close-up	2024	eyes,headphone
5131	The Gentlemen (TV Series)	2024/03/09/261710025340.webp	fixed-camera,reflections	2024	car,driving,driver
5132	The Gentlemen (TV Series)	2024/03/09/261710025389.webp	over-the-shoulder	2024	car,interior,two shot
5133	The Gentlemen (TV Series)	2024/03/09/261710025458.webp	first-person-pov,shaky-cam,pedestal	2024	car,driving,mirror,exterior,driver
5134	The Gentlemen (TV Series)	2024/03/09/261710025596.webp	overhead	2024	interior,money,cash,table
5135	The Gentlemen (TV Series)	2024/03/09/261710025644.webp	focal-focus	2024	interior,money,cash,table
5136	The Gentlemen (TV Series)	2024/03/09/261710025692.webp	close-up,undercranking	2024	interior,eyes,blinking
5137	The Gentlemen (TV Series)	2024/03/09/261710025747.webp	jump-cut	2024	interior
5138	The Gentlemen (TV Series)	2024/03/09/261710025850.webp	close-up,focal-focus	2024	Cigarette,exterior,smoking,chicken,cigar,garden
5139	The Gentlemen (TV Series)	2024/03/09/261710025907.webp	pan	2024	running,exterior
5140	The Gentlemen (TV Series)	2024/03/09/261710026000.webp	transition,typography	2024	exterior
5141	The Gentlemen (TV Series)	2024/03/09/261710026105.webp	focal-shift,wide-shot	2024	exterior,woods,chicken
5142	The Gentlemen (TV Series)	2024/03/09/261710026204.webp	close-up,snorricam	2024	Day,exterior
5143	The Gentlemen (TV Series)	2024/03/09/261710026291.webp	tilt	2024	interior,church
5144	The Gentlemen (TV Series)	2024/03/09/261710026445.webp	close-up	2024	car,rolls royce
5145	The Gentlemen (TV Series)	2024/03/09/261710026532.webp	low-angle	2024	night,exterior
5146	The Gentlemen (TV Series)	2024/03/09/261710026608.webp	trucking	2024	car,driving,night,headlights
5147	The Gentlemen (TV Series)	2024/03/09/261710026670.webp	low-angle	2024	Day,car,group
5148	The Gentlemen (TV Series)	2024/03/09/261710026725.webp	low-angle	2024	Day,car,group
5149	The Gentlemen (TV Series)	2024/03/09/261710026839.webp	dolly-zoom,wide-shot	2024	water,London,night,lake,city,tug boat,thames
5150	The Gentlemen (TV Series)	2024/03/10/261710030041.webp	undercranking	2024	weed,interior,marijuana,growing
5151	The Gentlemen (TV Series)	2024/03/10/261710030123.webp	undercranking,match-cut	2024	weed,interior,marijuana,growing
5152	The Gentlemen (TV Series)	2024/03/10/261710030170.webp	camera-roll	2024	weed,interior,marijuana,growing
5153	The Gentlemen (TV Series)	2024/03/10/261710030260.webp	undercranking,fixed-camera	2024	weed,interior,marijuana
5154	The Gentlemen (TV Series)	2024/03/10/261710030374.webp	match-motion	2024	weed,interior,marijuana
5155	The Gentlemen (TV Series)	2024/03/10/261710030506.webp	overhead	2024	weed,interior,marijuana
5156	The Gentlemen (TV Series)	2024/03/10/261710030605.webp	close-up	2024	weed,interior,marijuana
5157	The Gentlemen (TV Series)	2024/03/10/261710030636.webp	match-cut	2024	weed,interior,marijuana
5158	The Gentlemen (TV Series)	2024/03/10/261710030719.webp	cut-ins,overhead	2024	weed,interior,marijuana,shrink wrap
5159	The Gentlemen (TV Series)	2024/03/10/261710030776.webp	as-object,worms-eye	2024	weed,interior,marijuana,shrink wrap
5160	The Gentlemen (TV Series)	2024/03/10/261710030831.webp	focal-focus	2024	weed,interior,marijuana,weight,scale
5161	The Gentlemen (TV Series)	2024/03/10/261710030897.webp	magnification,low-angle,focal-focus	2024	weed,interior,marijuana,weight,scale
5162	The Gentlemen (TV Series)	2024/03/10/261710030947.webp	close-up	2024	weed,interior,marijuana,weight,scale
5163	The Gentlemen (TV Series)	2024/03/10/261710031029.webp	close-up,quick-cuts	2024	weed,interior,marijuana,weight,scale
5164	The Gentlemen (TV Series)	2024/03/10/261710031079.webp	close-up	2024	weed,blue,interior,smoking,hand,drugs,lid,container
5165	The Gentlemen (TV Series)	2024/03/10/261710031160.webp	close-up,conveyor,ground-shot	2024	blunt,weed,table,hand
5166	The Gentlemen (TV Series)	2024/03/10/261710031213.webp	close-up,speed-ramping	2024	blunt,weed,table,hand
5167	The Gentlemen (TV Series)	2024/03/10/261710031261.webp	close-up	2024	weed,smoking,marijuana
5168	The Gentlemen (TV Series)	2024/03/10/261710031313.webp	close-up,speed-ramping,slow-motion	2024	Male,weed,smoking,marijuana
5169	The Gentlemen (TV Series)	2024/03/10/261710031361.webp	as-object	2024	Day,exterior,van,barrels
5170	The Gentlemen (TV Series)	2024/03/10/261710031453.webp	high-angle,wide-shot	2024	restaurant,exterior,food,establishing
5171	The Gentlemen (TV Series)	2024/03/10/261710031543.webp	close-up	2024	woman,fast food,restaurant,interior,worker,employee
5172	The Gentlemen (TV Series)	2024/03/10/261710031599.webp	close-up	2024	Day,Male,fast food,restaurant,interior,ordering
5173	The Gentlemen (TV Series)	2024/03/10/261710031709.webp	overhead	2024	yellow,fast food,restaurant,food,keys,onion rings,milkshake,receipt,pancakes
5175	The Gentlemen (TV Series)	2024/03/10/261710031860.webp	voyeur	2024	Day,car,interior
5176	The Gentlemen (TV Series)	2024/03/10/261710032073.webp	voyeur	2024	Day,car,interior
5177	The Gentlemen (TV Series)	2024/03/10/261710032193.webp	low-angle,ultra-wide-zero-d	2024	Day,car,interior
5178	The Gentlemen (TV Series)	2024/03/10/261710032234.webp	over-the-shoulder	2024	Day,car,interior
5179	The Gentlemen (TV Series)	2024/03/10/261710032318.webp	pan,typography	2024	exterior,cars,dealership
5180	The Gentlemen (TV Series)	2024/03/10/261710032391.webp	ground-shot,tracking	2024	interior,garage,warehouse,lamborghini,supercar
5181	The Gentlemen (TV Series)	2024/03/10/261710032467.webp	reflections	2024	Day,woman,smile,exterior,lamborghini
5182	The Gentlemen (TV Series)	2024/03/10/261710032527.webp	fixed-camera	2024	Day,woman,racing,driving,exterior,lamborghini
5183	The Gentlemen (TV Series)	2024/03/10/261710032787.webp	trip	2024	interior,hallucination
5184	The Gentlemen (TV Series)	2024/03/10/261710032830.webp	snorricam	2024	interior,hallucination
5185	The Gentlemen (TV Series)	2024/03/10/261710032908.webp	dolly-shot	2024	interior,hallucination
5186	The Gentlemen (TV Series)	2024/03/10/261710032970.webp	trip	2024	interior,hallucination
5187	The Gentlemen (TV Series)	2024/03/10/261710033005.webp	close-up,ultra-wide-zero-d	2024	interior,hallucination
5188	The Gentlemen (TV Series)	2024/03/10/261710033065.webp	trip,ultra-wide-zero-d,wide-shot	2024	interior,hallucination
5189	The Gentlemen (TV Series)	2024/03/10/261710033135.webp	fpv-drone,tracking	2024	Day,car,exterior,manor,mansion
5192	The Gentlemen (TV Series)	2024/03/10/261710033362.webp	slow-motion	2024	Day,group,exterior,religious,priest
5193	The Gentlemen (TV Series)	2024/03/10/261710033403.webp	match-cut	2024	Male
5194	The Gentlemen (TV Series)	2024/03/10/261710033479.webp	trip	2024	night,fire
5195	The Gentlemen (TV Series)	2024/03/10/261710033538.webp	ground-shot,low-angle	2024	Day,exterior,gun,hunting
5196	The Gentlemen (TV Series)	2024/03/10/261710033700.webp	fixed-camera	2024	car,night,exterior,theo james
5197	The Gentlemen (TV Series)	2024/03/10/261710033767.webp	wide-shot	2024	light,night,exterior,castle,manor,mansion
5198	The Gentlemen (TV Series)	2024/03/10/261710033851.webp	fixed-camera,typography	2024	car,night,exterior,headlights
5199	The Gentlemen (TV Series)	2024/03/10/261710033906.webp	voyeur	2024	night,gate
5200	The Gentlemen (TV Series)	2024/03/10/261710033947.webp	fixed-camera	2024	car,night,two shot,train
5201	The Gentlemen (TV Series)	2024/03/10/261710034013.webp	fixed-camera	2024	car,night,two shot,train
5202	The Gentlemen (TV Series)	2024/03/10/261710034148.webp	fixed-camera	2024	driving,interior,lime green,lamborghini
5203	The Gentlemen (TV Series)	2024/03/10/261710034197.webp	halation	2024	driving,interior,lime green,lamborghini
5204	The Gentlemen (TV Series)	2024/03/10/261710034276.webp	dolly-shot	2024	night,exterior
5205	The Gentlemen (TV Series)	2024/03/10/261710034356.webp	voyeur	2024	interior
5206	The Gentlemen (TV Series)	2024/03/10/261710034397.webp	low-angle	2024	interior
5207	The Gentlemen (TV Series)	2024/03/10/261710034558.webp	dutch-angle,low-angle	2024	interior
5208	The Gentlemen (TV Series)	2024/03/12/261710223413.webp	fixed-camera	2024	nature,exterior,england
5209	The Gentlemen (TV Series)	2024/03/12/261710223522.webp	close-up	2024	Male,talking,castle,england,tour guide
5210	The Gentlemen (TV Series)	2024/03/12/261710223687.webp	model,match-cut	2024	castle
5211	The Gentlemen (TV Series)	2024/03/12/261710223776.webp	epiphany-shot	2024	Red,interior,tour guide
5212	The Gentlemen (TV Series)	2024/03/12/261710223877.webp	overhead,typography	2024	exterior,castle,dead
5213	The Gentlemen (TV Series)	2024/03/12/261710223964.webp	ground-shot	2024	Day,water,exterior,lake,boat,fishing
5214	The Gentlemen (TV Series)	2024/03/12/261710224045.webp	overhead	2024	Explosion,lake,boat,fishing
5215	The Gentlemen (TV Series)	2024/03/12/261710224130.webp	overhead	2024	Day,green,grass,exterior,sad,funeral
5216	The Gentlemen (TV Series)	2024/03/12/261710224192.webp	central-framing,focal-focus,typography	2024	Day,green,grass,exterior,sad,funeral
5217	The Gentlemen (TV Series)	2024/03/12/261710224392.webp	close-up	2024	Male,face,mic,lips,mouth,auctioneer
5218	The Gentlemen (TV Series)	2024/03/12/261710224448.webp	central-framing,low-angle,two-shot	2024	exterior,wave
5219	The Gentlemen (TV Series)	2024/03/12/261710224547.webp	low-angle,ultra-wide-zero-d	2024	night,exterior,fog,scary,spooky,haunted house
5220	The Gentlemen (TV Series)	2024/03/12/261710224609.webp	voyeur	2024	car,driving,night,interior
5221	The Gentlemen (TV Series)	2024/03/12/261710224697.webp	halation,projections	2024	interior,castle,jar,glass jar
5222	The Gentlemen (TV Series)	2024/03/12/261710224746.webp	projections,silhouette	2024	Male,interior,castle
5223	The Gentlemen (TV Series)	2024/03/12/261710224793.webp	halation	2024	Male,interior,castle
5224	The Gentlemen (TV Series)	2024/03/12/261710224908.webp	projections	2024	Male,interior,gun
5225	The Gentlemen (TV Series)	2024/03/12/261710225017.webp	voyeur	2024	night,dusk,door,trunk,evening,closing
5226	The Gentlemen (TV Series)	2024/03/12/261710225240.webp	trucking	2024	Day,woman,walking,exterior,picnic,basket
5227	The Gentlemen (TV Series)	2024/03/12/261710225341.webp	focal-shift,pan	2024	Day,woman,walking,exterior
5228	The Gentlemen (TV Series)	2024/03/12/261710225462.webp	fpv-drone	2024	Day,exterior,golfing,golf course
5229	The Gentlemen (TV Series)	2024/03/12/261710225532.webp	close-up,ground-shot,slow-motion	2024	feet,shoes,golfing,golf course,golf club
5230	The Gentlemen (TV Series)	2024/03/12/261710225646.webp	aerial,typography,tracking	2024	flying,golf ball
5231	The Gentlemen (TV Series)	2024/03/13/261710311293.webp	tracking	2024	Male,exterior,vehicle,umbrella
5232	The Gentlemen (TV Series)	2024/03/13/261710311420.webp	tracking	2024	Male,exterior,vehicle,umbrella
5233	The Gentlemen (TV Series)	2024/03/13/261710311505.webp	dolly-shot,two-shot	2024	Day,exterior,overcast,vehicle,dock
5234	The Gentlemen (TV Series)	2024/03/13/261710311562.webp	two-shot,voyeur	2024	Day,interior,overcast,vehicle,dock,scene symmetry
5235	The Gentlemen (TV Series)	2024/03/13/261710311721.webp	central-framing,dolly-shot,over-the-shoulder	2024	Male,restaurant,eating,lamp,dining,table,dessert,cake,scene symmetry,fork
5236	The Gentlemen (TV Series)	2024/03/13/261710311811.webp	central-framing,two-shot	2024	house,interior,fireplace,castle,living room,manor,scene symmetry,rich,wealthy
5237	The Gentlemen (TV Series)	2024/03/13/261710311909.webp	close-up,hard-light	2024	hand,watch,nervous
5238	The Gentlemen (TV Series)	2024/03/13/261710311984.webp	close-up,hard-light	2024	face,eyes,mustache,facial hair,skin,nose
5239	The Gentlemen (TV Series)	2024/03/13/261710312056.webp	close-up	2024	face,lips,teeth,mouth,beard
5240	The Gentlemen (TV Series)	2024/03/13/261710312102.webp	close-up	2024	Male,face,theo james
5241	The Gentlemen (TV Series)	2024/03/13/261710312158.webp	close-up	2024	face,lips,teeth,mouth
5242	The Gentlemen (TV Series)	2024/03/13/261710312255.webp	fixed-camera	2024	car,racing,driving,night,bullet,trunk,vehicle,broken glass,gun shot
5243	The Gentlemen (TV Series)	2024/03/13/261710312339.webp	night-vision	2024	green,nature,night,wildlife,fox,hunting
5244	An F-15's Afterburners Look Like a Supernova in Night Vision	2024/03/13/261710312415.webp	night-vision	2016	green,night,military,flying,fighter jet
5245	Night Vision GIF	2024/03/13/261710312461.webp	night-vision		smile,military,war,soldier
5246	Timelapse GIF	2024/03/13/261710312604.webp	undercranking		
5247	Ghost in the Shell	2024/03/13/261710312805.webp	undercranking,fixed-camera	2017	night,taxi,new york city
5248	New York Cinemagraph	2024/03/13/261710312929.webp	cinemagraph,low-angle	2017	Day,exterior,city,new york city,birds,bus
5249	New York Cinemagraph	2024/03/13/261710312965.webp	cinemagraph,reflections	2017	Day,taxi,exterior,city,new york city
5250	Carousel GIF by Dave Gorum	2024/03/13/261710313059.webp	echo-printing,undercranking,motion-blur	2015	night,exterior,carousel
5251	Reddit user BW3D	2024/03/13/261710313129.webp	aerial,undercranking		night,city
5252	Source unknown	2024/03/13/261710313171.webp	voyeur		driving,night,interior,snow,sodium light
5253	Art Glow GIF	2024/03/13/261710313457.webp	night-vision		
5254	The Gentlemen (TV Series)	2024/03/13/261710313549.webp	fixed-camera	2024	vehicle,castle,moving,manor,junk,freight
5255	The Gentlemen (TV Series)	2024/03/13/261710313614.webp	fixed-camera,as-object	2024	bottle,drinking,party,drunk,liquor,whiskey
5256	The Gentlemen (TV Series)	2024/03/13/261710313715.webp	dolly-shot	2024	Day,exterior,truck,border,smuggling,paperwork
5257	The Gentlemen (TV Series)	2024/03/13/261710313785.webp	fixed-camera	2024	Day,interior,vehicle,smuggling,virgin mary
5258	The Gentlemen (TV Series)	2024/03/13/261710313903.webp	close-up	2024	cash,money counter
5259	The Gentlemen (TV Series)	2024/03/13/261710313965.webp	reflections	2024	vehicle,truck,smuggling
5260	The Gentlemen (TV Series)	2024/03/13/261710314074.webp	central-framing,tableau-shots	2024	interior,castle,manor,scene symmetry,rich,wealthy
5261	The Gentlemen (TV Series)	2024/03/13/261710314171.webp	silhouette,voyeur	2024	Day,Male,car,interior,overcast,vehicle,umbrella
5262	The Gentlemen (TV Series)	2024/03/13/261710314295.webp	fixed-camera	2024	Day,car,vintage
5263	The Gentlemen (TV Series)	2024/03/13/261710314428.webp	central-framing,close-up,focal-focus	2024	Male,restaurant,interior,dining,scene symmetry,drugged,poison
5264	The Gentlemen (TV Series)	2024/03/13/261710314480.webp	central-framing	2024	Male,restaurant,interior,dining,scene symmetry
5265	The Gentlemen (TV Series)	2024/03/13/261710314640.webp	fpv-drone,tracking	2024	Day,forest,driving,exterior,high angle
5266	The Gentlemen (TV Series)	2024/03/13/261710314695.webp	low-angle	2024	Day,low angle,car,exterior,vehicle,doors
5267	The Gentlemen (TV Series)	2024/03/13/261710314956.webp	fpv-drone,pass-through,typography	2024	exterior,winter,snow,castle,manor
5268	The Gentlemen (TV Series)	2024/03/13/261710315097.webp	slow-motion	2024	interior,sweat,athlete,boxing,spit,boxing ring
5269	The Gentlemen (TV Series)	2024/03/13/261710315213.webp	overhead	2024	woman,walking,interior,cool,bathroom
5270	The Gentlemen (TV Series)	2024/03/13/261710315282.webp	falling,snorricam	2024	Male,fight,sunglasses,knocked out
5271	The Gentlemen (TV Series)	2024/03/13/261710315358.webp	camera-roll,overhead	2024	Male,interior,fight,knocked out
5272	The Gentlemen (TV Series)	2024/03/13/261710315461.webp	close-up,screen-in-screen	2024	hand,iphone,screen,texting
5273	The Gentlemen (TV Series)	2024/03/13/261710315512.webp	digital-overlay	2024	interior,iphone,texting
5274	The Gentlemen (TV Series)	2024/03/13/261710315607.webp	digital-overlay,as-object,screen-in-screen	2024	digital,live stream,social media
5275	The Gentlemen (TV Series)	2024/03/13/261710315767.webp	match-cut,tilt	2024	interior,mail room
5276	The Gentlemen (TV Series)	2024/03/13/261710315850.webp	typography	2024	Male,interior
5277	The Gentlemen (TV Series)	2024/03/13/261710315923.webp	high-angle	2024	Day,woman,walking,interior,castle,manor,wealthy
5278	The Gentlemen (TV Series)	2024/03/13/261710315985.webp	ground-shot,trucking	2024	Day,woman,walking,interior,heel
5279	The Gentlemen (TV Series)	2024/03/13/261710316047.webp	wide-shot	2024	interior,castle,living room,rich,wealthy,butler
5280	The Gentlemen (TV Series)	2024/03/13/261710316118.webp	voyeur	2024	interior,trunk,vehicle
5281	The Gentlemen (TV Series)	2024/03/13/261710316254.webp	fixed-camera,reflections	2024	Male,driving,night,dusk,vehicle
5282	The Gentlemen (TV Series)	2024/03/13/261710316331.webp	profile-shot	2024	interior,talking,conversation,theo james
5283	The Gentlemen (TV Series)	2024/03/13/261710316400.webp	profile-shot	2024	house,interior,bad guy,Giancarlo Esposito,villain,wealth
5284	Skims - Lab	2024/03/13/261710316783.webp	close-up,focal-focus,void	2024	woman,Kim Kardashian,skims
5285	Skims - Lab	2024/03/13/261710316834.webp	silhouette,wide-shot	2024	woman,Kim Kardashian,skims,televisions,tvs
5286	Skims - Lab	2024/03/13/261710316917.webp	lazy-susan,screen-in-screen	2024	woman,Kim Kardashian,skims,televisions,tvs
5287	Skims - Lab	2024/03/13/261710317002.webp	conveyor,screen-in-screen,split-screen	2024	woman,Kim Kardashian,skims,televisions,tvs
5288	Skims - Lab	2024/03/13/261710317062.webp	overhead	2024	woman,walking,Kim Kardashian,skims
5289	Skims - Lab	2024/03/13/261710317127.webp	duplication	2024	interior,spaceship,Kim Kardashian,skims
5290	Skims - Lab	2024/03/13/261710317175.webp	duplication,zoom-in	2024	exterior,spaceship,outer space,Kim Kardashian,skims
5291	Nike - Mad Ready (DC)	2024/03/13/261710331537.webp	overhead	2024	interior,apple,food,lunch,tray,cafeteria
5292	Nike - Mad Ready (DC)	2024/03/13/261710331597.webp	distortions,void	2024	Male,bow and arrow
5293	Nike - Mad Ready (DC)	2024/03/13/261710331644.webp	focal-focus	2024	Male,bow and arrow
5294	Nike - Mad Ready (DC)	2024/03/13/261710331720.webp	object-portal	2024	nike,eye,soccer,shoe
5295	Nike - Mad Ready (DC)	2024/03/13/261710331874.webp	arc-movement,bullet-time	2024	feet,nike,soccer,shoe,foot
5296	Nike - Mad Ready (DC)	2024/03/13/261710331947.webp	object-portal	2024	nike,sports,eye,soccer,athlete,net,goalie
5297	Our England	2024/03/13/261710332226.webp	model	2022	woman,soccer,athlete,decor
5298	Our England	2024/03/13/261710332282.webp	screen-in-screen	2022	woman,interior,bedroom,soccer,athlete,ipad,laptop
5299	Our England	2024/03/13/261710332351.webp	ultra-wide-zero-d	2022	blue,interior,girl,smile,bedroom,athlete,kid,happy
5300	Our England	2024/03/13/261710332395.webp	over-the-shoulder	2022	blue,interior,girl,bedroom,athlete,kid
5301	Our England	2024/03/13/261710332453.webp	set-transition	2022	blue,interior,girl,bedroom,athlete,kid
5302	Our England	2024/03/13/261710332560.webp	trucking	2022	running,grass,girl,exterior,field,athlete,kid
5303	Our England	2024/03/13/261710332621.webp	shaky-cam	2022	team,coach,sports,soccer,athlete,players,huddle
5304	Our England	2024/03/13/261710332685.webp	close-up,ground-shot,tracking	2022	running,nike,grass,girl,shoes,kid
5305	Our England	2024/03/13/261710332797.webp	halation,video-portraits	2022	woman,sports,interior,bar,fan
5306	Our England	2024/03/13/261710332866.webp	screen-in-screen	2022	sports,interior,bar,television,news
5307	Our England	2024/03/13/261710332953.webp	central-framing	2022	Male,car,taxi,interior,vehicle,scene symmetry
5308	Our England	2024/03/13/261710333018.webp	voyeur	2022	Male,taxi,interior,looking
5309	Our England	2024/03/13/261710333084.webp	high-angle,ultra-wide-zero-d,wide-shot	2022	Red,sports,girl,stadium,empty
5310	Our England	2024/03/13/261710333214.webp	fourth-wall	2022	Red,sports,girl,stadium,empty
5311	#LoveYourz	2024/03/13/261710333669.webp	glitch	2018	
5312	#LoveYourz	2024/03/13/261710333787.webp	tracking	2018	woman,exterior,city,new york city,overalls
5313	#LoveYourz	2024/03/13/261710333842.webp	video-portraits	2018	woman,exterior,train,city,new york city,subway,vehicle,overalls,vans
5314	#LoveYourz	2024/03/13/261710333898.webp	video-portraits	2018	woman,green,nature,exterior,trees,park
5315	#LoveYourz	2024/03/13/261710333987.webp	spotlight,whip-pan	2018	Male,night,dusk,exterior,street light,overhead light
5316	#LoveYourz	2024/03/13/261710334030.webp	transition	2018	Male,night,dusk,exterior,street light,overhead light
5317	#LoveYourz	2024/03/13/261710334092.webp	video-portraits	2018	group,exterior,balcony
5318	#LoveYourz	2024/03/13/261710334160.webp	video-portraits	2018	
5319	#LoveYourz	2024/03/13/261710334311.webp	glitch	2018	
5320	#LoveYourz	2024/03/13/261710334500.webp	focal-focus	2018	green,nature,bird,tree,leaves,branches
5321	#LoveYourz	2024/03/13/261710334571.webp	video-portraits	2018	group,exterior
5322	#LoveYourz	2024/03/13/261710334660.webp	fourth-wall,tracking	2018	woman,walking,exterior,city,overalls
5323	#LoveYourz	2024/03/13/261710334724.webp	match-cut	2018	Day,nature,exterior,plane
5324	#LoveYourz	2024/03/13/261710334810.webp	video-portraits	2018	Day,group,exterior
5325	#LoveYourz	2024/03/13/261710334910.webp	photography,screen-in-screen	2018	Day,exterior
5326	#LoveYourz	2024/03/13/261710334956.webp	photography,screen-in-screen,video-portraits	2018	Day,woman,exterior
5327	#LoveYourz	2024/03/13/261710335029.webp	glitch,screen-in-screen	2018	Day,woman,exterior,skating,skateboard
5328	#LoveYourz	2024/03/13/261710335076.webp	photography	2018	Male,wall,leaning
5329	#LoveYourz	2024/03/13/261710335144.webp	cut-ins,video-portraits	2018	Male
5330	#LoveYourz	2024/03/13/261710335427.webp	glitch	2018	woman,night,exterior
5331	#LoveYourz	2024/03/13/261710335520.webp	pan,focal-focus	2018	sunset,lake,dawn
5332	#LoveYourz	2024/03/13/261710335555.webp	close-up	2018	woman
5333	#LoveYourz	2024/03/13/261710335612.webp	silhouette	2018	night,dusk
5334	#LoveYourz	2024/03/13/261710335655.webp	spotlight	2018	night,dusk
5335	#LoveYourz	2024/03/13/261710335752.webp	spotlight	2018	night,dusk
5336	#LoveYourz	2024/03/13/261710335860.webp	glitch,shaky-cam	2018	Day,exterior
5337	#LoveYourz	2024/03/13/261710335906.webp	glitch,shaky-cam,interview	2018	Day,woman,exterior
5338	#LoveYourz	2024/03/13/261710335989.webp	glitch,shaky-cam	2018	Day,woman,exterior,happy
5339	#LoveYourz	2024/03/13/261710336061.webp	glitch,shaky-cam	2018	Day,woman,exterior,happy
5340	#LoveYourz	2024/03/13/261710336138.webp	glitch,shaky-cam	2018	Day,woman,exterior,happy
5341	#LoveYourz	2024/03/13/261710336216.webp	glitch,shaky-cam	2018	Day,woman,black and white,exterior
5342	#LoveYourz	2024/03/13/261710336272.webp	video-portraits	2018	Day,woman,black and white,exterior
5343	#LoveYourz	2024/03/13/261710336325.webp	glitch	2018	Day,woman,black and white,exterior
5344	#LoveYourz	2024/03/13/261710336416.webp	shaky-cam	2018	car,black and white,new york city,vehicle,police
5345	#LoveYourz	2024/03/13/261710336523.webp	glitch,shaky-cam	2018	
5346	Exeed Rx	2024/03/13/261710362976.webp	wandering,void	2024	set,production,process,shoot
5347	Exeed Rx	2024/03/13/261710363025.webp	step-printing	2024	set,production,process,shoot
5348	Exeed Rx	2024/03/13/261710363243.webp	product,reflections	2024	car,window,exterior
5349	Exeed Rx	2024/03/13/261710363273.webp	product	2024	car,window,exterior
5350	Exeed Rx	2024/03/13/261710363305.webp	product	2024	car,exterior,vehicle,door handle
5351	Exeed Rx	2024/03/13/261710363371.webp	product	2024	car,exterior,trunk,vehicle
5352	Exeed Rx	2024/03/13/261710363412.webp	product	2024	car,interior,vehicle,dashboard,steering wheel
5353	Exeed Rx	2024/03/13/261710363450.webp	product	2024	car,studio,exterior,vehicle,overhead light
5354	Exeed Rx	2024/03/13/261710363519.webp	product	2024	car,studio,exterior,vehicle,grill
5355	Exeed Rx	2024/03/13/261710363558.webp	product	2024	car,studio,exterior,vehicle
5356	Exeed Rx	2024/03/13/261710363612.webp	product	2024	car,studio,exterior,vehicle
5357	Fortuna - Fortuna Favors You	2024/03/13/261710364360.webp	fpv-drone,pass-through	2024	night,typography,title card,aerial,crane
5358	Fortuna - Fortuna Favors You	2024/03/13/261710364504.webp	traditional,speed-ramping	2024	sports,night,soccer,athlete
5359	Fortuna - Fortuna Favors You	2024/03/13/261710364602.webp	camera-roll,digital-overlay,transition	2024	
5360	Fortuna - Fortuna Favors You	2024/03/13/261710364639.webp	traditional,close-up	2024	woman,night,interior,headphones
5361	Fortuna - Fortuna Favors You	2024/03/13/261710364709.webp	digital-overlay,match-cut	2024	woman,night,interior,headphones,tennis ball,smiley face
5362	Fortuna - Fortuna Favors You	2024/03/13/261710364784.webp	screen-in-screen,transition	2024	interior,phone,screen,Roulette,man
5363	Fortuna - Fortuna Favors You	2024/03/13/261710364832.webp	object-portal,transition	2024	camera,lens,coins
5364	Fortuna - Fortuna Favors You	2024/03/13/261710364881.webp	digital-overlay,as-object,screen-in-screen	2024	pov,phone,digital,screen
5365	NIKE x SIZE? - Content De Te Revoir	2024/03/14/261710388693.webp	collage,photography	2024	bike,exterior,new york city,wheelie
5366	NIKE x SIZE? - Content De Te Revoir	2024/03/14/261710388868.webp	as-object,two-shot,worms-eye	2024	bag
5367	NIKE x SIZE? - Content De Te Revoir	2024/03/14/261710388935.webp	fisheye	2024	Day,exterior,paris
5368	NIKE x SIZE? - Content De Te Revoir	2024/03/14/261710389029.webp	fixed-camera,screen-in-screen	2024	exterior,phone,screen
5369	NIKE x SIZE? - Content De Te Revoir	2024/03/14/261710389107.webp	transition	2024	
5370	NIKE x SIZE? - Content De Te Revoir	2024/03/14/261710389160.webp	fisheye,jump-cut	2024	interior,high angle,living room
5371	NIKE x SIZE? - Content De Te Revoir	2024/03/14/261710389294.webp	snorricam	2024	Male
5372	Feid - ALAKRAN	2024/03/14/261710389821.webp	fixed-camera	2024	Day,exterior,los angeles,van,vehicle
5374	Feid - ALAKRAN	2024/03/14/261710390015.webp	fixed-camera	2024	Day,Male,exterior,los angeles,van,vehicle
5375	Feid - ALAKRAN	2024/03/14/261710390091.webp	tableau-shots,ultra-wide-zero-d	2024	Day,Male,exterior,relaxing,los angeles,mansion,lounging
5376	Feid - ALAKRAN	2024/03/14/261710390475.webp	focal-shift,low-angle,focal-focus	2024	Day,Male,exterior,relaxing,los angeles,mansion,lounging
5377	Feid - ALAKRAN	2024/03/14/261710390570.webp	transition	2024	Day,Male,exterior,relaxing,los angeles,mansion,lounging
5378	Feid - ALAKRAN	2024/03/14/261710390926.webp	zoom-in	2024	Male,green,interior,closet
5379	Feid - ALAKRAN	2024/03/14/261710391003.webp	split-screen	2024	
5380	Feid - ALAKRAN	2024/03/14/261710391179.webp	transition	2024	green
5381	Feid - ALAKRAN	2024/03/14/261710391248.webp	flash-cut	2024	green
5382	Feid - ALAKRAN	2024/03/14/261710391333.webp	trucking	2024	green
5383	Feid - ALAKRAN	2024/03/14/261710391395.webp	conveyor	2024	green
5384	Feid - ALAKRAN	2024/03/14/261710391568.webp	ultra-wide-zero-d	2024	
5385	Feid - ALAKRAN	2024/03/14/261710391797.webp	tableau-shots,video-portraits	2024	
5386	SMALL BLACK - Boy’s Life	2024/03/14/261710392419.webp	silhouette	2016	dusk,swing
5387	SMALL BLACK - Boy’s Life	2024/03/14/261710392559.webp	video-portraits	2016	
5388	SMALL BLACK - Boy’s Life	2024/03/14/261710392682.webp	tracking	2016	Red,night,exterior,club
5389	SMALL BLACK - Boy’s Life	2024/03/14/261710392737.webp	vignette	2016	
5390	SMALL BLACK - Boy’s Life	2024/03/14/261710392869.webp	ground-shot	2016	
5391	Halo 3 - Diorama	2024/03/14/261710398619.webp	model	2007	Explosion,exterior,battle,soldier,battlefield,diorama,halo
5392	Halo 3 - Diorama	2024/03/14/261710398743.webp	model	2007	exterior,battle,soldier,battlefield,sad,diorama,halo
5393	Halo 3 - Diorama	2024/03/14/261710398790.webp	conveyor,model	2007	exterior,battle,soldier,battlefield,sad,diorama,halo
5394	Halo 3 - Diorama	2024/03/14/261710398864.webp	model	2007	Day,Explosion,exterior,alien,battle,soldier,battlefield,diorama,halo
5395	Halo 3 - Diorama	2024/03/14/261710398919.webp	model	2007	Day,Explosion,exterior,alien,battle,soldier,battlefield,diorama,halo
5396	Halo 3 - Diorama	2024/03/14/261710399052.webp	model,focal-focus	2007	Day,Explosion,exterior,alien,battle,soldier,battlefield,diorama,halo
5397	Halo 3 - Diorama	2024/03/14/261710399154.webp	model,photography	2007	Day,Explosion,exterior,alien,battle,soldier,battlefield,diorama,halo
5398	Halo 3 - Diorama	2024/03/14/261710399202.webp	model	2007	Day,Explosion,exterior,alien,battle,soldier,battlefield,diorama,halo
5399	Halo 3 - Diorama	2024/03/14/261710399280.webp	model,probe-lens	2007	exterior,battle,soldier,battlefield,diorama,halo
5400	Halo 3 - Diorama	2024/03/14/261710399356.webp	model,first-person-pov	2007	exterior,battle,soldier,battlefield,diorama,halo,master chief
5401	Ultimate Sinatra - Frank Sinatra's 100th Birthday	2024/03/14/261710399551.webp	parallax	2015	black and white,frank sinatra
5402	Ultimate Sinatra - Frank Sinatra's 100th Birthday	2024/03/14/261710399685.webp	parallax	2015	black and white,frank sinatra
5403	Ultimate Sinatra - Frank Sinatra's 100th Birthday	2024/03/14/261710399726.webp	parallax	2015	black and white,frank sinatra
5404	Ultimate Sinatra - Frank Sinatra's 100th Birthday	2024/03/14/261710399774.webp	conveyor,parallax	2015	black and white,frank sinatra
5405	Ultimate Sinatra - Frank Sinatra's 100th Birthday	2024/03/14/261710399824.webp	parallax	2015	black and white,frank sinatra
5406	Ultimate Sinatra - Frank Sinatra's 100th Birthday	2024/03/14/261710399878.webp	parallax	2015	black and white,frank sinatra
5407	Ultimate Sinatra - Frank Sinatra's 100th Birthday	2024/03/14/261710399918.webp	parallax	2015	black and white,frank sinatra
5408	Twitter new brand identity	2024/03/14/261710400316.webp	collage,mixed-media	2021	newspaper,cutout,torn paper
5409	Source unknown	2024/03/14/261710400353.webp	wigglegram		pharrell
5410	Photography by Kate Bones	2024/03/14/261710400553.webp	wigglegram		
5411	Photography by Kate Bones	2024/03/14/261710400582.webp	wigglegram		woman
5412	Source unknown	2024/03/14/261710400709.webp	wigglegram		woman
5413	Source unknown	2024/03/14/261710400738.webp	wigglegram		Male,interior,playing cards
5414	Kirby Gladstein Photography	2024/03/14/261710401071.webp	product,wigglegram		overhead,basketball,net,hennesy
5415	Kirby Gladstein Photography	2024/03/14/261710401151.webp	silhouette		Day,group,field,high angle,aerial
5416	Kirby Gladstein Photography	2024/03/14/261710401290.webp	wigglegram		party,confetti,celebration
5417	Kirby Gladstein Photography	2024/03/14/261710401391.webp	wigglegram		night,group,crowd,festival
5418	Kirby Gladstein Photography	2024/03/14/261710401412.webp	wigglegram		Male,night
5419	Kirby Gladstein Photography	2024/03/14/261710401431.webp	wigglegram		interior,dancing
5420	Kirby Gladstein Photography	2024/03/14/261710401447.webp	wigglegram		crowd
5421	Kirby Gladstein Photography	2024/03/14/261710401464.webp	wigglegram		party,crowd
5422	Kirby Gladstein Photography	2024/03/14/261710401487.webp	wigglegram		Artist,crowd,musician,crowd surfing
5423	Kirby Gladstein Photography	2024/03/14/261710401511.webp	wigglegram		low angle,Artist,stage,musician
5424	Source unknown	2024/03/14/261710401589.webp	wigglegram		
5425	Empimic - Bittere Welt	2024/03/14/261710449030.webp	datamosh	2021	
5426	Empimic - Bittere Welt	2024/03/14/261710449190.webp	echo-printing	2021	black and white
5427	Empimic - Bittere Welt	2024/03/14/261710449259.webp	silhouette	2021	black and white,backlight
5428	Empimic - Bittere Welt	2024/03/14/261710449303.webp	close-up	2021	black and white,backlight
5429	Empimic - Bittere Welt	2024/03/14/261710449354.webp	silhouette	2021	walking,night,black and white,street,highway
5430	Empimic - Bittere Welt	2024/03/14/261710449402.webp	duplication,echo-printing	2021	Male,black and white,suit
5431	Empimic - Bittere Welt	2024/03/14/261710449439.webp	double-exposure	2021	black and white
5432	Empimic - Bittere Welt	2024/03/14/261710449471.webp	transition	2021	black and white
5434	Empimic - Bittere Welt	2024/03/14/261710449585.webp	datamosh	2021	black and white
5435	Empimic - Bittere Welt	2024/03/14/261710450466.webp	traditional,profile-shot	2021	black and white
5436	Empimic - Bittere Welt	2024/03/14/261710451925.webp	masking,profile-shot	2021	Male,face,black and white
5437	Empimic - Bittere Welt	2024/03/14/261710452041.webp	datamosh	2021	Male,face,black and white
5438	Empimic - Bittere Welt	2024/03/14/261710452079.webp	cut-ins	2021	Male,face,black and white
5439	Empimic - Bittere Welt	2024/03/14/261710452170.webp	trip,distortions,echo-printing	2021	Male,face,black and white
5440	Empimic - Bittere Welt	2024/03/14/261710452287.webp	profile-shot,silhouette	2021	Male,face,black and white
5441	Empimic - Bittere Welt	2024/03/14/261710452331.webp	double-exposure	2021	Male,face,black and white
5442	Empimic - Bittere Welt	2024/03/14/261710452383.webp	double-exposure	2021	Male,face,black and white
5443	Empimic - Bittere Welt	2024/03/14/261710452434.webp	shaky-cam,tracking	2021	walking,night,black and white,exterior,street,neighborhood
5444	Air Jordan - Rookie Card (Short Film)	2024/03/14/261710452736.webp	dolly-shot	2024	night,exterior,city,street,sodium lights,shop,kid,grafitti
5445	Air Jordan - Rookie Card (Short Film)	2024/03/14/261710453347.webp	epiphany-shot,low-angle	2024	night,exterior,city,street,sodium lights,shop,kid,grafitti
5446	Air Jordan - Rookie Card (Short Film)	2024/03/14/261710453421.webp	close-up,magnification	2024	Male,interior,magnifying glass,old,microscope
5447	Air Jordan - Rookie Card (Short Film)	2024/03/14/261710453488.webp	close-up,product,focal-focus	2024	Male,interior,magnifying glass,old,microscope
5448	Air Jordan - Rookie Card (Short Film)	2024/03/14/261710453654.webp	over-the-shoulder,product	2024	Male,nike,interior,shoes
5449	Air Jordan - Rookie Card (Short Film)	2024/03/14/261710453726.webp	over-the-shoulder	2024	Male,smile,shop,happy
5450	Air Jordan - Rookie Card (Short Film)	2024/03/14/261710453770.webp	over-the-shoulder	2024	Male,store
5451	Air Jordan - Rookie Card (Short Film)	2024/03/14/261710453842.webp	close-up,object-portal,product	2024	close up,nike,shoes
5452	Air Jordan - Rookie Card (Short Film)	2024/03/14/261710453936.webp	locked-on,product,speed-ramping	2024	nike,exterior,shoes,court,jump
5453	Air Jordan - Rookie Card (Short Film)	2024/03/14/261710454020.webp	dolly-shot	2024	stairs,brownstone,new york city,brooklyn,street,sitting,stoop
5454	21 Savage - redrum	2024/03/15/261710488094.webp	transition,typography	2024	London
5455	21 Savage - redrum	2024/03/15/261710488161.webp	fixed-camera	2024	Day,London,taxi
5456	21 Savage - redrum	2024/03/15/261710488205.webp	typography	2024	London,phone booth
5457	21 Savage - redrum	2024/03/15/261710488265.webp	typography	2024	Male,walking,middle finger
5458	21 Savage - redrum	2024/03/15/261710488321.webp	typography	2024	Day,grass,exterior,park,lawn
5459	21 Savage - redrum	2024/03/15/261710488384.webp	fourth-wall,transition,typography	2024	Day,London,exterior,paper tear
5460	21 Savage - redrum	2024/03/15/261710488429.webp	video-portraits	2024	London,group,exterior
5461	21 Savage - redrum	2024/03/15/261710488486.webp	low-angle	2024	London,music video,singing,21 savage,rapping
5462	21 Savage - redrum	2024/03/15/261710488661.webp	pan	2024	London,music video,singing,21 savage,rapping
5463	21 Savage - redrum	2024/03/15/261710488708.webp	flash-cut	2024	London,music video,21 savage,rapping
5464	21 Savage - redrum	2024/03/15/261710488770.webp	low-angle	2024	Day,group,exterior
5465	21 Savage - redrum	2024/03/15/261710488866.webp	focal-shift,focal-focus	2024	Day,car,exterior,21 savage,vehicle,limo
5466	21 Savage - redrum	2024/03/15/261710488984.webp	fixed-camera	2024	blunt,weed,smoking,marijuana
5467	21 Savage - redrum	2024/03/15/261710489079.webp	locked-on,profile-shot	2024	Male,interior,beanie,tunnel
5468	21 Savage - redrum	2024/03/15/261710489145.webp	object-portal	2024	
5469	21 Savage - redrum	2024/03/15/261710489195.webp	screen-in-screen	2024	phone,digital,iphone,screen,mobile
5470	21 Savage - redrum	2024/03/15/261710489266.webp	dutch-angle,jump-cut,speed-ramping	2024	weed,interior,smoking,marijuana
5471	21 Savage - redrum	2024/03/15/261710489331.webp	close-up,dolly-zoom	2024	Male,teeth,grillz,brooklyn
5473	21 Savage - redrum	2024/03/15/261710489398.webp	ground-shot,profile-shot	2024	Male,blunt,Cigarette,smoking,smoke,marijuana
5474	21 Savage - redrum	2024/03/15/261710489509.webp	fixed-camera,jump-cut	2024	hand,arm
5475	21 Savage - redrum	2024/03/15/261710489746.webp	collage,match-split	2024	
5476	21 Savage - redrum	2024/03/15/261710489787.webp	collage,match-split	2024	Male
5477	21 Savage - redrum	2024/03/15/261710489828.webp	close-up,low-angle	2024	Male,21 savage
5478	21 Savage - redrum	2024/03/15/261710489925.webp	shaky-cam,vignette,voyeur	2024	
5479	21 Savage - redrum	2024/03/15/261710489964.webp	shaky-cam,vignette,voyeur	2024	
5480	21 Savage - redrum	2024/03/15/261710490013.webp	high-angle	2024	group,stairs
5481	21 Savage - redrum	2024/03/15/261710490154.webp	quick-cuts	2024	Male,walking,night,exterior
5482	21 Savage - redrum	2024/03/15/261710490198.webp	glitch	2024	
5483	Ken Carson - Fighting My Demons	2024/03/16/261710575422.webp	close-up,void	2023	black and white,teeth,grillz,mouth
5484	Ken Carson - Fighting My Demons	2024/03/16/261710575485.webp	object-portal,void	2023	
5485	Ken Carson - Fighting My Demons	2024/03/16/261710575524.webp	transition,void	2023	
5486	Ken Carson - Fighting My Demons	2024/03/16/261710575579.webp	typography	2023	music video,title card,pixelation,pixel art
5487	Ken Carson - Fighting My Demons	2024/03/16/261710575648.webp	pass-through	2023	door,room
5488	Ken Carson - Fighting My Demons	2024/03/16/261710575723.webp	transition	2023	jewelry,chain,bling
5490	Ken Carson - Fighting My Demons	2024/03/16/261710575801.webp	night-vision,spotlight	2023	Male,light,interior,store
5491	Ken Carson - Fighting My Demons	2024/03/16/261710575854.webp	light-flash,silhouette	2023	Male,strobe
5492	Ken Carson - Fighting My Demons	2024/03/16/261710575953.webp	transformation	2023	Male,face,teeth,grillz
5493	Ken Carson - Fighting My Demons	2024/03/16/261710576023.webp	cut-ins,light-flash	2023	Male,blunt,weed,Cigarette,interior,smoking,marijuana
5494	Ken Carson - Fighting My Demons	2024/03/16/261710576072.webp	distortions	2023	Male,interior,smile
5495	Ken Carson - Fighting My Demons	2024/03/16/261710576125.webp	night-vision	2023	Male
5496	Ken Carson - Fighting My Demons	2024/03/16/261710576179.webp	trip	2023	restaurant,interior
5497	Ken Carson - Fighting My Demons	2024/03/16/261710576246.webp	night-vision	2023	
5498	Ken Carson - Fighting My Demons	2024/03/16/261710576291.webp	silhouette	2023	blunt,weed,Cigarette,smoking,marijuana
5499	Ken Carson - Fighting My Demons	2024/03/16/261710576351.webp	pass-through	2023	
5500	Ken Carson - Fighting My Demons	2024/03/16/261710576454.webp	close-up,zoom-in	2023	X,mouth,drugs,tongue,ecstasy,tab
5501	Ken Carson - Fighting My Demons	2024/03/16/261710576508.webp	trip,distortions,echo-printing,void	2023	woman,distortion
5502	Ken Carson - Fighting My Demons	2024/03/16/261710576620.webp	close-up	2023	woman,gun
5503	Ken Carson - Fighting My Demons	2024/03/16/261710576674.webp	night-vision	2023	eye
5504	Ken Carson - Fighting My Demons	2024/03/16/261710576714.webp	dutch-angle	2023	room
5505	Ken Carson - Fighting My Demons	2024/03/16/261710576786.webp	trip	2023	walking,interior,hallway,man
5506	Ken Carson - Fighting My Demons	2024/03/16/261710576844.webp	floating,light-flash,silhouette,void	2023	Male,strobe
5508	Ken Carson - Fighting My Demons	2024/03/16/261710577001.webp	light-flash,spotlight	2023	blue,interior
5509	Ken Carson - Fighting My Demons	2024/03/16/261710577055.webp	camera-roll	2023	blue,interior,dark,store,lights off
5510	Busta Rhymes - BIG EVERYTHING	2024/03/16/261710577465.webp	close-up,profile-shot,void	2023	Male,face,mouth,busta rhymes
5511	Busta Rhymes - BIG EVERYTHING	2024/03/16/261710577539.webp	surrealism,scale-shift,void	2023	head,busta rhymes,brain
5512	Busta Rhymes - BIG EVERYTHING	2024/03/16/261710577670.webp	surrealism	2023	Male,profile,dogs,busta rhymes
5513	Busta Rhymes - BIG EVERYTHING	2024/03/16/261710577893.webp	double-dolly,stylistic-suck,trucking	2023	suits,busta rhymes
5514	Busta Rhymes - BIG EVERYTHING	2024/03/16/261710577778.webp	stylistic-suck	2023	busta rhymes
5515	Busta Rhymes - BIG EVERYTHING	2024/03/16/261710577819.webp	stylistic-suck	2023	busta rhymes
5516	Busta Rhymes - BIG EVERYTHING	2024/03/16/261710577948.webp	trucking	2023	busta rhymes
5517	Busta Rhymes - BIG EVERYTHING	2024/03/16/261710578008.webp	stylistic-suck	2023	busta rhymes
5518	Busta Rhymes - BIG EVERYTHING	2024/03/16/261710578045.webp	stylistic-suck	2023	busta rhymes
5519	Busta Rhymes - BIG EVERYTHING	2024/03/16/261710578094.webp	stylistic-suck	2023	busta rhymes
5520	Shai Gilgeous-Alexander	2024/03/16/261710578324.webp	collage,mixed-media	2024	Male,sports
5521	Design by Landon Khiry	2024/03/16/261710578377.webp	collage,mixed-media,stylistic-suck	2024	magazine,cover
5522	adidas - Your Future Is Not Mine	2024/03/16/261710610994.webp	dystopian	2016	fire,Hunter Hampton,Matthew Edwards,Jeph Burton,Wes Phelan,Johannes Leonardo
5523	adidas - Your Future Is Not Mine	2024/03/16/261710611098.webp	dystopian,ground-shot,product	2016	shoes,adidas,Hunter Hampton,Matthew Edwards,Jeph Burton,Wes Phelan,Johannes Leonardo,dystopian
5524	adidas - Your Future Is Not Mine	2024/03/16/261710611247.webp	dystopian,slow-motion	2016	Male,adidas,Hunter Hampton,Matthew Edwards,Jeph Burton,Wes Phelan,Johannes Leonardo,dystopian,falcon
5526	adidas - Your Future Is Not Mine	2024/03/16/261710611318.webp	dystopian,tracking	2016	Male,adidas,Hunter Hampton,Matthew Edwards,Jeph Burton,Wes Phelan,Johannes Leonardo,dystopian
5527	adidas - Your Future Is Not Mine	2024/03/16/261710611355.webp	silhouette,tracking	2016	Male,hallway,adidas,tunnel,Hunter Hampton,Matthew Edwards,Jeph Burton,Wes Phelan,Johannes Leonardo
5528	adidas - Your Future Is Not Mine	2024/03/16/261710611417.webp	close-up,dystopian,slow-motion	2016	suit,smoke,fog,adidas,mask,Hunter Hampton,Matthew Edwards,Jeph Burton,Wes Phelan,Johannes Leonardo,gas mask,hazmat
5529	adidas - Your Future Is Not Mine	2024/03/16/261710611479.webp	central-framing	2016	woman,car,racing,garage,drifting,Hunter Hampton,Matthew Edwards,Jeph Burton,Wes Phelan,Johannes Leonardo
5530	adidas - Your Future Is Not Mine	2024/03/16/261710611523.webp	fixed-camera	2016	car,racing,pink,smoke,vehicle,garage,drifting,Hunter Hampton,Matthew Edwards,Jeph Burton,Wes Phelan,Johannes Leonardo
5531	adidas - Your Future Is Not Mine	2024/03/16/261710611586.webp	dystopian,wide-shot	2016	water,walking,neon,wet,tunnel,Hunter Hampton,Matthew Edwards,Jeph Burton,Wes Phelan,Johannes Leonardo,sewer,darkness,underground
5532	adidas - Your Future Is Not Mine	2024/03/16/261710611630.webp	ground-shot,product,slow-motion	2016	water,walking,shoes,neon,wet,adidas,tunnel,Hunter Hampton,Matthew Edwards,Jeph Burton,Wes Phelan,Johannes Leonardo,sewer,darkness,underground
5533	adidas - Your Future Is Not Mine	2024/03/16/261710611687.webp	central-framing,dystopian,ground-shot,product,tracking	2016	walking,interior,shoes,hallway,adidas,tunnel,Hunter Hampton,Matthew Edwards,Jeph Burton,Wes Phelan,Johannes Leonardo
5534	adidas - Your Future Is Not Mine	2024/03/16/261710611776.webp	tracking	2016	walking,night,neon,adidas,street,Hunter Hampton,Matthew Edwards,Jeph Burton,Wes Phelan,Johannes Leonardo,vendors,market
5535	adidas - Your Future Is Not Mine	2024/03/16/261710611833.webp	dystopian,slow-motion,tracking	2016	hallway,adidas,Hunter Hampton,Matthew Edwards,Jeph Burton,Wes Phelan,Johannes Leonardo
5536	adidas - Your Future Is Not Mine	2024/03/16/261710611880.webp	dystopian,slow-motion	2016	shower,adidas,Hunter Hampton,Matthew Edwards,Jeph Burton,Wes Phelan,Johannes Leonardo,vr headset
5537	adidas - Your Future Is Not Mine	2024/03/16/261710611949.webp	dystopian,silhouette,tracking	2016	woman,blue,interior,hallway,fog,haze,Hunter Hampton,Matthew Edwards,Jeph Burton,Wes Phelan,Johannes Leonardo,dim
5538	adidas - Your Future Is Not Mine	2024/03/16/261710612020.webp	dystopian	2016	Hunter Hampton,Matthew Edwards,Jeph Burton,Wes Phelan,Johannes Leonardo
5539	adidas - Your Future Is Not Mine	2024/03/16/261710612062.webp	dystopian,spotlight	2016	interior,train,subway,Hunter Hampton,Matthew Edwards,Jeph Burton,Wes Phelan,Johannes Leonardo,dim
5540	adidas - Your Future Is Not Mine	2024/03/16/261710612106.webp	dystopian	2016	Hunter Hampton,Matthew Edwards,Jeph Burton,Wes Phelan,Johannes Leonardo
5541	adidas - Your Future Is Not Mine	2024/03/16/261710612171.webp	dystopian	2016	woman,interior,Hunter Hampton,Matthew Edwards,Jeph Burton,Wes Phelan,Johannes Leonardo,selfie stick
5542	adidas - Your Future Is Not Mine	2024/03/16/261710612218.webp	ground-shot,product,tracking	2016	walking,shoes,adidas,Hunter Hampton,Matthew Edwards,Jeph Burton,Wes Phelan,Johannes Leonardo
5543	adidas - Your Future Is Not Mine	2024/03/16/261710612324.webp	tracking	2016	walking,adidas,Hunter Hampton,Matthew Edwards,Jeph Burton,Wes Phelan,Johannes Leonardo
5544	adidas - Your Future Is Not Mine	2024/03/16/261710612373.webp	object-portal,tracking	2016	Day,walking,group,exterior,adidas,Hunter Hampton,Matthew Edwards,Jeph Burton,Wes Phelan,Johannes Leonardo
5545	adidas - Your Future Is Not Mine	2024/03/16/261710612513.webp	dolly-shot,object-portal	2016	Day,walking,group,exterior,adidas,Hunter Hampton,Matthew Edwards,Jeph Burton,Wes Phelan,Johannes Leonardo
5546	Flatbush ZOMBiES - Afterlife	2024/03/17/261710661342.webp	x-ray,void	2020	wide,funeral,coffin
5547	Flatbush ZOMBiES - Afterlife	2024/03/17/261710661484.webp	wandering,x-ray,void	2020	Male,gun
5548	Flatbush ZOMBiES - Afterlife	2024/03/17/261710661589.webp	x-ray,void	2020	bullet,gun
5549	Flatbush ZOMBiES - Afterlife	2024/03/17/261710661655.webp	close-up,x-ray,void	2020	Male,gun
5550	Flatbush ZOMBiES - Afterlife	2024/03/17/261710661746.webp	slow-motion,x-ray,void	2020	walking,boots,briefcase
5551	Flatbush ZOMBiES - Afterlife	2024/03/17/261710661828.webp	x-ray,void	2020	Male,face,skeleton,playing cards
5552	Flatbush ZOMBiES - Afterlife	2024/03/17/261710661873.webp	x-ray,void	2020	woman,face,skeleton,legs,fishnet
5553	Flatbush ZOMBiES - Afterlife	2024/03/17/261710661960.webp	x-ray,void	2020	woman,face,skeleton,legs,stripper,pole dancing
5554	Flatbush ZOMBiES - Afterlife	2024/03/17/261710662060.webp	x-ray,void	2020	woman,face,skeleton,legs,stripper,pole dancing,shaking,ass
5555	Flatbush ZOMBiES - Afterlife	2024/03/17/261710662117.webp	x-ray,void	2020	woman,skeleton,stripper,pole dancing
5556	Flatbush ZOMBiES - Afterlife	2024/03/17/261710662180.webp	x-ray,void	2020	kissing,couple,skeleton
5557	Flatbush ZOMBiES - Afterlife	2024/03/17/261710662239.webp	x-ray,void	2020	Male,drinking,skeleton
5558	Flatbush ZOMBiES - Afterlife	2024/03/17/261710662284.webp	x-ray,void	2020	Male,vehicle,skeleton,atv
5559	Flatbush ZOMBiES - Afterlife	2024/03/17/261710662333.webp	pixel-art,x-ray	2020	woman,couple,sex
5560	Flatbush ZOMBiES - Afterlife	2024/03/17/261710662420.webp	pixel-art,x-ray	2020	car,driving,vehicle
5561	Flatbush ZOMBiES - Afterlife	2024/03/17/261710662472.webp	x-ray,void	2020	mic,press conference,interview
5562	Flatbush ZOMBiES - Afterlife	2024/03/17/261710662512.webp	close-up,x-ray,void	2020	mic,press conference,interview
5563	Flatbush ZOMBiES - Afterlife	2024/03/17/261710662562.webp	x-ray	2020	smoking,void,marijuana,bong
5564	Flatbush ZOMBiES - Afterlife	2024/03/17/261710662600.webp	x-ray	2020	bullet,gun,man
5565	Flatbush ZOMBiES - Afterlife	2024/03/17/261710662688.webp	x-ray	2020	woman,skeleton,pregnant
5566	Noah	2024/03/17/261710663737.webp	undercranking	2014	nature,growing
5567	Noah	2024/03/17/261710663839.webp	undercranking,surrealism	2014	nature,growing
5568	Noah	2024/03/17/261710663903.webp	undercranking,surrealism	2014	nature,growing
5569	Noah	2024/03/17/261710664040.webp	undercranking	2014	nature,growing
5570	Noah	2024/03/17/261710664101.webp	flash-cut,undercranking	2014	water,nature,river,growing
5571	Noah	2024/03/17/261710664164.webp	aerial,tracking	2014	aerial,dove
5572	Source unknown	2024/03/18/261710750777.webp	echo-printing		sword,Samurai
5573	bambous Merci	2024/03/18/261710751075.webp	slit-scan		hands,bamboo
5574	Sylo - Fall Into Me	2024/03/18/261710751319.webp	pixel-art	2024	exterior,garage,pixels
5575	Sylo - Fall Into Me	2024/03/18/261710751361.webp	high-angle	2024	interior,chair,circle,meeting,aaa meeting
5576	Sylo - Fall Into Me	2024/03/18/261710751474.webp	falling,stylistic-suck	2024	clouds,falling
5577	Sylo - Fall Into Me	2024/03/18/261710751525.webp	stylistic-suck	2024	Male,driving
5578	Solomon shoes animation	2024/03/18/261710751786.webp	product,typography	2024	shoes
5579	Solomon shoes animation	2024/03/18/261710751838.webp	traditional,product	2024	shoes,lime green
5580	X-Men: Days of Future Past	2024/03/18/261710752501.webp	transformation	2014	woman,blue,jennifer lawrence
5581	An American Werewolf in London	2024/03/18/261710752644.webp	transformation	1981	werewolf
5582	Source unknown	2024/03/18/261710752846.webp	transformation		
5583	Source unknown	2024/03/18/261710752932.webp	echo-printing		black and white
5584	Source unknown	2024/03/18/261710752955.webp	silhouette		
5586	Source unknown	2024/03/18/261710753143.webp	epiphany-shot		
5587	Dillon Francis, Good Times Ahead - LA On Acid	2024/03/19/261710824364.webp	wide-shot	2023	car,night,street light
5588	Dillon Francis, Good Times Ahead - LA On Acid	2024/03/19/261710824433.webp	high-angle,two-shot	2023	Male,car,driving,interior
5589	Dillon Francis, Good Times Ahead - LA On Acid	2024/03/19/261710824529.webp	object-portal,pass-through,typography	2023	Red,title,mouth,object pov
5590	Dillon Francis, Good Times Ahead - LA On Acid	2024/03/19/261710824596.webp	cut-ins	2023	Male,mirror
5591	Dillon Francis, Good Times Ahead - LA On Acid	2024/03/19/261710824689.webp	first-person-pov,whip-pan	2023	restaurant,interior,waitress
5592	Dillon Francis, Good Times Ahead - LA On Acid	2024/03/19/261710824754.webp	double-dolly,epiphany-shot	2023	Male,epiphany
5593	Dillon Francis, Good Times Ahead - LA On Acid	2024/03/19/261710824817.webp	focal-focus	2023	Male,water,restaurant,fish tank,fish
5594	Dillon Francis, Good Times Ahead - LA On Acid	2024/03/19/261710824876.webp	dutch-angle,first-person-pov	2023	woman,restaurant,eating,table,old
5595	Dillon Francis, Good Times Ahead - LA On Acid	2024/03/19/261710824977.webp	lazy-susan	2023	restaurant,interior,table
5596	Dillon Francis, Good Times Ahead - LA On Acid	2024/03/19/261710825072.webp	lazy-susan	2023	restaurant,interior,table
5597	Dillon Francis, Good Times Ahead - LA On Acid	2024/03/19/261710825140.webp	video-portraits	2023	blue,interior,group,kitchen
5598	Dillon Francis, Good Times Ahead - LA On Acid	2024/03/19/261710825196.webp	dolly-zoom,epiphany-shot	2023	blue,interior
5600	Dillon Francis, Good Times Ahead - LA On Acid	2024/03/19/261710825341.webp	trip	2023	Male,drugs,molly,acid
5601	Dillon Francis, Good Times Ahead - LA On Acid	2024/03/19/261710825397.webp	anthropomorphism	2023	dinner,food,fish,acid
5602	Dillon Francis, Good Times Ahead - LA On Acid	2024/03/19/261710825463.webp	surrealism,object-portal	2023	Male,restaurant,dinner,mouth,fish,sex,acid,peanuts
5603	Dillon Francis, Good Times Ahead - LA On Acid	2024/03/19/261710825525.webp	as-object	2023	restaurant,interior,mirror,teeth,mouth,sex,peanuts
5604	Dillon Francis, Good Times Ahead - LA On Acid	2024/03/19/261710825597.webp	locked-on,reflections	2023	restaurant,interior,mirror,mouth
5605	Dillon Francis, Good Times Ahead - LA On Acid	2024/03/19/261710825676.webp	floating	2023	shoes
5606	Dillon Francis, Good Times Ahead - LA On Acid	2024/03/19/261710825779.webp	anthropomorphism,floating	2023	restaurant,goose
5607	Dillon Francis, Good Times Ahead - LA On Acid	2024/03/19/261710825914.webp	camera-roll,overhead	2023	restaurant,interior,table
5609	Dillon Francis, Good Times Ahead - LA On Acid	2024/03/19/261710826036.webp	first-person-pov,halation,low-angle	2023	woman,restaurant,interior,waitress
5610	Dillon Francis, Good Times Ahead - LA On Acid	2024/03/19/261710826123.webp	dutch-angle,match-cut	2023	restaurant,interior,table
5611	Dillon Francis, Good Times Ahead - LA On Acid	2024/03/19/261710826182.webp	fixed-camera,locked-on	2023	interior,kitchen,knife,fish,chef,cook
5612	Dillon Francis, Good Times Ahead - LA On Acid	2024/03/19/261710826254.webp	tracking	2023	Male,shrimp
5614	Dillon Francis, Good Times Ahead - LA On Acid	2024/03/19/261710826386.webp	transformation	2023	woman,restaurant,interior,waitress
5615	Dillon Francis, Good Times Ahead - LA On Acid	2024/03/19/261710826453.webp	as-object	2023	night,blue,dusk,exterior,teeth,mouth,evening
5616	Dillon Francis, Good Times Ahead - LA On Acid	2024/03/19/261710826600.webp	floating,low-angle	2023	Male,night,blue,dusk,exterior,evening
5617	Dillon Francis, Good Times Ahead - LA On Acid	2024/03/19/261710826646.webp	floating,low-angle,wide-shot	2023	Male,night,blue,dusk,exterior,evening
5618	Dillon Francis, Good Times Ahead - LA On Acid	2024/03/19/261710826687.webp	floating,worms-eye,wide-shot	2023	Male,night,blue,dusk,exterior,evening
5619	Dillon Francis, Good Times Ahead - LA On Acid	2024/03/19/261710826883.webp	dolly-shot,focal-focus	2023	Male,fish tank,bowl
5620	Dillon Francis, Good Times Ahead - LA On Acid	2024/03/19/261710827031.webp	low-angle	2023	restaurant,interior
5621	Dillon Francis, Good Times Ahead - LA On Acid	2024/03/19/261710827122.webp	typography,underwater,worms-eye	2023	water,restaurant,interior,kitchen,pot
5622	Evan Williams - Bring the Flavor	2024/03/19/261710829604.webp	product,split-screen	2024	fruit,alcohol,liquor,bourbon
5623	Evan Williams - Bring the Flavor	2024/03/19/261710829722.webp	product,transition	2024	apple,fruit,alcohol,liquor,bourbon,peach
5624	Evan Williams - Bring the Flavor	2024/03/19/261710829782.webp	product,transition	2024	apple,fruit,alcohol,honey,liquor,bourbon
5625	Evan Williams - Bring the Flavor	2024/03/19/261710829832.webp	surrealism,product	2024	apple,fruit,alcohol,tree,liquor,bourbon
5626	Aritzia - Sweatfleece	2024/03/19/261710830412.webp	glitch	2024	studio,fast motion
5627	Aritzia - Sweatfleece	2024/03/19/261710830468.webp	undercranking,motion-blur	2024	interior,studio,photography,model
5628	Aritzia - Sweatfleece	2024/03/19/261710830498.webp	undercranking,motion-blur	2024	interior,studio,photography,model
5629	Aritzia - Sweatfleece	2024/03/19/261710830527.webp	video-portraits	2024	interior,studio,photography,model
5630	Oppo - Make Every Shot Stand Out	2024/03/19/261710831441.webp	reflections	2024	interior,barber shop
5631	Oppo - Make Every Shot Stand Out	2024/03/19/261710831500.webp	screen-in-screen	2024	interior,instagram,hand,phone,swiping
5633	Oppo - Make Every Shot Stand Out	2024/03/19/261710831605.webp	low-angle,pan,ultra-wide-zero-d	2024	woman,interior,barbershop
5634	Oppo - Make Every Shot Stand Out	2024/03/19/261710831657.webp	trucking	2024	woman,walking,exterior
5635	Oppo - Make Every Shot Stand Out	2024/03/19/261710831840.webp	focal-shift,trucking	2024	woman,walking,interior,kid,cake,birthday
5636	Oppo - Make Every Shot Stand Out	2024/03/19/261710831973.webp	focal-shift,whip-pan	2024	Day,exterior,fairground
5637	Oppo - Make Every Shot Stand Out	2024/03/19/261710832128.webp	close-up,fixed-camera,screen-in-screen	2024	walking,exterior,instagram,phone,swipe
5638	Oppo - Make Every Shot Stand Out	2024/03/19/261710832179.webp	digital-overlay,as-object	2024	woman
5639	Oppo - Make Every Shot Stand Out	2024/03/19/261710832490.webp	close-up,screen-in-screen	2024	phone,digital,iphone,screen
5640	Oppo - Make Every Shot Stand Out	2024/03/19/261710832578.webp	wide-shot	2024	Day,road,exterior,highway
5641	Oppo - Make Every Shot Stand Out	2024/03/19/261710832652.webp	high-angle,ultra-wide-zero-d	2024	Day,restaurant,interior,fan,ceiling
5642	Oppo - Make Every Shot Stand Out	2024/03/19/261710832728.webp	echo-printing	2024	Day,woman,restaurant,interior,taking picture
5643	Oppo - Make Every Shot Stand Out	2024/03/19/261710832802.webp	undercranking	2024	interior,hand,phone
5644	Oppo - Make Every Shot Stand Out	2024/03/19/261710832875.webp	close-up,undercranking,motion-blur	2024	interior,hand,phone
5645	Oppo - Make Every Shot Stand Out	2024/03/19/261710832897.webp	screen-in-screen	2024	interior,hand,phone
5646	Oppo - Make Every Shot Stand Out	2024/03/19/261710832950.webp	focal-shift,typography	2024	woman,restaurant,interior,kitchen
5647	Oppo - Make Every Shot Stand Out	2024/03/19/261710833003.webp	pan,ultra-wide-zero-d	2024	Day,woman,walking,exterior
5648	Oppo - Make Every Shot Stand Out	2024/03/19/261710833047.webp	dolly-shot,reflections	2024	Day,car,mirror,exterior
5649	Oppo - Make Every Shot Stand Out	2024/03/19/261710833091.webp	pan	2024	Day,woman,walking,exterior
5650	Oppo - Make Every Shot Stand Out	2024/03/19/261710833136.webp	close-up,screen-in-screen	2024	hand,phone,camera,taking picture
5651	Oppo - Make Every Shot Stand Out	2024/03/19/261710833170.webp	low-angle	2024	Day,woman,exterior,phone
5652	Source unknown	2024/03/19/261710833904.webp	morphing,transformation		Male,blue
5653	Usher, H.E.R. - Risk It All	2024/03/20/261710975977.webp	lazy-susan,typography	2024	usher
5654	Usher, H.E.R. - Risk It All	2024/03/20/261710976637.webp	echo-printing,lazy-susan,motion-blur,speed-ramping	2024	dancing,sensual,usher,underwear,suggestive,boxers
5655	Usher, H.E.R. - Risk It All	2024/03/20/261710976682.webp	echo-printing,lazy-susan,motion-blur,speed-ramping	2024	dancing,sensual,usher,underwear,suggestive,boxers
5656	Usher, H.E.R. - Risk It All	2024/03/20/261710976709.webp	echo-printing,lazy-susan,motion-blur,speed-ramping	2024	dancing,sensual,usher,underwear,suggestive,boxers
5657	Usher, H.E.R. - Risk It All	2024/03/20/261710976770.webp	high-angle,wide-shot	2024	dancing,sensual,usher,underwear,suggestive,boxers
5658	Usher, H.E.R. - Risk It All	2024/03/20/261710977026.webp	duplication	2024	dancing,sensual,usher,underwear,suggestive,boxers
5659	Usher, H.E.R. - Risk It All	2024/03/20/261710977146.webp	camera-roll,overhead	2024	dancing,sensual,usher,underwear,suggestive,boxers
5660	Usher, H.E.R. - Risk It All	2024/03/20/261710977189.webp	close-up	2024	sensual,usher,underwear,suggestive
5661	Asics - Making Weight	2024/03/21/261711003907.webp	close-up	2023	Male,sports,athlete,wrestling,wrestler
5662	Asics - Making Weight	2024/03/21/261711003978.webp	low-angle	2023	Male,shirtless,sports,sweat,athlete,skin,back
5663	Asics - Making Weight	2024/03/21/261711004029.webp	close-up	2023	weight,scale
5664	Asics - Making Weight	2024/03/21/261711004119.webp	over-the-shoulder,focal-focus	2023	Male,coach,interior,weight,scale
5665	Asics - Making Weight	2024/03/21/261711004154.webp	close-up,focal-focus	2023	hand,weight,scale
5666	Asics - Making Weight	2024/03/21/261711004206.webp	wide-shot	2023	interior,athlete,workout,gym
5667	Asics - Making Weight	2024/03/21/261711004268.webp	profile-shot,silhouette	2023	Male,interior,athlete,workout,gym
5668	Asics - Making Weight	2024/03/21/261711004332.webp	silhouette,wide-shot	2023	sports,interior,athlete,gym,wrestling
5669	Asics - Making Weight	2024/03/21/261711004397.webp	tracking	2023	Male,running,night,dusk,sunset,athlete,jogging,evening,parking lot,sweats
5670	Asics - Making Weight	2024/03/21/261711004455.webp	ground-shot	2023	sports,interior,athlete,jump rope
5671	Asics - Making Weight	2024/03/21/261711004499.webp	central-framing	2023	Male,sports,athlete,jump rope
5672	Asics - Making Weight	2024/03/21/261711004545.webp	focal-focus	2023	Male,coach,sports,athlete,jump rope,jumping,wrestling
5673	Asics - Making Weight	2024/03/21/261711004583.webp	close-up	2023	Male,coach,interior,school
5674	Asics - Making Weight	2024/03/21/261711004680.webp	tilt,ultra-wide-zero-d,wide-shot	2023	Male,sports,interior,athlete,gym
5675	Asics - Making Weight	2024/03/21/261711004729.webp	silhouette,wide-shot	2023	Male,sports,interior,athlete,gym
5676	Asics - Making Weight	2024/03/21/261711004780.webp	close-up	2023	Male,sports,sweat,athlete,working out
5677	Asics - Making Weight	2024/03/21/261711004841.webp	spotlight,wide-shot	2023	spin,hallway,school,working out,bicycle
5678	Asics - Making Weight	2024/03/21/261711004881.webp	close-up	2023	hand,athlete,massage
5679	Aminé - Charmander	2024/03/21/261711005517.webp	pass-through,typography	2021	green,forest,nature,portland,oregon
5680	Aminé - Charmander	2024/03/21/261711005578.webp	pass-through	2021	green,forest,nature,portland,oregon
5681	Aminé - Charmander	2024/03/21/261711005698.webp	scale-shift	2021	Day,nature,grass,home,reading,dog,backyard,amine
5682	Aminé - Charmander	2024/03/21/261711005766.webp	undercranking,high-angle	2021	chess,interior,living room,couch,amine
5683	Aminé - Charmander	2024/03/21/261711005868.webp	undercranking,pan	2021	green,forest,nature,exterior,rain,wet,portland,oregon
5684	Aminé - Charmander	2024/03/21/261711005953.webp	undercranking	2021	woman,interior,sweat,treadmill,working out
5685	Aminé - Charmander	2024/03/21/261711006010.webp	undercranking,speed-ramping,two-shot	2021	interior,two shot,sweat,garage,working out
5686	Aminé - Charmander	2024/03/21/261711006059.webp	scale-shift	2021	Day,nature,exterior,dog,backyard
5687	Aminé - Charmander	2024/03/21/261711051831.webp	zoom-in	2021	Male,forest,house,portland,oregon,deck
5688	Aminé - Charmander	2024/03/21/261711051920.webp	dolly-zoom,split-screen	2021	Male,woman,music video,house,interior,portland,oregon
5689	Aminé - Charmander	2024/03/21/261711051998.webp	locked-on,wide-shot	2021	Male,forest,dancing,bridge,exterior,portland,oregon
5690	Aminé - Charmander	2024/03/22/261711139179.webp	central-framing,undercranking	2021	music video,house,interior,living room,amine
5691	Aminé - Charmander	2024/03/22/261711139246.webp	undercranking,zoom-in	2021	green,forest,nature,bridge,exterior,portland,oregon
5692	Aminé - Charmander	2024/03/22/261711139486.webp	trucking	2021	Day,Male,overcast,cloudy,biking,neighborhood,bicycle,biker,portland
5693	Aminé - Charmander	2024/03/22/261711139547.webp	trucking	2021	Male,exterior,backyard,portland,oregon,deck,firewood
5694	Aminé - Charmander	2024/03/22/261711139607.webp	trip,fisheye	2021	Male,exterior,door,dilated
5695	Aminé - Charmander	2024/03/22/261711139692.webp	dolly-zoom	2021	car,exterior,vehicle,mechanic,driveway,portland,oregon
5696	Aminé - Charmander	2024/03/22/261711139747.webp	fisheye,undercranking,two-shot	2021	chess,house,interior,couple,home,living room
5697	Aminé - Charmander	2024/03/22/261711139789.webp	scale-shift	2021	interior,couple,kitchen,dog
5698	Aminé - Charmander	2024/03/22/261711139868.webp	fisheye	2021	Male,camera,front door
5699	Aminé - Charmander	2024/03/22/261711139937.webp	undercranking	2021	interior,home,kitchen,cooking,knife,carrots,vegetables
5700	Aminé - Charmander	2024/03/22/261711140017.webp	trip,close-up,fisheye	2021	Male,exterior,door,fire,flame,lighter
5701	Aminé - Charmander	2024/03/22/261711140107.webp	fisheye,undercranking	2021	Male,interior,stairs,magnification
5702	Aminé - Charmander	2024/03/22/261711140187.webp	probe-lens	2021	Male,exterior,flowers,garden
5703	Aminé - Charmander	2024/03/22/261711140290.webp	pixel-art,overhead,scale-shift	2021	Day,dog,lawn,backyard,portland,oregon
5704	Aminé - Charmander	2024/03/22/261711140348.webp	fisheye,typography	2021	interior,typography,living room,dog
5705	Downtown Kayoto - Came Thru	2024/03/22/261711140750.webp	cut-ins,overhead	2024	vintage,overhead,camera,single-lens reflex camera
5706	Downtown Kayoto - Came Thru	2024/03/22/261711140795.webp	typography	2024	Red,title card
5707	Downtown Kayoto - Came Thru	2024/03/22/261711140861.webp	close-up,cut-ins,profile-shot,void	2024	Male,singing,microphone
5708	Downtown Kayoto - Came Thru	2024/03/22/261711140969.webp	choreo,zoom-in	2024	spotlight,void,dancers
5709	Downtown Kayoto - Came Thru	2024/03/22/261711141071.webp	choreo,spotlight,void	2024	spotlight,void,dancers
5710	Downtown Kayoto - Came Thru	2024/03/22/261711141114.webp	choreo,shaky-cam,spotlight,void	2024	spotlight,void,dancers
5711	Downtown Kayoto - Came Thru	2024/03/22/261711141165.webp	choreo,locked-on,spotlight,void	2024	group,dancers
5712	Downtown Kayoto - Came Thru	2024/03/22/261711141242.webp	locked-on,profile-shot	2024	Male,singing,microphone
5713	Downtown Kayoto - Came Thru	2024/03/22/261711142744.webp	fixed-camera,as-object	2024	arm
5714	Downtown Kayoto - Came Thru	2024/03/22/261711141694.webp	choreo,locked-on	2024	woman,dancing,breakdance
5715	Downtown Kayoto - Came Thru	2024/03/22/261711141770.webp	fixed-camera,ground-shot	2024	bike,exterior,street,biking,bicycle
5716	Downtown Kayoto - Came Thru	2024/03/22/261711141851.webp	close-up,profile-shot,void	2024	Male,sweat,void
5717	Downtown Kayoto - Came Thru	2024/03/22/261711141912.webp	choreo,shaky-cam,zoom-in	2024	void,dance
5718	Downtown Kayoto - Came Thru	2024/03/22/261711142555.webp	quick-cuts	2024	woman
5719	Downtown Kayoto - Came Thru	2024/03/22/261711142597.webp	jump-cut	2024	Male,profile,singing
5720	Downtown Kayoto - Came Thru	2024/03/22/261711142676.webp	choreo,locked-on,match-motion	2024	dance
5721	Downtown Kayoto - Came Thru	2024/03/22/261711142830.webp	flash-cut,match-cut,vhs	2024	sky,bird
5722	Downtown Kayoto - Came Thru	2024/03/22/261711142901.webp	typography	2024	
5723	adidas - Original is Never Finished (Chapter 3)	2024/03/24/261711245741.webp	camera-roll,central-framing	2017	interior,purple,neon,21 savage
5724	adidas - Original is Never Finished (Chapter 3)	2024/03/24/261711245792.webp	surrealism	2017	smoke,fog,lab,pod,kendall jenner
5725	adidas - Original is Never Finished (Chapter 3)	2024/03/24/261711245843.webp	spotlight,void	2017	hot tub,james harden
5726	adidas - Original is Never Finished (Chapter 3)	2024/03/24/261711245890.webp	tilt,video-portraits	2017	gold,interior,jewelry,snake,royal
5727	adidas - Original is Never Finished (Chapter 3)	2024/03/24/261711245935.webp	video-portraits	2017	woman,exterior,desert
5728	adidas - Original is Never Finished (Chapter 3)	2024/03/24/261711246026.webp	overhead,slow-motion	2017	shirtless,ice bath,james harden
5729	adidas - Original is Never Finished (Chapter 3)	2024/03/24/261711246085.webp	fourth-wall	2017	kick,kicking camera
5730	adidas - Original is Never Finished (Chapter 3)	2024/03/24/261711246199.webp	reflections	2017	adidas,basketball,james harden
5731	adidas - Original is Never Finished (Chapter 3)	2024/03/24/261711246261.webp	light-flash,surrealism	2017	hands,surrealism,21 savage,gloves
5732	adidas - Original is Never Finished (Chapter 3)	2024/03/24/261711246407.webp	match-cut	2017	
5733	Audrey Nuna - Cellulite	2024/03/24/261711246782.webp	pass-through,photogrammetry	2023	car,exterior
5734	Audrey Nuna - Cellulite	2024/03/24/261711246896.webp	photogrammetry	2023	car,exterior
5735	Audrey Nuna - Cellulite	2024/03/24/261711246949.webp	typography	2023	
5736	Audrey Nuna - Cellulite	2024/03/24/261711247053.webp	camera-roll,close-up	2023	woman,teeth,grillz,mouth,jewelry
5737	Audrey Nuna - Cellulite	2024/03/24/261711247140.webp	falling	2023	woman,music video,singing,skyscraper
5738	Audrey Nuna - Cellulite	2024/03/24/261711247220.webp	camera-roll,spotlight	2023	woman,music video,night,exterior,singing
5739	Audrey Nuna - Cellulite	2024/03/24/261711247315.webp	undercranking	2023	woman,music video,night,exterior
5740	Audrey Nuna - Cellulite	2024/03/24/261711247452.webp	bolt-cam	2023	woman,music video,dusk,exterior
5741	Audrey Nuna - Cellulite	2024/03/24/261711247530.webp	camera-roll	2023	woman,music video,night,exterior
5742	Audrey Nuna - Cellulite	2024/03/24/261711247574.webp	collage	2023	
5743	Danny Brown - Y.B.P.	2024/03/24/261711248320.webp	typography	2024	
5744	Danny Brown - Y.B.P.	2024/03/24/261711248410.webp	scale-shift,stop-motion	2024	music video,interior
5745	Danny Brown - Y.B.P.	2024/03/24/261711248476.webp	scale-shift,stop-motion	2024	music video,interior
5746	Danny Brown - Y.B.P.	2024/03/24/261711248552.webp	stop-motion	2024	music video,wildposting
5747	Danny Brown - Y.B.P.	2024/03/24/261711248634.webp	focal-focus,stop-motion	2024	Male,motorcycle,biker
5748	Danny Brown - Y.B.P.	2024/03/24/261711248701.webp	focal-shift,focal-focus,stop-motion	2024	car,fast food,night,burger,drive-thru
5749	Danny Brown - Y.B.P.	2024/03/24/261711248796.webp	mixed-media,stop-motion	2024	car,driving
5750	Danny Brown - Y.B.P.	2024/03/24/261711248861.webp	stop-motion	2024	fast food,interior,burger
5751	Danny Brown - Y.B.P.	2024/03/24/261711248909.webp	stop-motion	2024	fast food,interior,robbery
5752	Danny Brown - Y.B.P.	2024/03/24/261711248944.webp	mixed-media,stop-motion	2024	car,vehicle,driver
5753	Danny Brown - Y.B.P.	2024/03/24/261711249004.webp	focal-focus,stop-motion	2024	interior,cash,gun,robbery
5754	Danny Brown - Y.B.P.	2024/03/24/261711249065.webp	stop-motion	2024	robbery
5755	Danny Brown - Y.B.P.	2024/03/24/261711249114.webp	stop-motion	2024	car,fast food,restaurant,night,burger,vehicle,robbery,getaway
5756	Danny Brown - Y.B.P.	2024/03/24/261711249222.webp	model,fixed-camera,scale-shift,stop-motion	2024	car,vehicle
5757	Danny Brown - Y.B.P.	2024/03/24/261711249284.webp	model,scale-shift,stop-motion	2024	car,night,vehicle,cops,police chase
5758	KYLE - iSpy feat. Lil Yachty	2024/03/24/261711250110.webp	typography	2017	
5759	KYLE - iSpy feat. Lil Yachty	2024/03/24/261711250187.webp	central-framing,scale-shift,two-shot	2017	beach,kids,play
5760	KYLE - iSpy feat. Lil Yachty	2024/03/24/261711250281.webp	central-framing,surrealism,two-shot	2017	beach,kids,play
5761	KYLE - iSpy feat. Lil Yachty	2024/03/24/261711250361.webp	surrealism	2017	beach,ocean,mermaid
5762	KYLE - iSpy feat. Lil Yachty	2024/03/24/261711250432.webp	surrealism,scale-shift	2017	Male,beach,piano
5763	KYLE - iSpy feat. Lil Yachty	2024/03/24/261711250476.webp	central-framing,surrealism,scale-shift,two-shot	2017	beach,kids,play
5764	KYLE - iSpy feat. Lil Yachty	2024/03/24/261711250582.webp	central-framing,dolly-shot,surrealism,scale-shift	2017	Male,beach,sand,play
5765	KYLE - iSpy feat. Lil Yachty	2024/03/24/261711250640.webp	central-framing,surrealism,scale-shift,two-shot	2017	Male,beach,lifeguard
5766	KYLE - iSpy feat. Lil Yachty	2024/03/24/261711250745.webp	central-framing,fixed-camera,scale-shift,wide-shot	2017	Day,beach,exterior,kids,seesaw
5767	KYLE - iSpy feat. Lil Yachty	2024/03/24/261711250786.webp	central-framing,fixed-camera,wide-shot	2017	Day,beach,exterior,kids,seesaw
5768	KYLE - iSpy feat. Lil Yachty	2024/03/24/261711250865.webp	central-framing,epiphany-shot	2017	woman,beach
5769	KYLE - iSpy feat. Lil Yachty	2024/03/24/261711250932.webp	close-up,reflections	2017	woman,beach,sunglasses,bikini
5770	KYLE - iSpy feat. Lil Yachty	2024/03/24/261711250993.webp	close-up,profile-shot,slow-motion	2017	Day,woman,beach,ocean,seductive,summer
5771	KYLE - iSpy feat. Lil Yachty	2024/03/24/261711251068.webp	distortions	2017	Day,woman,beach,ocean,seductive,summer
5772	KYLE - iSpy feat. Lil Yachty	2024/03/24/261711251121.webp	trip,distortions	2017	Day,woman,beach,ocean,seductive,summer
5773	KYLE - iSpy feat. Lil Yachty	2024/03/24/261711251184.webp	profile-shot,scale-shift	2017	woman,beach,hot dog
5775	KYLE - iSpy feat. Lil Yachty	2024/03/24/261711251411.webp	surrealism,scale-shift,trucking	2017	beach,walking,night,dusk,kids,evening
5776	KYLE - iSpy feat. Lil Yachty	2024/03/24/261711251479.webp	central-framing,surrealism,scale-shift	2017	fog,wheel,ship,steering
5777	KYLE - iSpy feat. Lil Yachty	2024/03/24/261711251586.webp	slow-motion	2017	Day,woman,beach,running,exterior,bikini
5778	KYLE - iSpy feat. Lil Yachty	2024/03/24/261711251680.webp	focal-focus,slow-motion	2017	Day,woman,beach,running,exterior,bikini
5779	KYLE - iSpy feat. Lil Yachty	2024/03/24/261711251743.webp	slow-motion	2017	Day,woman,beach,running,exterior,bikini
5780	Coach - Life Has Different Paths	2024/03/24/261711252935.webp	fpv-drone,typography	2024	night,exterior,neon
5781	Coach - Life Has Different Paths	2024/03/24/261711253418.webp	arc-movement	2024	night,interior
5782	Coach - Life Has Different Paths	2024/03/24/261711253654.webp	overhead	2024	walking,interior,hallway
5783	Coach - Life Has Different Paths	2024/03/24/261711253823.webp	reflections	2024	night,exterior,rain
5784	Coach - Life Has Different Paths	2024/03/24/261711253894.webp	high-angle	2024	interior,bed,fan,room
5785	Coach - Life Has Different Paths	2024/03/24/261711253940.webp	zoom-in	2024	woman,window,exterior,rain
5786	Coach - Life Has Different Paths	2024/03/24/261711253987.webp	zoom-in	2024	barber,haircut,scissors
5787	Coach - Life Has Different Paths	2024/03/24/261711254022.webp	close-up	2024	Male,face
5788	Coach - Life Has Different Paths	2024/03/24/261711254138.webp	dolly-shot,fourth-wall	2024	barber,interior
5789	Coach - Life Has Different Paths	2024/03/24/261711254228.webp	speed-ramping,slow-motion,tracking	2024	walking,night,neon
5790	Coach - Life Has Different Paths	2024/03/24/261711254274.webp	bullet-time,trucking	2024	walking,night,neon
5791	Coach - Life Has Different Paths	2024/03/24/261711254369.webp	set-transition,tracking	2024	woman,walking,phone
5792	Coach - Life Has Different Paths	2024/03/24/261711254426.webp	transition	2024	woman,walking,phone
5793	Coach - Life Has Different Paths	2024/03/24/261711254480.webp	dolly-shot	2024	interior
5794	Coach - Life Has Different Paths	2024/03/24/261711254529.webp	duplication,reflections	2024	woman,walking,baby
5795	Coach - Life Has Different Paths	2024/03/24/261711254642.webp	fourth-wall,match-motion	2024	woman,mirror,reflection,elevator,droste
5796	Coach - Life Has Different Paths	2024/03/24/261711254690.webp	camera-roll	2024	woman,mirror,reflection,elevator,droste
5797	Coach - Life Has Different Paths	2024/03/24/261711254757.webp	conveyor,fourth-wall	2024	woman,mirror,reflection,elevator,droste
5798	Rema - Trouble Maker	2024/03/24/261711255678.webp	silhouette	2023	Red,interior,group,studio
5799	Rema - Trouble Maker	2024/03/24/261711255729.webp	close-up	2023	Red,studio,gun,handgun
5800	Rema - Trouble Maker	2024/03/24/261711255813.webp	dolly-shot	2023	Red,studio,gun,handgun
5801	Rema - Trouble Maker	2024/03/24/261711255845.webp	close-up,typography	2023	Red,studio
5802	Rema - Trouble Maker	2024/03/24/261711255908.webp	spotlight,typography	2023	Red,chair
5803	Rema - Trouble Maker	2024/03/24/261711255956.webp	central-framing,spotlight,void	2023	Red,Male,walking,chair
5804	Rema - Trouble Maker	2024/03/24/261711256031.webp	central-framing,spotlight,void	2023	Red,Male,chair,sitting
5805	Rema - Trouble Maker	2024/03/24/261711256098.webp	high-angle	2023	Male,music video,rapping
5806	Rema - Trouble Maker	2024/03/24/261711256197.webp	breakdown	2023	Male,music video,studio
5807	Rema - Trouble Maker	2024/03/24/261711256251.webp	dolly-shot,spotlight,void	2023	Male,music video,studio
5808	Rema - Trouble Maker	2024/03/24/261711256303.webp	breakdown,spotlight,void,wide-shot	2023	Male,music video,studio
5809	Rema - Trouble Maker	2024/03/24/261711256370.webp	screen-in-screen,vhs	2023	Explosion,retro,bomb,tv,nuke
5810	Rema - Trouble Maker	2024/03/24/261711256428.webp	high-angle,ultra-wide-zero-d	2023	woman,black and white,chair,sitting
5811	Rema - Trouble Maker	2024/03/24/261711256486.webp	traditional,dolly-shot	2023	group
5812	Rema - Trouble Maker	2024/03/24/261711256559.webp	traditional	2023	
5813	Rema - Trouble Maker	2024/03/24/261711256689.webp	bullet-time,high-angle	2023	Red,Male
5814	Rema - Trouble Maker	2024/03/24/261711256741.webp	floating	2023	blue
5815	Rema - Trouble Maker	2024/03/24/261711256788.webp	floating	2023	blue
5816	Rema - Trouble Maker	2024/03/24/261711256914.webp	profile-shot	2023	black and white
5817	Rema - Trouble Maker	2024/03/24/261711257051.webp	night-vision	2023	Male,green,spotlight
5818	Rema - Trouble Maker	2024/03/24/261711257139.webp	photogrammetry	2023	Red
5819	Rema - Trouble Maker	2024/03/24/261711257185.webp	traditional	2023	Red
5820	Rema - Trouble Maker	2024/03/24/261711257333.webp	split-screen	2023	
5821	Rema - Trouble Maker	2024/03/24/261711257379.webp	traditional	2023	Red
5822	Sam Akpro - Death By Entertainment	2024/03/24/261711257769.webp	high-angle,zoom-in	2023	Male,exterior,street,sleeping
5823	Sam Akpro - Death By Entertainment	2024/03/24/261711257849.webp	match-split	2023	exterior
5824	Sam Akpro - Death By Entertainment	2024/03/24/261711257886.webp	match-split	2023	exterior
5825	Sam Akpro - Death By Entertainment	2024/03/24/261711257987.webp	match-cut	2023	
5826	Sam Akpro - Death By Entertainment	2024/03/24/261711258085.webp	shaky-cam,trucking	2023	
5827	Sam Akpro - Death By Entertainment	2024/03/24/261711258123.webp	shaky-cam,spotlight,trucking	2023	
5828	Sam Akpro - Death By Entertainment	2024/03/24/261711258727.webp	high-angle	2023	
5829	Sam Akpro - Death By Entertainment	2024/03/24/261711258616.webp	lazy-susan,slow-motion	2023	
5830	Sam Akpro - Death By Entertainment	2024/03/24/261711258683.webp	collage	2023	
5831	Sam Akpro - Death By Entertainment	2024/03/24/261711258785.webp	lazy-susan,match-cut,match-motion	2023	
5832	Sam Akpro - Death By Entertainment	2024/03/24/261711258885.webp	undercranking,lazy-susan,low-angle,wide-shot	2023	Day,exterior
5833	Sam Akpro - Death By Entertainment	2024/03/24/261711258945.webp	spotlight	2023	night,exterior
5834	Sam Akpro - Death By Entertainment	2024/03/24/261711259030.webp	snorricam	2023	Male,exterior
5835	Sam Akpro - Death By Entertainment	2024/03/24/261711259102.webp	double-exposure	2023	
5836	Sam Akpro - Death By Entertainment	2024/03/24/261711259149.webp	match-split	2023	
5837	Sam Akpro - Death By Entertainment	2024/03/24/261711259205.webp	snorricam	2023	
5838	Sam Akpro - Death By Entertainment	2024/03/24/261711259277.webp	typography	2023	
5839	Fantastic Mr. Fox	2024/03/25/261711341322.webp	typography	2009	
5840	Fantastic Mr. Fox	2024/03/25/261711341391.webp	typography	2009	yellow,studio,hand,book
5841	Fantastic Mr. Fox	2024/03/25/261711341565.webp	model,stop-motion,trucking	2009	warm,exterior
5842	Fantastic Mr. Fox	2024/03/25/261711341638.webp	anthropomorphism,stop-motion,two-shot	2009	warm,exterior,fox,wood,stack
5843	Fantastic Mr. Fox	2024/03/25/261711341706.webp	match-cut,stop-motion	2009	warm,sunset,exterior,fox,tree,wood,stack
5844	Fantastic Mr. Fox	2024/03/25/261711341849.webp	model,pan,stop-motion	2009	Day,warm,exterior,farm,rural
5845	Fantastic Mr. Fox	2024/03/25/261711342047.webp	anthropomorphism,lazy-susan	2009	fox,badger
5846	Fantastic Mr. Fox	2024/03/25/261711342260.webp	dolly-shot,stop-motion	2009	warm,house,interior,fox
5847	Fantastic Mr. Fox	2024/03/25/261711342314.webp	voyeur	2009	warm,binoculars
5848	Fantastic Mr. Fox	2024/03/25/261711342388.webp	stop-motion,tracking	2009	pool,warm,sunset,orange,fox,dive
5849	Fantastic Mr. Fox	2024/03/25/261711342466.webp	model,stop-motion,tracking	2009	running,night,dark,field,moon
5850	Fantastic Mr. Fox	2024/03/25/261711342512.webp	stop-motion,trucking	2009	running,night,dark,field,moon
5851	Fantastic Mr. Fox	2024/03/25/261711342562.webp	anthropomorphism,stop-motion,two-shot	2009	night,dark,field,fox,moon
5852	Fantastic Mr. Fox	2024/03/25/261711342707.webp	anthropomorphism,model,stop-motion,tracking,two-shot	2009	running,night,dark,fox
5853	Fantastic Mr. Fox	2024/03/25/261711342755.webp	stop-motion,tilt,two-shot	2009	night,dark,fox,chain link,fence,barbed wire
5854	Fantastic Mr. Fox	2024/03/25/261711342834.webp	model,stop-motion,trucking	2009	running,night,dark,fox,animals
5855	Fantastic Mr. Fox	2024/03/25/261711342930.webp	traditional	2009	Day,exterior
5856	Fantastic Mr. Fox	2024/03/25/261711343049.webp	anthropomorphism,stop-motion,trucking	2009	running,night,exterior,fox,animals
5857	Fantastic Mr. Fox	2024/03/25/261711343153.webp	anthropomorphism,stop-motion	2009	night,exterior,fox,tree,animal
5858	Fantastic Mr. Fox	2024/03/25/261711343199.webp	anthropomorphism,stop-motion,zoom-in	2009	night,exterior,fox,tree,animal
5859	Fantastic Mr. Fox	2024/03/25/261711343268.webp	anthropomorphism,overhead,stop-motion	2009	interior,fox,animal
5860	Fantastic Mr. Fox	2024/03/25/261711343383.webp	model,stop-motion	2009	tunnel,animals,digging
5861	Fantastic Mr. Fox	2024/03/25/261711343582.webp	stop-motion,typography	2009	tunnel,animals,digging
5862	Fantastic Mr. Fox	2024/03/25/261711343722.webp	overhead,stop-motion	2009	tunnel,animals,digging
5863	Fantastic Mr. Fox	2024/03/25/261711343806.webp	pedestal,stop-motion,trucking	2009	tunnel,animals,digging
5864	Fantastic Mr. Fox	2024/03/25/261711343876.webp	model,jump-cut,stop-motion	2009	exterior,tree,digging,excavator
5865	Fantastic Mr. Fox	2024/03/25/261711344021.webp	model,pedestal,stop-motion,typography	2009	night,exterior,news,digging,excavator,construction
5866	Fantastic Mr. Fox	2024/03/25/261711344082.webp	model,interview,stop-motion	2009	night,exterior,interview,news
5867	Fantastic Mr. Fox	2024/03/25/261711344164.webp	model,pedestal,stop-motion	2009	ground,tunnel,underground
5868	Fantastic Mr. Fox	2024/03/25/261711344281.webp	conveyor,model,stop-motion	2009	night,tunnel,underground
5869	Fantastic Mr. Fox	2024/03/25/261711344325.webp	model,stop-motion,typography	2009	night,tunnel,underground
5870	Fantastic Mr. Fox	2024/03/25/261711344406.webp	stop-motion	2009	interior,office,man
5871	Fantastic Mr. Fox	2024/03/25/261711344502.webp	conveyor,set-transition,stop-motion	2009	interior,piano
5872	Fantastic Mr. Fox	2024/03/25/261711344573.webp	anthropomorphism,stop-motion,trucking	2009	walking,interior,fox,badger
5873	Fantastic Mr. Fox	2024/03/25/261711344614.webp	anthropomorphism,focal-shift,stop-motion	2009	walking,interior,fox,badger
5874	Fantastic Mr. Fox	2024/03/25/261711344685.webp	anthropomorphism,light-flash,stop-motion	2009	fox,shock
5875	Fantastic Mr. Fox	2024/03/25/261711344751.webp	light-flash,stop-motion	2009	animals
5876	Fantastic Mr. Fox	2024/03/25/261711344806.webp	traditional,light-flash,stop-motion	2009	shock,skeleton,animals,electricity
5877	Fantastic Mr. Fox	2024/03/25/261711344885.webp	conveyor,model,stop-motion	2009	Explosion,fire,town
5878	Fantastic Mr. Fox	2024/03/25/261711344958.webp	model,stop-motion,tracking	2009	motorcycle,vehicle
5879	Fantastic Mr. Fox	2024/03/25/261711345023.webp	first-person-pov,fixed-camera,stop-motion	2009	motorcycle,vehicle
5880	Fantastic Mr. Fox	2024/03/25/261711345089.webp	pedestal,stop-motion	2009	
5881	Fantastic Mr. Fox	2024/03/25/261711345142.webp	anthropomorphism,stop-motion,tracking	2009	interior,fox,supermarket
5882	Fantastic Mr. Fox	2024/03/25/261711345220.webp	fixed-camera,stop-motion	2009	running,exterior,fight,fox,dog,attack
5883	Source unknown	2024/03/25/261711345878.webp	tilt-shift		construction
5884	Source unknown	2024/03/25/261711345894.webp	tilt-shift		construction
5885	Source unknown	2024/03/25/261711346672.webp	tilt-shift		construction
5886	Tiny Cyberpunk 2077 by Flurdeh	2024/03/25/261711346656.webp	tilt-shift	2021	construction
5887	Tiny Cyberpunk 2077 by Flurdeh	2024/03/25/261711346728.webp	dystopian,tilt-shift	2021	night,exterior,neon,cyberpunk
5888	Tiny Cyberpunk 2077 by Flurdeh	2024/03/25/261711346859.webp	aerial,dystopian,tilt-shift,video-game	2021	Day,exterior,neon,cyberpunk,fast motion
5889	Tiny Cyberpunk 2077 by Flurdeh	2024/03/25/261711346967.webp	aerial,dystopian,tilt-shift,video-game	2021	road,night,exterior,cars,cyberpunk,highway,fast motion
5890	Tiny Cyberpunk 2077 by Flurdeh	2024/03/25/261711347024.webp	dystopian,high-angle,tilt-shift,video-game	2021	walking,night,exterior,fast motion,sidewalk,pedestrians,path
5891	Tiny Cyberpunk 2077 by Flurdeh	2024/03/25/261711347068.webp	dystopian,high-angle,tilt-shift,video-game	2021	night,exterior,neon,sign
5892	Tiny Cyberpunk 2077 by Flurdeh	2024/03/25/261711347155.webp	dystopian,high-angle,tilt-shift,video-game	2021	night,exterior,campfire,camping
5893	Tiny Cyberpunk 2077 by Flurdeh	2024/03/25/261711347206.webp	dystopian,tilt-shift,video-game	2021	road,exterior,city,cars,cyberpunk,highway
5894	Tiny Cyberpunk 2077 by Flurdeh	2024/03/25/261711347273.webp	tilt-shift,video-game	2021	night,exterior,city,chinatown,lanterns
5895	Wallace & Gromit: A Grand Day Out	2024/03/25/261711351007.webp	anthropomorphism,stop-motion	1989	dog,eye roll
5896	Wallace & Gromit: A Grand Day Out	2024/03/25/261711351039.webp	anthropomorphism,stop-motion	1989	dog,head shake
5897	Tiny Fallout New Vegas by Flurdeh	2024/03/25/261711351837.webp	dystopian,tilt-shift,video-game	2021	Day,fallout,postapocalyptic
5898	Tiny Witcher 3 by Flurdeh	2024/03/25/261711352070.webp	tilt-shift,video-game	2020	forest,nature,earth
5899	Tiny Witcher 3 by Flurdeh	2024/03/25/261711352147.webp	tilt-shift,video-game	2020	bridge,exterior
5900	Tiny Witcher 3 by Flurdeh	2024/03/25/261711352203.webp	high-angle,tilt-shift,video-game	2020	exterior,castle,warrior,training,sword,practice,fighter
5901	Tiny Witcher 3 by Flurdeh	2024/03/25/261711352242.webp	tilt-shift,video-game	2020	Day,warm,exterior,town,castle
5902	Tiny Witcher 3 by Flurdeh	2024/03/25/261711352297.webp	tilt-shift,video-game	2020	Day,warm,exterior,town
5903	Tiny Witcher 3 by Flurdeh	2024/03/25/261711352353.webp	tilt-shift,video-game	2020	Day,warm,exterior,town,castle
5904	The Chronicles of Riddick	2024/03/25/261711406463.webp	dutch-angle	2004	future,fight,battle,soldier
5905	The Chronicles of Riddick	2024/03/25/261711406544.webp	close-up,dutch-angle	2004	Male,fight,battle,soldier
5906	The Chronicles of Riddick	2024/03/25/261711406637.webp	echo-printing	2004	Male,fight,battle,soldier
5907	The Chronicles of Riddick	2024/03/25/261711406706.webp	quick-cuts	2004	Male,fight,battle,soldier
5908	The Chronicles of Riddick	2024/03/25/261711406762.webp	echo-printing	2004	Male,fight,battle,soldier
5909	The Chronicles of Riddick	2024/03/25/261711406828.webp	echo-printing	2004	Male,fight,battle,soldier
5910	The Chronicles of Riddick	2024/03/25/261711406931.webp	echo-printing,shaky-cam	2004	Male,fight,battle,soldier
5911	The Chronicles of Riddick	2024/03/25/261711406989.webp	echo-printing	2004	Male,fight,battle,soldier
5912	The Chronicles of Riddick	2024/03/25/261711407048.webp	echo-printing,high-angle	2004	Male,fight,battle,soldier
5913	The Chronicles of Riddick	2024/03/25/261711407122.webp	echo-printing	2004	Male,fight,battle,soldier
5914	The Chronicles of Riddick	2024/03/25/261711407200.webp	trip	2004	fight,battle knife
5915	The Chronicles of Riddick	2024/03/25/261711407291.webp	echo-printing	2004	fight,battle knife
5916	The Chronicles of Riddick	2024/03/25/261711407599.webp	echo-printing	2004	
5917	Yung Jake - Unfollow	2024/03/26/261711432567.webp	collage,screen-in-screen	2014	computer,pop-ups,website,desktop
5918	Yung Jake - Unfollow	2024/03/26/261711432656.webp	screen-in-screen,transition	2014	computer,pop-ups,website,desktop
5919	Yung Jake - Unfollow	2024/03/26/261711432730.webp	digital-overlay,screen-in-screen	2014	exterior,instagram,phone
5920	Yung Jake - Unfollow	2024/03/26/261711432814.webp	collage,mixed-media,screen-in-screen	2014	exterior,instagram,phone
5921	Yung Jake - Unfollow	2024/03/26/261711432872.webp	digital-overlay,screen-in-screen,stylistic-suck	2014	interior,hand,phone
5922	Yung Jake - Unfollow	2024/03/26/261711432936.webp	collage,mixed-media,stylistic-suck	2014	Male,text messages
5923	Yung Jake - Unfollow	2024/03/26/261711432999.webp	stylistic-suck,transition	2014	Male,apple,iphone
5924	Yung Jake - Unfollow	2024/03/26/261711433063.webp	digital-gesture,fourth-wall	2014	
5925	Yung Jake - Unfollow	2024/03/26/261711433127.webp	digital-gesture,transition	2014	
5926	Yung Jake - Unfollow	2024/03/26/261711433177.webp	mixed-media,stylistic-suck	2014	
5927	Yung Jake - Unfollow	2024/03/26/261711433251.webp	stylistic-suck,transition	2014	Male
5928	Yung Jake - Unfollow	2024/03/26/261711433312.webp	maximalism,overhead	2014	grass,phone,electronic
5929	Yung Jake - Unfollow	2024/03/26/261711433394.webp	transition	2014	
5930	Yung Jake - Unfollow	2024/03/26/261711433463.webp	breakdown,two-shot	2014	photoshop
5931	Yung Jake - Unfollow	2024/03/26/261711433518.webp	stylistic-suck,transition	2014	photoshop
5932	Yung Jake - Unfollow	2024/03/26/261711433598.webp	collage,stylistic-suck	2014	phones
5933	"The Fear Cycle" Film - Unveiling Sleep Paralysis Through Art	2024/03/26/261711433987.webp	floating	2024	interior,dark,hospital
5934	"The Fear Cycle" Film - Unveiling Sleep Paralysis Through Art	2024/03/26/261711434042.webp	floating	2024	night,interior,bed,dark,hospital,sleep
5935	"The Fear Cycle" Film - Unveiling Sleep Paralysis Through Art	2024/03/26/261711434140.webp	close-up,halation	2024	Day,Male,exterior,sun,rays
5936	"The Fear Cycle" Film - Unveiling Sleep Paralysis Through Art	2024/03/26/261711434192.webp	wide-shot	2024	Day,walking,exterior,hike
5937	"The Fear Cycle" Film - Unveiling Sleep Paralysis Through Art	2024/03/26/261711434366.webp	halation,slow-motion	2024	Day,walking,exterior,sun,rainbow,hiking,ray
5938	"The Fear Cycle" Film - Unveiling Sleep Paralysis Through Art	2024/03/26/261711434435.webp	low-angle,tableau-shots	2024	night,interior,floating,haunted,ghosts
5939	"The Fear Cycle" Film - Unveiling Sleep Paralysis Through Art	2024/03/26/261711434499.webp	close-up	2024	eye
5940	"The Fear Cycle" Film - Unveiling Sleep Paralysis Through Art	2024/03/26/261711434578.webp	central-framing	2024	fire,snowing,torch
5941	"The Fear Cycle" Film - Unveiling Sleep Paralysis Through Art	2024/03/26/261711434635.webp	central-framing,silhouette	2024	night,exterior,fire,snowing,torch
5942	"The Fear Cycle" Film - Unveiling Sleep Paralysis Through Art	2024/03/26/261711434739.webp	central-framing,video-portraits	2024	beach,horse
5943	"The Fear Cycle" Film - Unveiling Sleep Paralysis Through Art	2024/03/26/261711434813.webp	collage,mixed-media	2024	beach,horse
5944	"The Fear Cycle" Film - Unveiling Sleep Paralysis Through Art	2024/03/26/261711434877.webp	shadow-box	2024	frame,painting
5945	Transition clip	2024/03/26/261711435308.webp	transition		sports,soccer,jumbotron
5946	Killdummies - Keine War Großartig//Fukk U	2024/03/26/261711435930.webp	fixed-camera	2023	Male,car,road,music video,night,vehicle
5947	Killdummies - Keine War Großartig//Fukk U	2024/03/26/261711435957.webp	close-up,fixed-camera	2023	Male,car,road,music video,night,vehicle
5948	Killdummies - Keine War Großartig//Fukk U	2024/03/26/261711436038.webp	double-exposure	2023	Male,music video,face
5949	Killdummies - Keine War Großartig//Fukk U	2024/03/26/261711436090.webp	reflections	2023	water,music video,puddle
5950	Killdummies - Keine War Großartig//Fukk U	2024/03/26/261711436140.webp	jump-cut	2023	Day,music video,grass,exterior,field,sword
5951	Killdummies - Keine War Großartig//Fukk U	2024/03/26/261711436196.webp	ground-shot,tracking	2023	Day,music video,walking,exterior,sword
5952	Killdummies - Keine War Großartig//Fukk U	2024/03/26/261711436246.webp	shaky-cam,trucking	2023	Day,music video,walking,exterior,field
5953	Killdummies - Keine War Großartig//Fukk U	2024/03/26/261711436290.webp	close-up,video-portraits	2023	woman
5954	Killdummies - Keine War Großartig//Fukk U	2024/03/26/261711436358.webp	central-framing,video-portraits,wide-shot	2023	woman
5955	Killdummies - Keine War Großartig//Fukk U	2024/03/26/261711436397.webp	central-framing,two-shot	2023	water,woman,lake
5956	Killdummies - Keine War Großartig//Fukk U	2024/03/26/261711436442.webp	void	2023	night,exterior,gas station
5957	Skins	2024/03/27/261711529152.webp	duplication	2016	
5958	FKA Twigs x Nike - Do You Believe In More?	2024/03/27/261711529278.webp	duplication	2017	
5959	Source unknown	2024/03/27/261711529358.webp	echo-printing,motion-blur		
5960	Scream	2024/03/27/261711529563.webp	duplication		
5961	XO	2024/03/27/261711529624.webp	magnification		
5962	Perspectiva de Suelo	2024/03/27/261711529802.webp	two-shot,worms-eye	2024	
5963	Untitled Collage	2024/03/27/261711529870.webp	collage,match-split		
5964	THEY. - U-RITE	2024/03/28/261711603985.webp	aerial,fpv-drone	2017	Day,dessert,colorado
5965	THEY. - U-RITE	2024/03/28/261711610712.webp	shaky-cam	2017	Day,Male
5966	THEY. - U-RITE	2024/03/28/261711610807.webp	aerial,speed-ramping	2017	earth,rock,colorado
5967	THEY. - U-RITE	2024/03/28/261711610881.webp	flash-cut	2017	Male
5968	THEY. - U-RITE	2024/03/28/261711610911.webp	flash-cut	2017	Male
5969	THEY. - U-RITE	2024/03/28/261711610968.webp	duplication	2017	Male
5970	THEY. - U-RITE	2024/03/28/261711611016.webp	transition	2017	Male
5971	THEY. - U-RITE	2024/03/28/261711611059.webp	speed-ramping,zoom-in	2017	Male
5972	THEY. - U-RITE	2024/03/28/261711611098.webp	shaky-cam	2017	Male
5973	THEY. - U-RITE	2024/03/28/261711611132.webp	camera-roll	2017	Male
5974	THEY. - U-RITE	2024/03/28/261711611204.webp	duplication,zoom-in	2017	Male,ground,laying down,snow
5975	THEY. - U-RITE	2024/03/28/261711611262.webp	duplication,zoom-in	2017	Male,ground,laying down,snow
5976	Nike - A Feel For Every You	2024/03/31/261711860468.webp	low-angle,slow-motion	2023	Day,woman,nike,sky,pole
5977	Nike - A Feel For Every You	2024/03/31/261711860570.webp	trucking	2023	woman,running,exterior,city,athlete,streets
5978	Nike - A Feel For Every You	2024/03/31/261711860667.webp	choreo	2023	woman,group,exterior,city,athlete,streets
5979	Nike - A Feel For Every You	2024/03/31/261711860709.webp	choreo	2023	woman,group,exterior,city,athlete,streets
5980	Nike - A Feel For Every You	2024/03/31/261711860739.webp	choreo	2023	woman,group,exterior,city,athlete,streets
5981	Nike - A Feel For Every You	2024/03/31/261711860788.webp	choreo	2023	woman,group,exterior,city,athlete,streets
5982	Nike - A Feel For Every You	2024/03/31/261711860931.webp	slow-motion,trucking	2023	woman,running,nike
5983	Nike - A Feel For Every You	2024/03/31/261711860984.webp	choreo,maximalism,slow-motion	2023	woman,running,nike
5984	The Umbrella Academy (TV Series)	2024/03/31/261711861192.webp	model	2019	dollhouse
5985	Face	2024/04/01/261711983928.webp	close-up	2021	face,grain,fade
5986	Face	2024/04/01/261711984023.webp	close-up,void	2021	woman,face,laser
5987	Face	2024/04/01/261711984089.webp	close-up,split-screen,void	2021	face,eyes,mouth,skin,nose,ears
5988	Face	2024/04/01/261711984142.webp	fourth-wall,tableau-shots	2021	Male,group,crowd
5989	Face	2024/04/01/261711984205.webp	color-shift,void	2021	Male,blue
5990	Face	2024/04/01/261711984292.webp	duplication,digital-overlay,void	2021	Male
5991	Face	2024/04/01/261711984439.webp	undercranking,motion-blur,video-portraits	2021	woman,blue,studio,selfie,crowd,phone,circle
5992	Face	2024/04/01/261711984516.webp	tableau-shots,video-portraits,void	2021	woman,group
5993	Face	2024/04/01/261711984655.webp	quick-cuts,shadow-box,speed-ramping,vhs	2021	black and white,photography,vintage,sepia
5994	Face	2024/04/01/261711984742.webp	lazy-susan,void	2021	Male,rotate,face,laser
5995	Face	2024/04/01/261711984794.webp	spotlight,void	2021	child,boy,baby,toddler
5996	Face	2024/04/01/261711984837.webp	shadow-box	2021	book
5997	Travis Scott - FE!N	2024/04/01/261711985219.webp	arc-movement,undercranking,void	2024	
5998	Travis Scott - FE!N	2024/04/01/261711985278.webp	typography	2024	magenta
5999	Travis Scott - FE!N	2024/04/01/261711985395.webp	arc-movement,speed-ramping,void	2024	Male,studio,fein,single
6000	Travis Scott - FE!N	2024/04/01/261711985544.webp	arc-movement,echo-printing,void	2024	Male,group,surrealist
6001	Travis Scott - FE!N	2024/04/01/261711985598.webp	arc-movement,speed-ramping,spotlight,void	2024	
6002	Travis Scott - FE!N	2024/04/01/261711985649.webp	overhead,spotlight,void	2024	group,overhead
6003	Travis Scott - FE!N	2024/04/01/261711985728.webp	lazy-susan,void	2024	car,interior,friends,group,vehicle
6004	Travis Scott - FE!N	2024/04/01/261711985814.webp	flash-cut,locked-on,speed-ramping,zoetrope	2024	young,group,kids,crowd,school
6005	Travis Scott - FE!N	2024/04/01/261711985869.webp	whip-pan	2024	young,group,kids,crowd,school
6006	Travis Scott - FE!N	2024/04/01/261711985980.webp	arc-movement,tracking,void	2024	woman,stripper,pole dancing
6007	Inter Alia (Short Film)	2024/05/09/261715291823.webp	central-framing,fixed-camera	2023	car,driving,dusk,sunset,exterior,los angeles,vehicle
6008	Inter Alia (Short Film)	2024/05/09/261715291889.webp	halation	2023	car,driving,dusk,sunset,exterior,los angeles,vehicle
6009	Inter Alia (Short Film)	2024/05/09/261715291933.webp	spotlight	2023	interior,fire,flame,lighter,room
6010	Inter Alia (Short Film)	2024/05/09/261715291993.webp	spotlight	2023	interior,fire,flame,lighter,room
6011	Inter Alia (Short Film)	2024/05/09/261715292074.webp	close-up,quick-cuts	2023	Cigarette,pink,night,club,smoke,neon,drugs
6012	Inter Alia (Short Film)	2024/05/09/261715292142.webp	camera-roll	2023	interior,mirror,altered,inebriation
6013	Inter Alia (Short Film)	2024/05/09/261715292247.webp	spotlight	2023	interior,spotlight
6014	Inter Alia (Short Film)	2024/05/09/261715292315.webp	close-up,focal-focus	2023	Hotel,fingers,hand,phone,call,room
6015	Inter Alia (Short Film)	2024/05/09/261715292468.webp	trucking	2023	Red,woman,walking,night,exterior,neon
6016	Inter Alia (Short Film)	2024/05/09/261715292533.webp	wide-shot	2023	car,driving,night,Hotel,exterior,city,neon,street,cyberpunk,china town
6017	Inter Alia (Short Film)	2024/05/09/261715292591.webp	fixed-camera	2023	woman,car,driving,night,city,neon,los angeles,vehicle,hood
6018	Inter Alia (Short Film)	2024/05/09/261715292632.webp	fixed-camera	2023	woman,car,driving,night,city,neon,los angeles,vehicle,hood
6019	Inter Alia (Short Film)	2024/05/09/261715292729.webp	close-up	2023	woman,gold,necklace,jewelry
6020	Inter Alia (Short Film)	2024/05/09/261715292777.webp	close-up	2023	macro,gold leaf
6021	Inter Alia (Short Film)	2024/05/09/261715292819.webp	close-up,profile-shot	2023	woman,gold,face,eyes,close-up,skin
6022	Inter Alia (Short Film)	2024/05/09/261715292907.webp	silhouette,tracking	2023	woman,interior,studio
6023	Inter Alia (Short Film)	2024/05/09/261715292988.webp	color-shift	2023	woman,interior,studio
6024	Inter Alia (Short Film)	2024/05/09/261715293024.webp	light-flash,void	2023	Male,camera,photographer
6025	Inter Alia (Short Film)	2024/05/09/261715293076.webp	color-shift,light-flash	2023	woman,studio,colorful.
6026	Inter Alia (Short Film)	2024/05/09/261715293129.webp	close-up,conveyor	2023	blue,interior,dark,table,teal,lab,counter
6027	Inter Alia (Short Film)	2024/05/09/261715293185.webp	reflections	2023	woman,green,interior,room
6028	Inter Alia (Short Film)	2024/05/09/261715293236.webp	hard-light	2023	woman,pink,interior,room,gel lighting
6029	Inter Alia (Short Film)	2024/05/09/261715293278.webp	over-the-shoulder,focal-focus	2023	woman,night,interior,room
6030	Inter Alia (Short Film)	2024/05/09/261715293324.webp	overhead	2023	woman,Hotel,bed,bedroom,sleep,mattress
6031	Inter Alia (Short Film)	2024/05/09/261715293411.webp	cut-ins	2023	Day,woman,beach,Cigarette,ocean,exterior,smoking,smoke,flame,overcast,cigar
6032	Inter Alia (Short Film)	2024/05/09/261715293453.webp	close-up	2023	Day,woman,beach,Cigarette,ocean,exterior,smoking,money,cash,smoke,burn,flame,overcast,cigar,burnt,burning
6033	Inter Alia (Short Film)	2024/05/09/261715293492.webp	central-framing	2023	Day,woman,beach,ocean,exterior,overcast
6034	Inter Alia (Short Film)	2024/05/09/261715293632.webp	close-up	2023	burn,paper,letter
6038	Shit Robot "Take 'Em Up"	2024/05/09/261715294548.webp	trip,datamosh,echo-printing	2010	woman,colorful
6039	Shit Robot "Take 'Em Up"	2024/05/09/261715294641.webp	echo-printing	2010	woman,colorful
6040	Shit Robot "Take 'Em Up"	2024/05/09/261715294671.webp	echo-printing	2010	woman,colorful
6041	Shit Robot "Take 'Em Up"	2024/05/09/261715294754.webp	duplication,echo-printing,trucking	2010	woman,walking,exterior,lime green
6042	Shit Robot "Take 'Em Up"	2024/05/09/261715294828.webp	duplication,echo-printing	2010	woman,walking,exterior,lime green
6043	Shit Robot "Take 'Em Up"	2024/05/09/261715294876.webp	echo-printing,silhouette	2010	woman,walking,exterior,colorful
6044	Shit Robot "Take 'Em Up"	2024/05/09/261715294987.webp	duplication	2010	woman,walking,exterior
6045	Shit Robot "Take 'Em Up"	2024/05/09/261715295034.webp	duplication	2010	Day,woman,walking,exterior
6046	Shit Robot "Take 'Em Up"	2024/05/09/261715295068.webp	echo-printing	2010	Day,woman,walking,exterior
6047	Shit Robot "Take 'Em Up"	2024/05/09/261715295131.webp	datamosh,duplication	2010	Day,woman,running,exterior
6048	Volkswagen - Diamonds	2024/05/09/261715295953.webp	arc-movement	2022	Male,sports,soccer,stadium
6049	Volkswagen - Diamonds	2024/05/09/261715296125.webp	dreamcore,spotlight	2022	Male,sports,soccer,stadium
6050	Volkswagen - Diamonds	2024/05/09/261715296210.webp	dreamcore,set-transition	2022	sports,barbershop,anchors,hosts
6051	Volkswagen - Diamonds	2024/05/09/261715296242.webp	whip-pan	2022	news,anchors,pressure,teleprompter
6052	Volkswagen - Diamonds	2024/05/09/261715296280.webp	whip-pan	2022	Male,interior,therapist,therapy
6053	Volkswagen - Diamonds	2024/05/09/261715296383.webp	dreamcore,set-transition	2022	Male,interior,transition,room,closet,wardrobe
6054	Volkswagen - Diamonds	2024/05/09/261715296432.webp	first-person-pov	2022	sports,soccer,stadium,game
6055	Donna Missal - Sex is Good	2024/05/13/261715573711.webp	shadow-box	2021	woman,blue
6056	Donna Missal - Sex is Good	2024/05/13/261715573764.webp	split-screen	2021	night,bed,phone
6057	Donna Missal - Sex is Good	2024/05/13/261715573840.webp	glitch	2021	woman,handheld,sensual
6058	Donna Missal - Sex is Good	2024/05/13/261715573916.webp	collage,glitch,screen-in-screen	2021	woman,handheld,sensual
6059	Donna Missal - Sex is Good	2024/05/13/261715573970.webp	flash-cut,shadow-box	2021	woman,photo
6060	Donna Missal - Sex is Good	2024/05/13/261715574038.webp	glitch	2021	vintage,retro,vhs,glitch
6061	Donna Missal - Sex is Good	2024/05/13/261715574092.webp	collage	2021	
6062	Ariana Grande - Positions	2024/05/13/261715574527.webp	fpv-drone,typography	2020	green,grass,exterior,aerial,white house
6063	Ariana Grande - Positions	2024/05/13/261715574573.webp	fpv-drone,pass-through,typography	2020	green,grass,exterior,aerial,white house
6064	Ariana Grande - Positions	2024/05/13/261715574622.webp	fpv-drone,pass-through	2020	green,grass,exterior,door,aerial,meeting,white house,ariana grande,board room
6065	Ariana Grande - Positions	2024/05/13/261715574714.webp	dolly-zoom	2020	interior,meeting,white house,ariana grande,board room
6070	Ariana Grande - Positions	2024/05/13/261715575096.webp	transition	2020	interior,kitchen,transition,meeting,white house,ariana grande,board room
6071	Ariana Grande - Positions	2024/05/13/261715575161.webp	photography	2020	kitchen,ariana grande
6072	Ariana Grande - Positions	2024/05/13/261715575223.webp	freeze-frame,photography	2020	desk,white house,ariana grande,oval office
6073	Ariana Grande - Positions	2024/05/13/261715575283.webp	slow-motion,tracking	2020	Day,woman,walking,clipboard,interior,group,slow motion,hallway,ariana grande
6074	Ariana Grande - Positions	2024/05/13/261715575406.webp	transition	2020	ariana grande
6075	Ariana Grande - Positions	2024/05/13/261715575491.webp	dutch-angle	2020	night,exterior,white house
6076	Ariana Grande - Positions	2024/05/13/261715575539.webp	transition	2020	
6077	Offset - CODE ft. Moneybagg Yo	2024/05/13/261715632423.webp	hard-light	2022	light,blue,studio
6078	Offset - CODE ft. Moneybagg Yo	2024/05/13/261715632543.webp	void	2022	studio,offset
6079	Offset - CODE ft. Moneybagg Yo	2024/05/13/261715632607.webp	double-exposure,mixed-media	2022	green,lime green,offset
6080	Offset - CODE ft. Moneybagg Yo	2024/05/13/261715632694.webp	profile-shot,split-diopter	2022	spotlight
6081	Offset - CODE ft. Moneybagg Yo	2024/05/13/261715632738.webp	profile-shot,split-diopter	2022	spotlight
6082	Offset - CODE ft. Moneybagg Yo	2024/05/13/261715632791.webp	color-shift,profile-shot	2022	woman,blue,face
6083	Offset - CODE ft. Moneybagg Yo	2024/05/13/261715632836.webp	spotlight	2022	jacket,woman,walking,blue,interior,spotlight
6084	Offset - CODE ft. Moneybagg Yo	2024/05/13/261715632914.webp	close-up,color-shift	2022	face,lips,teeth,grills,grillz,mouth
6085	French Cassettes - White Noise	2024/05/13/261715633646.webp	central-framing,wide-shot	2024	Day,exterior,man,standing,pajamas,symmetry
6086	French Cassettes - White Noise	2024/05/13/261715633749.webp	transition	2024	Day,car,exterior,title,crash,transition,accident
6087	French Cassettes - White Noise	2024/05/13/261715633816.webp	stylistic-suck	2024	Day,Male,blue,sky,clouds,exterior
6088	French Cassettes - White Noise	2024/05/13/261715633857.webp	stylistic-suck	2024	Day,Male,blue,sky,clouds,exterior,butterfly,wink,monarch
6089	French Cassettes - White Noise	2024/05/13/261715633928.webp	transition	2024	Day,Male,blue,sky,clouds,exterior,butterfly,wink,monarch
6090	French Cassettes - White Noise	2024/05/13/261715633988.webp	transition	2024	interior,space,outer space,kitchen,stars,astronaut
6091	French Cassettes - White Noise	2024/05/13/261715634047.webp	arc-movement,transition	2024	Male
6092	French Cassettes - White Noise	2024/05/13/261715634117.webp	overhead,spotlight	2024	Red,Male,pants,checkered,sweater
6093	French Cassettes - White Noise	2024/05/13/261715634194.webp	camera-roll,overhead,spotlight	2024	Red,Male,pants,checkered,sweater
6094	French Cassettes - White Noise	2024/05/13/261715634258.webp	close-up	2024	Male,blue,studio,balloons,ball pit
6095	Vince Staples - Norf Norf	2024/05/13/261715641301.webp	aspect-ratio-switch	2015	Day,car,black and white,exterior,police,arrested,serious,vince staples
6096	Vince Staples - Norf Norf	2024/05/13/261715641366.webp	dolly-shot	2015	Day,car,black and white,exterior,police,arrested,serious,vince staples
6097	Vince Staples - Norf Norf	2024/05/13/261715641415.webp	voyeur	2015	Day,car,interior,black and white,police,arrested,police car,vince staples
6098	Vince Staples - Norf Norf	2024/05/13/261715641540.webp	close-up,silhouette	2015	interior,black and white,jail,arrested,prison,vince staples,mugshot
6099	Vince Staples - Norf Norf	2024/05/13/261715641572.webp	close-up,tilt,typography	2015	interior,black and white,jail,arrested,prison,vince staples,mugshot
6100	Vince Staples - Norf Norf	2024/05/13/261715641625.webp	pan	2015	interior,black and white,jail,arrested,prison,vince staples
6101	Vince Staples - Norf Norf	2024/05/13/261715641659.webp	focal-focus,voyeur	2015	interior,black and white,jail,arrested,prison,vince staples
6102	Vince Staples - Norf Norf	2024/05/13/261715641715.webp	jump-cut	2015	interior,black and white,police,cops,jail,arrested,prison,vince staples,interrogation,police officers
6103	Vince Staples - Norf Norf	2024/05/13/261715641757.webp	focal-focus,voyeur	2015	interior,black and white,police,cops,jail,arrested,prison,vince staples,interrogation,police officers
6104	Vince Staples - Norf Norf	2024/05/13/261715641988.webp	haze,quick-cuts	2015	interior,black and white,police,cops,jail,arrested,prison,vince staples,interrogation,police officers
6105	Vince Staples - Norf Norf	2024/05/13/261715642026.webp	haze	2015	interior,black and white,police,cops,jail,arrested,prison,vince staples,interrogation,police officers
6106	Vince Staples - Norf Norf	2024/05/13/261715642075.webp	haze	2015	interior,black and white,police,cops,jail,arrested,prison,vince staples,interrogation,police officers
6107	Vince Staples - Norf Norf	2024/05/13/261715642104.webp	haze	2015	interior,black and white,police,cops,jail,arrested,prison,vince staples,interrogation,police officers
6108	Vince Staples - Norf Norf	2024/05/13/261715642144.webp	camera-roll	2015	interior,black and white,police,cops,jail,arrested,prison,vince staples,interrogation,police officers
6109	Vince Staples - Norf Norf	2024/05/13/261715642188.webp	haze	2015	interior,black and white,police,cops,jail,arrested,prison,vince staples,interrogation,police officers
6110	Vince Staples - Norf Norf	2024/05/13/261715642225.webp	quick-cuts	2015	interior,black and white,police,cops,jail,arrested,prison,vince staples,interrogation,police officers
6111	Vince Staples - Norf Norf	2024/05/13/261715642262.webp	aspect-ratio-switch	2015	interior,black and white,police,cops,jail,arrested,prison,vince staples,interrogation,police officers
6112	Oblé Reed - WESTON.	2024/05/13/261715643438.webp	aspect-ratio-switch	2023	
6113	Oblé Reed - WESTON.	2024/05/13/261715643490.webp	overhead	2023	Male,night,exterior,basketball,rim,hoop
6114	Oblé Reed - WESTON.	2024/05/13/261715643536.webp	fourth-wall,shaky-cam	2023	Male,night,exterior
6115	Oblé Reed - WESTON.	2024/05/13/261715643606.webp	transition,ultra-wide-zero-d	2023	Male,night,exterior
6116	Oblé Reed - WESTON.	2024/05/13/261715643651.webp	fourth-wall,shaky-cam,transition,ultra-wide-zero-d	2023	Male,night,exterior
6117	Oblé Reed - WESTON.	2024/05/13/261715643687.webp	haze,shaky-cam	2023	Male,night,exterior
6118	Oblé Reed - WESTON.	2024/05/13/261715643742.webp	dolly-shot	2023	Male,night,exterior
6119	Oblé Reed - WESTON.	2024/05/13/261715643787.webp	collage,split-screen	2023	Male,night,exterior
6120	Oblé Reed - WESTON.	2024/05/13/261715643838.webp	step-printing,two-shot	2023	Male,night,exterior,fight,argument,heated
6121	Oblé Reed - WESTON.	2024/05/13/261715643920.webp	shaky-cam,motion-blur,spotlight,ultra-wide-zero-d	2023	Male,jacket,road,night,spotlight,letterman jacket
6122	Oblé Reed - WESTON.	2024/05/13/261715643976.webp	zoom-in	2023	Male,jacket,night,exterior,dark,drone,overhead,aerial,fpv
6123	Oblé Reed - WESTON.	2024/05/13/261715644042.webp	camera-roll,shaky-cam	2023	Red,Male,jacket,night,exterior,rain
6124	Oblé Reed - WESTON.	2024/05/13/261715644091.webp	screen-in-screen	2023	Male,shoes,vintage,pants,retro,television,tube tv,converse,concrete wall
6125	Oblé Reed - WESTON.	2024/05/13/261715644141.webp	quick-cuts	2023	Red,night,interior
6126	Oblé Reed - WESTON.	2024/05/13/261715644445.webp	locked-on,pixel-art,stop-motion	2023	Red,Male,night,interior
6127	Oblé Reed - WESTON.	2024/05/13/261715644551.webp	step-printing,spotlight	2023	Male,road,night,exterior
6128	Oblé Reed - WESTON.	2024/05/13/261715644650.webp	haze,omnidirectional,spotlight,ultra-wide-zero-d	2023	Male,road,night,exterior
6129	Oblé Reed - WESTON.	2024/05/14/261715644861.webp	halation	2023	Male,road,night,exterior
6130	Oblé Reed - WESTON.	2024/05/14/261715645038.webp	cut-ins,quick-cuts	2023	blunt,woman,Cigarette,smoking,smoke,fire,lit,match,cigar
6131	Oblé Reed - WESTON.	2024/05/14/261715645079.webp	halation,silhouette	2023	light,woman,silhouette,hair
6132	Subtype Selects x Lucky Punch	2024/05/14/261715655084.webp	collage,mixed-media		paper,texture
6133	Vans Australia BTS	2024/05/14/261715655189.webp	collage,mixed-media		Red,paper,texture
6134	Joost, Ski Aggu & Otto Waalkes - Friesenjung	2024/05/14/261715655792.webp	flash-cut	2023	
6135	Joost, Ski Aggu & Otto Waalkes - Friesenjung	2024/05/14/261715655888.webp	undercranking,shaky-cam,typography	2023	Day,green,exterior,field,farm,tractor
6136	Joost, Ski Aggu & Otto Waalkes - Friesenjung	2024/05/14/261715655947.webp	glitch,shaky-cam	2023	Day,green,exterior,field,farm,tractor
6137	Joost, Ski Aggu & Otto Waalkes - Friesenjung	2024/05/14/261715656021.webp	camera-roll,shaky-cam,low-angle,ultra-wide-zero-d	2023	Day,green,exterior,field,farm,tractor
6138	Joost, Ski Aggu & Otto Waalkes - Friesenjung	2024/05/14/261715656066.webp	central-framing,wide-shot	2023	Day,green,exterior,field,farm,tractor
6139	Joost, Ski Aggu & Otto Waalkes - Friesenjung	2024/05/14/261715656122.webp	collage,mixed-media	2023	Day,green,exterior,field,farm,tractor
6140	Joost, Ski Aggu & Otto Waalkes - Friesenjung	2024/05/14/261715656217.webp	fourth-wall	2023	Day,Red,Male,exterior
6141	Joost, Ski Aggu & Otto Waalkes - Friesenjung	2024/05/14/261715656278.webp	ultra-wide-zero-d	2023	Day,Male,green,grass,exterior,field,farm,golf cart,golfcart
6142	Joost, Ski Aggu & Otto Waalkes - Friesenjung	2024/05/14/261715656365.webp	low-angle,ultra-wide-zero-d	2023	Day,exterior,sunglasses
6143	Joost, Ski Aggu & Otto Waalkes - Friesenjung	2024/05/14/261715656436.webp	collage,mixed-media,ultra-wide-zero-d,whip-pan	2023	Day,exterior,sunglasses
6144	Joost, Ski Aggu & Otto Waalkes - Friesenjung	2024/05/14/261715656483.webp	ultra-wide-zero-d	2023	pool,interior,purple,bar,billiards
6145	Joost, Ski Aggu & Otto Waalkes - Friesenjung	2024/05/14/261715656547.webp	collage,mixed-media,transition	2023	pool,interior,purple,bar,billiards
6146	Joost, Ski Aggu & Otto Waalkes - Friesenjung	2024/05/14/261715656634.webp	fixed-camera,jump-cut	2023	Male,glass,bar,drinking,drink,wine,older,wine glass
6147	Joost, Ski Aggu & Otto Waalkes - Friesenjung	2024/05/14/261715656702.webp	collage,freeze-frame,mixed-media,typography	2023	car,paper,police,cops,texture
6148	Joost, Ski Aggu & Otto Waalkes - Friesenjung	2024/05/14/261715656779.webp	speed-ramping,split-screen	2023	Day,dancing,grass,exterior,field,dance,tractor
6149	Joost, Ski Aggu & Otto Waalkes - Friesenjung	2024/05/14/261715656820.webp	zoom-in	2023	Day,dancing,grass,exterior,field,dance,tractor
6150	Joost, Ski Aggu & Otto Waalkes - Friesenjung	2024/05/14/261715656902.webp	collage,freeze-frame,mixed-media,typography	2023	Day,Male,exterior,handshake
6151	Joost, Ski Aggu & Otto Waalkes - Friesenjung	2024/05/14/261715656951.webp	flash-cut,typography	2023	
6152	Joost, Ski Aggu & Otto Waalkes - Friesenjung	2024/05/14/261715657037.webp	ultra-wide-zero-d	2023	Day,Male,exterior,field,phone call,tractor,talking on phone
6153	Joost, Ski Aggu & Otto Waalkes - Friesenjung	2024/05/14/261715657094.webp	typography	2023	hand,credits,handwriting
6154	Little film of mom's art	2024/05/14/261715657251.webp	flash-cut	2023	paintings
6155	ARC DE TRiOMPH	2024/05/14/261715657371.webp	flash-cut	2022	exterior,building,stone,architecture
6156	ARC DE TRiOMPH	2024/05/14/261715657386.webp	flash-cut	2022	exterior,building,stone,architecture
6157	ARC DE TRiOMPH	2024/05/14/261715657409.webp	flash-cut	2022	exterior,building,stone,architecture
6158	(exp. 3)	2024/05/14/261715657522.webp	flash-cut,masking	2022	Day,bike,exterior,biking,masking,bicycle,biker
6159	Untitled	2024/05/14/261715657714.webp	collage	2023	Red,Male,collage
6160	Untitled	2024/05/14/261715657681.webp	collage	2023	Red,Male,collage
6161	Majimbo - Aiza	2024/05/15/261715808873.webp	transition	2023	interior,colorful,saturated
6162	Majimbo - Aiza	2024/05/15/261715808932.webp	dolly-shot	2023	chess,interior,colorful,saturated,three shot,floor
6163	Majimbo - Aiza	2024/05/15/261715809047.webp	jump-cut	2023	close up,interior,colorful,saturated,floor,sunglasses
6164	Majimbo - Aiza	2024/05/15/261715809092.webp	dolly-shot	2023	interior,colorful,saturated
6165	Majimbo - Aiza	2024/05/15/261715809211.webp	focal-focus	2023	Day,exterior,games,rock paper scissors
6166	Majimbo - Aiza	2024/05/15/261715809258.webp	choreo,two-shot	2023	Day,woman,dancing,exterior,dance
6167	Majimbo - Aiza	2024/05/15/261715809397.webp	central-framing,choreo	2023	Day,Male,dancing,exterior,dance
6168	Majimbo - Aiza	2024/05/15/261715809488.webp	close-up,shaky-cam	2023	Day,Male,sweat
6169	Majimbo - Aiza	2024/05/15/261715809598.webp	choreo,split-screen	2023	Day,Male,sweat
6170	Majimbo - Aiza	2024/05/15/261715809650.webp	close-up	2023	Male,lips,sweat,teeth,mouth,chains,jewelry
6171	Majimbo - Aiza	2024/05/15/261715809688.webp	video-portraits	2023	
6172	Majimbo - Aiza	2024/05/15/261715809773.webp	low-angle	2023	woman,rapping
6173	Majimbo - Aiza	2024/05/15/261715809868.webp	ground-shot,probe-lens	2023	woman,chess,rapping
6174	ZOO	2024/05/15/261715811156.webp	shadow-box	2020	fast food,vehicle,drive-thru,robbery,theft,thief,stealing
6175	ZOO	2024/05/15/261715811213.webp	shaky-cam,shadow-box	2020	fast food,vehicle,drive-thru,robbery,theft,thief,stealing
6176	Sabrina Carpenter - Espresso	2024/05/15/261715812154.webp	typography	2024	Day,beach,warm,exterior,tan,skin
6177	Sabrina Carpenter - Espresso	2024/05/15/261715812195.webp	typography	2024	Day,beach,warm,exterior,tan,skin
6178	Sabrina Carpenter - Espresso	2024/05/15/261715812259.webp	close-up,color-shift,reflections	2024	Day,woman,beach,black and white,smile,exterior,sunglasses,sabrina carpenter
6179	Sabrina Carpenter - Espresso	2024/05/15/261715812336.webp	aerial,fpv-drone	2024	water,ocean,black and white,lake,boat,aerial
6180	Sabrina Carpenter - Espresso	2024/05/15/261715812366.webp	fpv-drone,trucking	2024	water,ocean,black and white,lake,boat
6181	Sabrina Carpenter - Espresso	2024/05/15/261715812415.webp	fpv-drone,tracking	2024	water,driving,ocean,black and white,lake,boat,steering,sabrina carpenter
6182	Sabrina Carpenter - Espresso	2024/05/15/261715812472.webp	falling,fpv-drone,tracking	2024	water,driving,ocean,black and white,lake,falling,boat,steering,accident,sabrina carpenter
6184	Sabrina Carpenter - Espresso	2024/05/15/261715812644.webp	color-shift	2024	Day,ocean,black and white,exterior,lake,body of water
6185	Sabrina Carpenter - Espresso	2024/05/15/261715812726.webp	haze	2024	beach,sand,walking,pose,sabrina carpenter,Marilyn Monroe
6186	Sabrina Carpenter - Espresso	2024/05/15/261715812773.webp	freeze-frame,haze,photography	2024	beach,sand,walking,pose,sabrina carpenter,Marilyn Monroe
6187	Sabrina Carpenter - Espresso	2024/05/15/261715812813.webp	freeze-frame,haze,photography	2024	beach,sand,walking,pose,sabrina carpenter,Marilyn Monroe
6188	Sabrina Carpenter - Espresso	2024/05/15/261715812867.webp	close-up,pan,tracking	2024	beach,sand,walking,pose,sabrina carpenter,Marilyn Monroe
6189	Sabrina Carpenter - Espresso	2024/05/15/261715812930.webp	whip-pan	2024	beach,sand,walking,shopping,umbrella,pose,sabrina carpenter,Marilyn Monroe
6190	Sabrina Carpenter - Espresso	2024/05/15/261715812985.webp	central-framing	2024	beach,friends,group,orange,shopping,pose
6191	Sabrina Carpenter - Espresso	2024/05/15/261715813119.webp	central-framing,zoom-in	2024	beach,vacation,relaxing,orange,reading,book,pose,sabrina carpenter
6192	Sabrina Carpenter - Espresso	2024/05/15/261715813193.webp	central-framing,dolly-shot	2024	beach,vacation,relaxing,orange,reading,book,pose,sabrina carpenter
6193	Sabrina Carpenter - Espresso	2024/05/15/261715813247.webp	tableau-shots	2024	friends,group,vacation,relaxing,sabrina carpenter,pedicure
6194	Sabrina Carpenter - Espresso	2024/05/15/261715813298.webp	crash-transition,match-motion	2024	friends,group,vacation,relaxing,sabrina carpenter,pedicure
6195	Sabrina Carpenter - Espresso	2024/05/15/261715813370.webp	choreo	2024	beach,sand,friends,group,vacation,relaxing,sabrina carpenter
6196	Sabrina Carpenter - Espresso	2024/05/15/261715813424.webp	choreo	2024	beach,sand,friends,group,vacation,relaxing,legs,sensual,sabrina carpenter,sultry
6198	Sabrina Carpenter - Espresso	2024/05/15/261715813522.webp	choreo,high-angle	2024	Day,beach,sand,exterior,vacation,tanning,sun tan
6199	Sabrina Carpenter - Espresso	2024/05/15/261715813578.webp	video-portraits	2024	Male,water,beach,ocean,surfing,truck,pose,sensual,models
6200	Sabrina Carpenter - Espresso	2024/05/15/261715813613.webp	choreo	2024	Male,water,beach,ocean,surfing,truck,pose,sensual,models
6201	Sabrina Carpenter - Espresso	2024/05/15/261715813684.webp	close-up	2024	woman,beach,singing,vacation,orange,sabrina carpenter,visor
6202	Sabrina Carpenter - Espresso	2024/05/15/261715813723.webp	central-framing,zoom-in	2024	woman,beach,singing,vacation,orange,sabrina carpenter,visor
6203	Sabrina Carpenter - Espresso	2024/05/15/261715813752.webp	central-framing,tableau-shots	2024	woman,beach,singing,vacation,orange,sabrina carpenter,visor
6204	Sabrina Carpenter - Espresso	2024/05/15/261715813804.webp	choreo	2024	Day,beach,women,exterior,ice cream,swimsuit,bikini,sensual,lifeguard,summer,tower
6205	Sabrina Carpenter - Espresso	2024/05/15/261715813878.webp	choreo	2024	beach,group,men,surfing,sunglasses,summer,surfboard,surfers
6206	Sabrina Carpenter - Espresso	2024/05/15/261715813931.webp	central-framing,choreo,tableau-shots	2024	beach,group,men,surfing,sunglasses,summer,surfboard,surfers
6207	Sabrina Carpenter - Espresso	2024/05/15/261715813984.webp	central-framing	2024	Day,Male,water,beach,exterior,surfing,sensual,summer,surfboard,surfers
6208	Sabrina Carpenter - Espresso	2024/05/15/261715814028.webp	close-up,reflections	2024	Day,woman,beach,sunny,sun,sunglasses,summer,sabrina carpenter
6209	Sabrina Carpenter - Espresso	2024/05/15/261715814076.webp	tilt,ultra-wide-zero-d	2024	Day,woman,beach,sunny,sun,sunglasses,summer,sabrina carpenter
6210	Sabrina Carpenter - Espresso	2024/05/15/261715814104.webp	low-angle	2024	Day,woman,beach,sunny,sun,sunglasses,summer,sabrina carpenter
6211	Sabrina Carpenter - Espresso	2024/05/15/261715814141.webp	central-framing,wide-shot	2024	Day,woman,beach,sunny,sun,sunglasses,summer,sabrina carpenter
6212	Sabrina Carpenter - Espresso	2024/05/15/261715814201.webp	central-framing,choreo,cut-ins,overhead	2024	Day,beach,women,group,sunny,tan,sun,summer,tanning,surfboards
6213	Sabrina Carpenter - Espresso	2024/05/15/261715814240.webp	central-framing,choreo,zoom-in	2024	Day,dancing,exterior,summer,sabrina carpenter,surfboard
6214	Sabrina Carpenter - Espresso	2024/05/15/261715814383.webp	high-angle,zoom-in	2024	pool,car,vehicle,sabrina carpenter,parked
6215	Sabrina Carpenter - Espresso	2024/05/15/261715814480.webp	tilt	2024	Day,exterior,police,arrested,police car,sabrina carpenter
6216	Flume feat. MAY-A - Say Nothing	2024/05/20/261716235825.webp	generative,morphing	2022	color shift,ai,generative,stable diffusion
6217	Flume feat. MAY-A - Say Nothing	2024/05/20/261716235940.webp	close-up,profile-shot	2022	close up,macro,face,eye
6218	Flume feat. MAY-A - Say Nothing	2024/05/20/261716236020.webp	light-flash,quick-cuts,void	2022	bird,room,boardroom,meeting
6219	Flume feat. MAY-A - Say Nothing	2024/05/20/261716236117.webp	light-flash,void	2022	void,masks
6220	Flume feat. MAY-A - Say Nothing	2024/05/20/261716236264.webp	distortions,silhouette	2022	orange
6221	Flume feat. MAY-A - Say Nothing	2024/05/20/261716236328.webp	projections,void	2022	mask,projection mapping
6222	Flume feat. MAY-A - Say Nothing	2024/05/20/261716236419.webp	silhouette	2022	Day,motorcycle,biker
6223	Flume feat. MAY-A - Say Nothing	2024/05/20/261716236520.webp	tableau-shots,wide-shot	2022	Day,pink,exterior,flowers,meadow
6224	Flume feat. MAY-A - Say Nothing	2024/05/20/261716236703.webp	tableau-shots,wide-shot	2022	Day,green,forest,exterior
6225	Flume feat. MAY-A - Say Nothing	2024/05/20/261716236848.webp	spotlight,void	2022	dinner,table,biker,motorcyclist
6226	Flume feat. MAY-A - Say Nothing	2024/05/20/261716236892.webp	ground-shot,profile-shot	2022	dinner,table,biker,motorcyclist
6227	Flume feat. MAY-A - Say Nothing	2024/05/20/261716236929.webp	close-up,void	2022	snail
6228	Flume feat. MAY-A - Say Nothing	2024/05/20/261716237032.webp	central-framing,tableau-shots	2022	Day,exterior,motorcycle,biker
6229	Flume feat. MAY-A - Say Nothing	2024/05/20/261716237117.webp	central-framing,match-cut,tableau-shots	2022	Day,exterior,motorcycle,biker
6230	Flume feat. MAY-A - Say Nothing	2024/05/20/261716237177.webp	trip	2022	Day,forest,exterior,trees
6231	Flume feat. MAY-A - Say Nothing	2024/05/20/261716237241.webp	color-shift,generative	2022	bird,ai,generative,stable diffusion
6232	Flume feat. MAY-A - Say Nothing	2024/05/20/261716237276.webp	generative	2022	bird,ai,generative,stable diffusion
6233	Flume feat. MAY-A - Say Nothing	2024/05/20/261716237308.webp	color-shift,generative	2022	bird,ai,generative,stable diffusion
6234	Flume feat. MAY-A - Say Nothing	2024/05/20/261716237345.webp	central-framing,light-flash,void	2022	bird,ai,generative,stable diffusion
6235	Flume feat. MAY-A - Say Nothing	2024/05/20/261716237390.webp	close-up,color-shift,generative	2022	bird,ai,generative,stable diffusion
6236	Flume feat. MAY-A - Say Nothing	2024/05/20/261716237437.webp	light-flash,void	2022	biker,motorcyclist
6237	Dune: Part Two	2024/05/20/261716237793.webp	aerial,fpv-drone	2024	Day,exterior,desert,world
6238	Dune: Part Two	2024/05/20/261716237839.webp	ground-shot,focal-focus,slow-motion	2024	Day,exterior,desert,world
6239	Dune: Part Two	2024/05/20/261716237916.webp	first-person-pov	2024	Day,group,exterior,desert,world
6240	Dune: Part Two	2024/05/20/261716237961.webp	high-angle	2024	Day,group,exterior,crowd
6241	Dune: Part Two	2024/05/20/261716238038.webp	first-person-pov	2024	Day,group,exterior,crowd
6242	Dune: Part Two	2024/05/20/261716238093.webp	overhead	2024	Day,group,exterior,crowd
6243	The Blair Witch Project	2024/05/21/261716270889.webp	glitch,shaky-cam,vhs	1999	black and white,horror
6244	Dune: Part Two	2024/05/21/261716271185.webp	high-angle,wide-shot	2024	Day,group,black and white,exterior,crowd
6245	Dune: Part Two	2024/05/21/261716271210.webp	arc-movement	2024	Day,exterior,desert,dune
6246	Dune: Part Two	2024/05/21/261716271248.webp	central-framing,silhouette	2024	Red,walking,fire
6247	Dune: Part Two	2024/05/21/261716271274.webp	close-up	2024	woman
6249	Dune: Part Two	2024/05/21/261716271323.webp	wide-shot	2024	crowd
6250	Dune: Part Two	2024/05/21/261716271347.webp	silhouette	2024	Day,Explosion,exterior,silhouette,fire
6251	Zendaya for Entertainment Weekly	2024/05/21/261716271513.webp	hard-light,spotlight	2024	woman,zendaya
6252	Dune: Part Two	2024/05/21/261716271569.webp	over-the-shoulder	2024	
6253	Dune: Part Two	2024/05/21/261716271615.webp	close-up	2024	Male,orange,dune
6254	Dune: Part Two	2024/05/21/261716271690.webp	focal-focus	2024	Male,dune
6256	Dune: Part Two	2024/05/21/261716271752.webp	focal-focus	2024	Timothee Chalamet
6257	Dune: Part Two	2024/05/21/261716271837.webp	haze,wide-shot	2024	Timothee Chalamet
6258	Poor Things	2024/05/21/261716271932.webp	surrealism,scale-shift	2023	woman,dancing,black and white,hand
6259	Challengers	2024/05/21/261716272574.webp	slow-motion,worms-eye	2024	tennis
6260	Challengers	2024/05/21/261716272591.webp	slow-motion,worms-eye	2024	tennis
6261	Challengers	2024/05/21/261716272603.webp	slow-motion,worms-eye	2024	tennis
6262	Challengers	2024/05/21/261716272616.webp	slow-motion,worms-eye	2024	tennis
6263	Challengers	2024/05/21/261716272639.webp	close-up,slow-motion	2024	Male,sweat,tennis
6264	Challengers	2024/05/21/261716272669.webp	high-angle,silhouette,slow-motion	2024	Day,sports,blue,exterior,tennis,tennis court
6265	Challengers	2024/05/21/261716272696.webp	slow-motion	2024	Day,sports,blue,exterior,tennis,tennis court
6266	Challengers	2024/05/21/261716272741.webp	close-up	2024	sensual,zendaya
6267	Challengers	2024/05/21/261716272782.webp	overhead	2024	Day,sports,exterior,tennis ball,tennis
6268	Challengers	2024/05/21/261716272814.webp	silhouette,slow-motion	2024	Day,sports,exterior,tennis ball,tennis
6269	Challengers	2024/05/21/261716272858.webp	focal-focus	2024	Day,sports,exterior,tennis ball,tennis
6270	Made for Heroes. Worn by Icons	2024/05/21/261716333832.webp	dystopian,wide-shot	2024	Day,dusk,bridge,exterior,flare
6271	Made for Heroes. Worn by Icons	2024/05/21/261716333868.webp	dystopian	2024	Day,Male,dusk,exterior,flare
6272	Made for Heroes. Worn by Icons	2024/05/21/261716333938.webp	dystopian,shaky-cam	2024	group,angry,mob,shouting,angry mom
6273	Made for Heroes. Worn by Icons	2024/05/21/261716334091.webp	interview	2024	Male,television,news anchor,live tv,anchor
6274	Made for Heroes. Worn by Icons	2024/05/21/261716334141.webp	dystopian,glitch,interview	2024	Male,television,news anchor,live tv,anchor
6275	Made for Heroes. Worn by Icons	2024/05/21/261716334215.webp	datamosh,dystopian,transition	2024	Male,flare,angry,mob,protest
6303	ONHA - KODAK	2024/06/07/261717741352.webp	ultra-wide-zero-d	2024	Male,interior,bubble,pop,bubblegum
6304	ONHA - KODAK	2024/06/07/261717741476.webp	typography	2024	Male,interior,bubble,pop,bubblegum
6305	ONHA - KODAK	2024/06/07/261717741581.webp	dolly-shot	2024	woman,interior,laundromat
6306	ONHA - KODAK	2024/06/07/261717741625.webp	dolly-shot,first-person-pov	2024	woman,interior,laundromat
6307	ONHA - KODAK	2024/06/07/261717741799.webp	speed-ramping	2024	Male,interior,hands,floor,checkered
6308	ONHA - KODAK	2024/06/07/261717741879.webp	high-angle,ultra-wide-zero-d,whip-pan	2024	Male,interior,hands,floor,checkered
6309	ONHA - KODAK	2024/06/07/261717741982.webp	first-person-pov	2024	interior,barberdshop
6310	ONHA - KODAK	2024/06/07/261717742174.webp	tilt	2024	interior,barberdshop
6311	ONHA - KODAK	2024/06/07/261717742331.webp	jump-cut,lazy-susan,motion-blur	2024	Male,spin
6312	ONHA - KODAK	2024/06/07/261717742372.webp	lazy-susan,motion-blur	2024	Male,spin
6313	ONHA - KODAK	2024/06/07/261717742460.webp	close-up,dolly-shot	2024	woman,close up
6314	ONHA - KODAK	2024/06/07/261717742555.webp	anthropomorphism,ground-shot	2024	Day,exterior,basketball,basketball court
6315	ONHA - KODAK	2024/06/07/261717742593.webp	anthropomorphism,locked-on	2024	Day,exterior,basketball,basketball court
6316	ONHA - KODAK	2024/06/07/261717742676.webp	anthropomorphism,high-angle,speed-ramping,slow-motion	2024	Day,exterior,basketball,basketball court
6317	ONHA - KODAK	2024/06/07/261717742755.webp	anthropomorphism,first-person-pov	2024	Day,exterior,basketball,basketball court
6318	ONHA - KODAK	2024/06/07/261717742812.webp	anthropomorphism,locked-on	2024	Day,exterior,basketball,basketball court
6319	ONHA - KODAK	2024/06/07/261717742897.webp	fixed-camera	2024	phone
6320	ONHA - KODAK	2024/06/07/261717742944.webp	light-flash	2024	
6321	ONHA - KODAK	2024/06/07/261717742995.webp	central-framing	2024	
6322	Bree Runway - Just Like That	2024/07/05/261720163132.webp	light-flash,slow-motion,trucking	2024	flash,heels,photography,fashion
6323	Bree Runway - Just Like That	2024/07/05/261720163190.webp	choreo,silhouette	2024	woman,dancing,shadow
6324	Bree Runway - Just Like That	2024/07/05/261720163333.webp	transition	2024	woman,dancing,shadow
6325	Bree Runway - Just Like That	2024/07/05/261720163386.webp	transition	2024	woman,teeth,grillz,mouth
6326	Bree Runway - Just Like That	2024/07/05/261720163432.webp	camera-roll	2024	
6327	Bree Runway - Just Like That	2024/07/05/261720163478.webp	light-flash	2024	
6328	Bree Runway - Just Like That	2024/07/05/261720163511.webp	light-flash	2024	
6329	Bree Runway - Just Like That	2024/07/05/261720163556.webp	datamosh,duplication,void	2024	
6330	Bree Runway - Just Like That	2024/07/05/261720163597.webp	datamosh,duplication,void	2024	
6331	Bree Runway - Just Like That	2024/07/05/261720163651.webp	close-up,datamosh,void	2024	singing,teeth,mouth
6332	Bree Runway - Just Like That	2024/07/05/261720163694.webp	datamosh,jump-cut	2024	
6333	Bree Runway - Just Like That	2024/07/05/261720163753.webp	datamosh,transition	2024	
6334	Bree Runway - Just Like That	2024/07/05/261720163825.webp	choreo,kaleidoscope,void	2024	dancing,void
6335	Bree Runway - Just Like That	2024/07/05/261720163864.webp	choreo,datamosh,kaleidoscope,void	2024	dancing,void
6336	Bree Runway - Just Like That	2024/07/05/261720163901.webp	duplication,void	2024	dancing,void
6337	Bree Runway - Just Like That	2024/07/05/261720163965.webp	duplication,kaleidoscope,void	2024	dancing,void
6338	Bree Runway - Just Like That	2024/07/05/261720164016.webp	echo-printing,kaleidoscope,void	2024	dancing,void
6339	Bree Runway - Just Like That	2024/07/05/261720164076.webp	echo-printing,motion-blur,slow-motion	2024	dancing,void
6340	Bree Runway - Just Like That	2024/07/05/261720164152.webp	collage,pass-through	2024	collage,teeth,mouth
6341	Bree Runway - Just Like That	2024/07/05/261720164187.webp	collage	2024	collage,teeth,mouth
6342	Bree Runway - Just Like That	2024/07/05/261720164239.webp	transition	2024	mirror
6343	Bree Runway - Just Like That	2024/07/05/261720164291.webp	morphing,void	2024	treadmill
6344	The Shining	2024/07/05/261720164544.webp	aerial,double-exposure	1980	forest,lake,aerial
6345	The Shining	2024/07/05/261720164595.webp	aerial,double-exposure,typography	1980	forest,lake,aerial
6347	The Shining	2024/07/05/261720164658.webp	aerial,vhs	1980	oregon,mount hood
6348	Victoria Monet - Alright	2024/07/05/261720165001.webp	choreo,silhouette,spotlight	2024	blue,victoria monet,glitter
6349	Victoria Monet - Alright	2024/07/05/261720165149.webp	choreo,echo-printing	2024	blue,victoria monet,glitter
6350	Victoria Monet - Alright	2024/07/05/261720165188.webp	bolt-cam,choreo	2024	blue,victoria monet,glitter
6351	Victoria Monet - Alright	2024/07/05/261720165232.webp	choreo,transition	2024	blue,victoria monet,glitter
6352	Victoria Monet - Alright	2024/07/05/261720165278.webp	central-framing,choreo,cut-ins	2024	blue,victoria monet,glitter
6353	Victoria Monet - Alright	2024/07/05/261720165328.webp	choreo,haze	2024	blue,victoria monet,glitter
6354	Victoria Monet - Alright	2024/07/05/261720165387.webp	choreo,match-cut	2024	blue,victoria monet,glitter
6355	Victoria Monet - Alright	2024/07/05/261720165420.webp	choreo,light-flash	2024	blue,victoria monet
6356	Victoria Monet - Alright	2024/07/05/261720165486.webp	choreo,projections	2024	blue,eye,pupil,victoria monet
6357	Victoria Monet - Alright	2024/07/05/261720165546.webp	bolt-cam,choreo,projections	2024	blue,eye,pupil,victoria monet
6358	Victoria Monet - Alright	2024/07/05/261720165642.webp	boomerang,choreo	2024	victoria monet
6359	Victoria Monet - Alright	2024/07/05/261720165679.webp	boomerang,choreo	2024	victoria monet
6360	Victoria Monet - Alright	2024/07/05/261720165706.webp	boomerang,choreo	2024	victoria monet
6361	Victoria Monet - Alright	2024/07/05/261720165749.webp	boomerang,choreo	2024	victoria monet
6362	Victoria Monet - Alright	2024/07/05/261720165812.webp	choreo,jump-cut	2024	victoria monet
6363	Victoria Monet - Alright	2024/07/05/261720165857.webp	choreo	2024	victoria monet,lasers
6364	Untitled by @kentskooking	2024/07/07/261720342889.webp	generative	2024	
6365	Untitled by @kentskooking	2024/07/07/261720342928.webp	generative	2024	
6366	Oddworld x Souly - wzf / maybach	2024/07/07/261720343410.webp	close-up	2024	black and white,lips,mouth,inverted
6367	Oddworld x Souly - wzf / maybach	2024/07/07/261720343465.webp	datamosh,typography	2024	orange,glitch
6368	Oddworld x Souly - wzf / maybach	2024/07/07/261720343518.webp	close-up	2024	teeth,mouth
6369	Oddworld x Souly - wzf / maybach	2024/07/07/261720343593.webp	datamosh	2024	Male,glitch,grain,hoodie
6370	Oddworld x Souly - wzf / maybach	2024/07/07/261720343639.webp	screen-in-screen,silhouette	2024	Male,glitch,grain,hoodie
6371	Oddworld x Souly - wzf / maybach	2024/07/07/261720343702.webp	datamosh	2024	Male,glitch,grain,hoodie
6372	Oddworld x Souly - wzf / maybach	2024/07/07/261720343746.webp	datamosh,voyeur	2024	Male,glitch,grain,hoodie
6373	Oddworld x Souly - wzf / maybach	2024/07/07/261720343789.webp	datamosh,snorricam	2024	Male,glitch,grain,hoodie
6374	Oddworld x Souly - wzf / maybach	2024/07/07/261720343827.webp	datamosh	2024	Male,glitch,grain,hoodie
6375	Oddworld x Souly - wzf / maybach	2024/07/07/261720344023.webp	datamosh,glitch,first-person-pov,generative,thermal	2024	glitch,fpv,thermal
6376	Oddworld x Souly - wzf / maybach	2024/07/07/261720344199.webp	first-person-pov,thermal	2024	glitch,fpv,thermal
6377	Oddworld x Souly - wzf / maybach	2024/07/07/261720344262.webp	first-person-pov,thermal	2024	fight,fpv,thermal
6378	Oddworld x Souly - wzf / maybach	2024/07/07/261720344324.webp	first-person-pov,low-angle,thermal	2024	fight,fpv,thermal,ambulance,emt,first aid,responders
6379	Oddworld x Souly - wzf / maybach	2024/07/07/261720344375.webp	first-person-pov,low-angle,thermal	2024	Male,first person,fight,fpv,thermal,fist
6380	Oddworld x Souly - wzf / maybach	2024/07/07/261720344379.webp	first-person-pov,low-angle,thermal	2024	Male,first person,fight,fpv,thermal,fist
6381	Oddworld x Souly - wzf / maybach	2024/07/07/261720344442.webp	low-angle,thermal	2024	fight,shooting,guns,soldiers,thermal,assault weapon
6382	Oddworld x Souly - wzf / maybach	2024/07/07/261720344486.webp	low-angle,thermal	2024	low angle,woman,car,interior,girl,texting,thermal
6383	Oddworld x Souly - wzf / maybach	2024/07/07/261720344589.webp	thermal	2024	car,trunk,gun,violence,thermal,gang
6384	Oddworld x Souly - wzf / maybach	2024/07/07/261720344656.webp	snorricam,thermal	2024	Male,walking,snorricam,hoodie,thermal
6385	Oddworld x Souly - wzf / maybach	2024/07/07/261720344736.webp	trip,snorricam,thermal	2024	Male,walking,snorricam,hoodie,thermal
6386	Oddworld x Souly - wzf / maybach	2024/07/07/261720344792.webp	digital-overlay,snorricam,thermal,video-game	2024	Male,walking,snorricam,hoodie,thermal
6387	Oddworld x Souly - wzf / maybach	2024/07/07/261720344824.webp	digital-overlay,snorricam,thermal,video-game	2024	Male,walking,snorricam,hoodie,thermal
6388	Oddworld x Souly - wzf / maybach	2024/07/07/261720344887.webp	glitch,thermal	2024	grain,thermal
6389	Oddworld x Souly - wzf / maybach	2024/07/07/261720344945.webp	echo-printing,step-printing,thermal	2024	grain,thermal
6390	Oddworld x Souly - wzf / maybach	2024/07/07/261720344988.webp	low-angle,thermal	2024	grain,thermal
6391	Oddworld x Souly - wzf / maybach	2024/07/07/261720345029.webp	trip,thermal	2024	grain,thermal
6392	Oddworld x Souly - wzf / maybach	2024/07/07/261720345087.webp	first-person-pov,thermal	2024	car,grain,thermal
6393	Oddworld x Souly - wzf / maybach	2024/07/07/261720345131.webp	thermal,typography	2024	car,grain,thermal
6394	Oddworld x Souly - wzf / maybach	2024/07/07/261720345167.webp	thermal,typography	2024	car,grain,thermal
6395	Game of Thrones	2024/07/07/261720383275.webp	floating	2011	
6396	Omega - Road to the Olympics	2024/07/07/261720383986.webp	low-angle,reflections,silhouette,slow-motion	2024	water,beach
6397	Omega - Road to the Olympics	2024/07/07/261720384189.webp	reflections,transition	2024	goggles
6398	Omega - Road to the Olympics	2024/07/07/261720384256.webp	underwater	2024	water,pool,sports,athlete,olympics,swimming,michael phelps
6399	Omega - Road to the Olympics	2024/07/07/261720384360.webp	double-exposure,echo-printing,motion-blur	2024	water,pool,sports,blue,athlete,olympics,swimming,michael phelps
6400	Omega - Road to the Olympics	2024/07/07/261720384428.webp	underwater	2024	water,pool,sports,blue,athlete,olympics,swimming,michael phelps
6401	Omega - Road to the Olympics	2024/07/07/261720384475.webp	echo-printing,motion-blur	2024	water,pool,sports,blue,athlete,olympics,swimming,michael phelps
6402	The Dare - Perfume	2024/07/07/261720384885.webp	collage,split-screen	2024	
6403	The Dare - Perfume	2024/07/07/261720384963.webp	photography,shadow-box	2024	black and white,fashion,pose,editorial
6404	The Dare - Perfume	2024/07/07/261720384999.webp	void	2024	black and white,fashion,pose,editorial
6405	The Dare - Perfume	2024/07/07/261720385066.webp	flash-cut,shadow-box	2024	black and white,fashion,pose,editorial
6406	The Dare - Perfume	2024/07/07/261720385174.webp	conveyor,collage	2024	black and white,fashion,pose,editorial
6407	The Dare - Perfume	2024/07/07/261720385255.webp	close-up,product	2024	black and white,bottle,hand,perfume,cap
6408	The Dare - Perfume	2024/07/07/261720385325.webp	close-up	2024	black and white,sensual
6409	The Dare - Perfume	2024/07/07/261720385364.webp	close-up,void	2024	black and white,sensual
6410	The Dare - Perfume	2024/07/07/261720385427.webp	conveyor,collage,motion-blur,speed-ramping	2024	black and white
6411	Banishers - Ghost of New Eden	2024/07/13/261720849548.webp	transition,video-game	2024	Male,portal,medieval,ghost,gaming,banisher,1600s
6412	Jhula - Manish Khushalani	2024/07/13/261720849939.webp	reflections	2024	woman,blue,interior,dark,sleeping,ornate
6413	Jhula - Manish Khushalani	2024/07/13/261720850075.webp	floating	2024	Day,pink,feet,women,dress,grass,two shot,exterior,pants,floating,barefoot
6414	Jhula - Manish Khushalani	2024/07/13/261720850214.webp	floating	2024	Day,pink,feet,women,dress,grass,two shot,exterior,pants,floating,barefoot
6415	Jhula - Manish Khushalani	2024/07/13/261720850261.webp	floating,two-shot	2024	Day,pink,feet,women,dress,grass,two shot,exterior,pants,floating,barefoot
6416	Jhula - Manish Khushalani	2024/07/13/261720850298.webp	floating,match-cut,overhead,two-shot	2024	Day,pink,feet,women,dress,grass,two shot,exterior,pants,floating,barefoot
6417	Jhula - Manish Khushalani	2024/07/13/261720850488.webp	halation	2024	interior,two shot,handheld
6418	Jhula - Manish Khushalani	2024/07/13/261720850874.webp	choreo,dolly-zoom	2024	Red,woman,interior,dancing,hallway,choreo
6419	Jhula - Manish Khushalani	2024/07/13/261720850936.webp	floating	2024	Day,Red,green,forest,pink,dress,grass,exterior,floating
6420	Jhula - Manish Khushalani	2024/07/13/261720850991.webp	arc-movement,choreo,two-shot	2024	woman,interior,dancing,two shot,dark
6421	Jhula - Manish Khushalani	2024/07/13/261720851055.webp	choreo,halation,floating	2024	Day,pink,two shot,exterior,floating,rainbow
6422	AJ Tracey - Bubble Bath	2024/07/13/261720913588.webp	screen-in-screen,vhs	2024	vintage,retro,television,tube tv
6423	AJ Tracey - Bubble Bath	2024/07/13/261720913658.webp	screen-in-screen,vhs	2024	vintage,retro,television,tube tv
6424	AJ Tracey - Bubble Bath	2024/07/13/261720913825.webp	transition,vhs	2024	vintage,retro,television,tube tv
6425	AJ Tracey - Bubble Bath	2024/07/13/261720913884.webp	transition,zoom-in	2024	transition,screen
6426	AJ Tracey - Bubble Bath	2024/07/13/261720913937.webp	locked-on,overhead	2024	woman,walking,interior,door
6427	AJ Tracey - Bubble Bath	2024/07/13/261720914020.webp	undercranking,speed-ramping	2024	woman,interior
6428	AJ Tracey - Bubble Bath	2024/07/13/261720914103.webp	close-up,focal-focus	2024	woman,close up,nails
6429	AJ Tracey - Bubble Bath	2024/07/13/261720914161.webp	scale-shift	2024	pink,interior,arcade,claw machine
6430	AJ Tracey - Bubble Bath	2024/07/13/261720914203.webp	high-angle,scale-shift	2024	Male,pink,interior,arcade,claw machine
6431	AJ Tracey - Bubble Bath	2024/07/13/261720914258.webp	close-up,ultra-wide-zero-d	2024	Male,glasses,head,shake
6432	AJ Tracey - Bubble Bath	2024/07/13/261720914309.webp	scale-shift	2024	pink,interior,arcade,claw machine,claw,action figure
6433	AJ Tracey - Bubble Bath	2024/07/13/261720914359.webp	focal-shift,scale-shift	2024	pink,interior,arcade,claw machine,claw,action figure
6434	AJ Tracey - Bubble Bath	2024/07/13/261720914406.webp	dolly-shot	2024	woman,teeth,grills,grillz,mouth,can,soda
6435	AJ Tracey - Bubble Bath	2024/07/13/261720914443.webp	close-up	2024	woman,teeth,grills,grillz,mouth,can,soda
6436	AJ Tracey - Bubble Bath	2024/07/13/261720914472.webp	close-up	2024	woman,teeth,grills,grillz,mouth,can,soda
6437	AJ Tracey - Bubble Bath	2024/07/13/261720914553.webp	scale-shift	2024	car,miniature,model
6438	AJ Tracey - Bubble Bath	2024/07/13/261720914600.webp	overhead,spotlight	2024	car,night,miniature,model
6439	AJ Tracey - Bubble Bath	2024/07/13/261720914665.webp	dolly-shot,scale-shift	2024	tv,miniature,television,action figure
6440	Nitewalkers Infomercial	2024/07/13/261720914909.webp	product,vhs		
6441	Car wash infomercial	2024/07/13/261720915151.webp	vhs		
6442	Car wash infomercial	2024/07/14/261720915224.webp	vhs		
6443	Ladder infomercial	2024/07/14/261720915250.webp	vhs		
6444	Miss Cleo infomercial	2024/07/14/261720915279.webp	vhs		
6445	Dougs Dougit infomercial	2024/07/14/261720915303.webp	vhs		
6446	Sticky buddy nfomercial	2024/07/14/261720915327.webp	vhs		
6447	Spilt milk infomercial	2024/07/14/261720915483.webp	vhs		
6448	As Seen on TV infomercial	2024/07/14/261720915572.webp	vhs		
6449	The Peasants	2024/07/14/261720916145.webp	traditional	2023	Day,woman,walking,exterior,tracking
6450	The Peasants	2024/07/14/261720916185.webp	traditional	2023	Day,woman,interior
6451	The Peasants	2024/07/14/261720916211.webp	traditional,two-shot	2023	Day,exterior
6452	The Peasants	2024/07/14/261720916237.webp	traditional	2023	Day,woman,exterior
6453	The Peasants	2024/07/14/261720916257.webp	traditional	2023	Day,woman,exterior
6454	The Peasants	2024/07/14/261720916287.webp	traditional	2023	night,exterior,dark,rain
6455	The Peasants	2024/07/14/261720916315.webp	traditional,reflections	2023	woman,interior,mirror
6456	The Peasants	2024/07/14/261720916356.webp	traditional	2023	Male,interior,cabin
6457	The Peasants	2024/07/14/261720916389.webp	traditional	2023	interior,dancing
6458	The Peasants	2024/07/14/261720916417.webp	traditional	2023	Day,woman,exterior
6459	The Peasants	2024/07/14/261720916446.webp	traditional	2023	woman,interior,dark
6460	The Peasants	2024/07/14/261720916482.webp	traditional	2023	Day,woman,window,exterior,sunflower
6461	Witchfinder General	2024/07/14/261720916780.webp	typography	1968	
6462	The Monster Club	2024/07/14/261720916897.webp	typography	1981	
6463	The Mad Magician	2024/07/14/261720917679.webp	typography	1954	Red,black and white
6464	Twice-Told Tales	2024/07/14/261720917819.webp	typography	1963	Male,pink,magenta
6465	Master of the World	2024/07/14/261720917942.webp	typography	1961	yellow
6466	Diary of a Madman	2024/07/14/261720918048.webp	typography	1963	purple
6467	ScHoolboy Q - Floating	2024/09/10/261725942627.webp	undercranking	2019	exterior,city,timelapse
6468	ScHoolboy Q - Floating	2024/09/10/261725942731.webp	transition	2019	car,sunset,los angeles,fast motion,palm tree
6469	ScHoolboy Q - Floating	2024/09/10/261725942813.webp	dolly-zoom,undercranking,stop-motion	2019	car,street,los angeles,lowrider,hopper
6470	ScHoolboy Q - Floating	2024/09/10/261725942870.webp	step-printing,stop-motion	2019	car,street,los angeles,lowrider,hopper
6471	ScHoolboy Q - Floating	2024/09/10/261725942920.webp	stop-motion,tracking	2019	Male,interior,shopping,cowboy hat,hat,market
6472	ScHoolboy Q - Floating	2024/09/10/261725943074.webp	undercranking	2019	blur,interior,shoes,cowboy,shopping,boots,cowboy boots,market
6473	ScHoolboy Q - Floating	2024/09/10/261725943143.webp	undercranking	2019	interior,bar,club,strip club,fast motion,dancers,strippers,nightlife
6474	ScHoolboy Q - Floating	2024/09/10/261725943208.webp	undercranking	2019	
6475	ScHoolboy Q - Floating	2024/09/10/261725943277.webp	jump-cut,wandering	2019	bar,rapper,strip club,strippers,nightlife,clubbing
6476	ScHoolboy Q - Floating	2024/09/10/261725943314.webp	undercranking,speed-ramping	2019	bar,rapper,strip club,strippers,nightlife,clubbing
6477	ScHoolboy Q - Floating	2024/09/10/261725943391.webp	undercranking,wandering	2019	Day,weed,house,interior,friends,group,smoking,home,tv,drugs,living room,room,hanging out
6478	ScHoolboy Q - Floating	2024/09/10/261725943457.webp	undercranking	2019	car,racing,night,exterior,city
6479	ScHoolboy Q - Floating	2024/09/10/261725943500.webp	undercranking	2019	Male,car,racing,night,exterior,city,guy
6480	ScHoolboy Q - Floating	2024/09/10/261725943585.webp	undercranking,transition,zoom-in	2019	Red,car,racing,night,exterior,city
6481	ScHoolboy Q - Floating	2024/09/10/261725943637.webp	undercranking,transition,wandering,zoom-in	2019	Red,car,racing,night,exterior,city
6482	ScHoolboy Q - Floating	2024/09/10/261725943725.webp	pass-through,transition	2019	night,window,city
6483	ScHoolboy Q - Floating	2024/09/10/261725943841.webp	datamosh,jump-cut	2019	Male,money,rapper,room
6484	ScHoolboy Q - Floating	2024/09/10/261725944222.webp	flash-cut,wandering	2019	Male,rotate,window,exterior,money,rapper,room,rotating
6485	ScHoolboy Q - Floating	2024/09/10/261725944370.webp	flash-cut,wandering,zoom-in	2019	Male,rotate,window,exterior,money,rapper,room,rotating
6486	ScHoolboy Q - Floating	2024/09/10/261725944443.webp	stop-motion,wigglegram	2019	Male,interior,women,money,cash,beanie,orange,room,guy,strippers
6487	ScHoolboy Q - Floating	2024/09/10/261725944520.webp	transition	2019	Male,interior,women,money,cash,beanie,orange,room,guy,strippers
6488	ScHoolboy Q - Floating	2024/09/10/261725944611.webp	stop-motion,wandering	2019	interior,drugs,room
6489	ScHoolboy Q - Floating	2024/09/10/261725944661.webp	stop-motion	2019	Male,interior,money,cash,drugs,room,guy
6490	ScHoolboy Q - Floating	2024/09/10/261725944733.webp	dolly-shot,stop-motion	2019	Male,interior,money,cash,drugs,room,guy
6491	ScHoolboy Q - Floating	2024/09/10/261725944795.webp	flash-cut	2019	building,criminals,guys
6492	ScHoolboy Q - Floating	2024/09/10/261725944885.webp	flash-cut	2019	car,night,exterior,dark,headlights,high angle,cars,traffic,highway
6493	ScHoolboy Q - Floating	2024/09/10/261725944957.webp	undercranking,stop-motion,tracking	2019	woman,walking,night,bridge,exterior
6494	ScHoolboy Q - Floating	2024/09/10/261725945001.webp	undercranking	2019	Male,night,bridge,exterior
6495	ScHoolboy Q - Floating	2024/09/10/261725945082.webp	flash-cut	2019	
6496	Sabrina Carpenter Ft. Jenna Ortega - Taste	2024/09/10/261725945832.webp	reflections	2024	Day,interior,knife,sabrina carpenter,murder,slasher,killing,campy
6497	Sabrina Carpenter Ft. Jenna Ortega - Taste	2024/09/10/261725945876.webp	wide-shot	2024	Day,interior,knife,sabrina carpenter,murder,slasher,killing,campy
6498	Sabrina Carpenter Ft. Jenna Ortega - Taste	2024/09/10/261725945931.webp	fourth-wall	2024	Day,interior,knife,sabrina carpenter,murder,slasher,killing,campy
6499	Sabrina Carpenter Ft. Jenna Ortega - Taste	2024/09/10/261725945974.webp	voyeur	2024	Day,interior,door,sabrina carpenter,slasher,campy,creepy
6500	Sabrina Carpenter Ft. Jenna Ortega - Taste	2024/09/10/261725946074.webp	fixed-camera,as-object	2024	Day,interior,dancing,smile,singing,shotgun,sabrina carpenter
6501	Sabrina Carpenter Ft. Jenna Ortega - Taste	2024/09/10/261725946137.webp	quick-cuts	2024	Day,interior,dancing,smile,singing,shotgun,sabrina carpenter
6502	Sabrina Carpenter Ft. Jenna Ortega - Taste	2024/09/10/261725946196.webp	overhead	2024	blood,horror,fence,gore,sabrina carpenter,slasher,impaled
6503	Sabrina Carpenter Ft. Jenna Ortega - Taste	2024/09/10/261725946248.webp	as-object	2024	blood,horror,gore,sabrina carpenter,slasher,impaled
6504	Sabrina Carpenter Ft. Jenna Ortega - Taste	2024/09/10/261725946366.webp	voyeur	2024	night,interior,dusk,fire,sabrina carpenter,on fire,flames
6506	Sabrina Carpenter Ft. Jenna Ortega - Taste	2024/09/10/261725946525.webp	arc-movement,transition	2024	Day,kissing,exterior,sabrina carpenter,jenna ortega
6507	Sabrina Carpenter Ft. Jenna Ortega - Taste	2024/09/10/261725946568.webp	wide-shot	2024	Day,pool,exterior,sabrina carpenter,jenna ortega,chainsaw
6508	Sabrina Carpenter Ft. Jenna Ortega - Taste	2024/09/10/261725946635.webp	low-angle	2024	Day,blood,sky,exterior,sun,jenna ortega,chainsaw
6509	Sabrina Carpenter Ft. Jenna Ortega - Taste	2024/09/10/261725946679.webp	low-angle,underwater	2024	water,pool,underwater,blood,dead,sabrina carpenter,murder,drowned,drowning
6510	Sabrina Carpenter Ft. Jenna Ortega - Taste	2024/09/10/261725946726.webp	over-the-shoulder	2024	pool,blood,dead,murder,drown
6511	Sabrina Carpenter Ft. Jenna Ortega - Taste	2024/09/10/261725946777.webp	two-shot	2024	Day,woman,brunette,smile,exterior,blonde,sabrina carpenter,jenna ortega
6512	Sabrina Carpenter Ft. Jenna Ortega - Taste	2024/09/10/261725946858.webp	central-framing,two-shot	2024	Day,exterior,funeral,sabrina carpenter,jenna ortega
6513	Sabrina Carpenter Ft. Jenna Ortega - Taste	2024/09/10/261725946900.webp	shaky-cam,wide-shot	2024	Day,exterior,funeral,sabrina carpenter,jenna ortega
6514	Sabrina Carpenter Ft. Jenna Ortega - Taste	2024/09/10/261725946959.webp	central-framing,tracking,two-shot	2024	Day,walking,exterior,stairs,steps,funeral,sabrina carpenter,jenna ortega,black dress
6515	M.I.A. 'Bad Girls'	2024/09/12/261726173948.webp	tableau-shots	2012	car,exterior,desert,Morocco
6516	M.I.A. 'Bad Girls'	2024/09/12/261726174058.webp	video-portraits	2012	woman,car,exterior,fire,flame,desert,Morocco
6517	M.I.A. 'Bad Girls'	2024/09/12/261726174125.webp	first-person-pov,halation,slow-motion	2012	woman,exterior,desert,hat,Morocco
6518	M.I.A. 'Bad Girls'	2024/09/12/261726174167.webp	tableau-shots	2012	Day,car,exterior,desert,Morocco
6519	M.I.A. 'Bad Girls'	2024/09/12/261726174206.webp	trucking	2012	Day,group,surreal,exterior,desert,standing,Morocco
6520	M.I.A. 'Bad Girls'	2024/09/12/261726174420.webp	fourth-wall,slow-motion,trucking	2012	Day,car,surreal,exterior,desert,standing,Morocco
6521	M.I.A. 'Bad Girls'	2024/09/12/261726174458.webp	choreo,fourth-wall	2012	Day,car,exterior,desert,Morocco
6522	M.I.A. 'Bad Girls'	2024/09/12/261726174531.webp	distortions,haze	2012	Day,racing,exterior,desert,cars,haze,hot,Morocco,heat shimmer,heat haze
6523	M.I.A. 'Bad Girls'	2024/09/12/261726174604.webp	halation,pan	2012	Male,group,desert,Morocco
6524	M.I.A. 'Bad Girls'	2024/09/12/261726174635.webp	zoom-in	2012	car,smoke,drifting
6525	M.I.A. 'Bad Girls'	2024/09/12/261726174672.webp	distortions,haze	2012	haze
6526	M.I.A. 'Bad Girls'	2024/09/12/261726174718.webp	central-framing	2012	Day,racing,smoke,desert,cars,dust,Morocco
6527	M.I.A. 'Bad Girls'	2024/09/12/261726174762.webp	haze	2012	Day,racing,smoke,desert,cars,dust,Morocco
6528	M.I.A. 'Bad Girls'	2024/09/12/261726174805.webp	haze,slow-motion,tracking	2012	Day,Red,racing,smoke,desert,cars,drifting,dust,Morocco
6529	M.I.A. 'Bad Girls'	2024/09/12/261726174857.webp	slow-motion,wide-shot	2012	Day,sand,desert,horse,hot,dust,Morocco,heat
6530	M.I.A. 'Bad Girls'	2024/09/12/261726174889.webp	slow-motion	2012	Day,sand,desert,horse,hot,dust,Morocco,heat
6531	M.I.A. 'Bad Girls'	2024/09/12/261726174973.webp	tracking	2012	Day,car,racing,smoke,desert,drifting,hot,dust,Morocco,heat
6532	M.I.A. 'Bad Girls'	2024/09/12/261726175012.webp	halation,tracking	2012	music video,group,desert,sun,halation,Morocco
6533	M.I.A. 'Bad Girls'	2024/09/12/261726175068.webp	cut-ins	2012	car,music video,group,roof,desert,Morocco
6534	M.I.A. 'Bad Girls'	2024/09/12/261726175115.webp	haze	2012	car,music video,group,roof,desert,dust,Morocco
6535	M.I.A. 'Bad Girls'	2024/09/12/261726175171.webp	haze,slow-motion,tracking	2012	car,music video,roof,desert,dust,Morocco,stunt
6536	M.I.A. 'Bad Girls'	2024/09/12/261726175209.webp	slow-motion,trucking	2012	Male,racing,music video,desert,horse,dust,Morocco,stunt
6537	M.I.A. 'Bad Girls'	2024/09/12/261726175258.webp	close-up,fourth-wall,halation	2012	woman,close up,music video,desert,Morocco
6538	M.I.A. 'Bad Girls'	2024/09/12/261726175349.webp	arc-movement	2012	car,music video,Morocco,stunt
6539	M.I.A. 'Bad Girls'	2024/09/12/261726175401.webp	speed-ramping,tracking	2012	car,music video,drifting,dust,Morocco,stunt
6540	M.I.A. 'Bad Girls'	2024/09/12/261726175449.webp	match-cut	2012	car,music video,drifting,dust,Morocco,stunt
6541	M.I.A. 'Bad Girls'	2024/09/12/261726175526.webp	tracking	2012	car,music video,drifting,dust,Morocco,stunt
6542	M.I.A. 'Bad Girls'	2024/09/12/261726175561.webp	fixed-camera	2012	car,music video,drifting,dust,Morocco,stunt
6543	M.I.A. 'Bad Girls'	2024/09/12/261726175597.webp	cut-ins,high-angle,slow-motion	2012	car,music video,drifting,dust,Morocco,stunt
6544	M.I.A. 'Bad Girls'	2024/09/12/261726175647.webp	close-up,fixed-camera	2012	woman,car,music video,drifting,dust,Morocco,stunt
6545	M.I.A. 'Bad Girls'	2024/09/12/261726175687.webp	central-framing,wide-shot	2012	car,music video,drifting,dust,Morocco,stunt
6546	M.I.A. 'Bad Girls'	2024/09/12/261726175733.webp	pan,tracking	2012	car,music video,drifting,dust,Morocco,stunt
6547	M.I.A. 'Bad Girls'	2024/09/12/261726175809.webp	slow-motion,tracking	2012	woman,car,music video,dust,Morocco,stunt
6548	GIVĒON - TWENTIES	2025/02/10/261739168664.webp	typography	2025	black,void,giveon
6549	GIVĒON - TWENTIES	2025/02/10/261739168807.webp	projections	2025	music,projection,jazz
6550	GIVĒON - TWENTIES	2025/02/10/261739168847.webp	projections	2025	face,projection
6551	GIVĒON - TWENTIES	2025/02/10/261739168901.webp	projections	2025	face,projection
6552	GIVĒON - TWENTIES	2025/02/10/261739168954.webp	projections	2025	face,projection
6553	GIVĒON - TWENTIES	2025/02/10/261739169034.webp	trucking,void	2025	Red,car,black,void
6554	GIVĒON - TWENTIES	2025/02/10/261739169131.webp	projections	2025	face,cool,projection,black
6555	GIVĒON - TWENTIES	2025/02/10/261739169178.webp	projections,video-portraits,void	2025	surreal,bed,surrealism,black,tv,void
6556	GIVĒON - TWENTIES	2025/02/10/261739169284.webp	close-up,quick-cuts	2025	music,reflection,musician,metal,instrument
6557	GIVĒON - TWENTIES	2025/02/10/261739169383.webp	trucking,void	2025	black,void
6558	GIVĒON - TWENTIES	2025/02/10/261739169441.webp	trucking,void	2025	black,void
6559	GIVĒON - TWENTIES	2025/02/10/261739169475.webp	video-portraits,void	2025	black,phone,void
6560	GIVĒON - TWENTIES	2025/02/10/261739169512.webp	two-shot,video-portraits,void	2025	couple,couch
6561	GIVĒON - TWENTIES	2025/02/10/261739169568.webp	projections,void	2025	couple,couch
6562	GIVĒON - TWENTIES	2025/02/10/261739169612.webp	double-exposure,silhouette	2025	white,woman,exposure
6563	GIVĒON - TWENTIES	2025/02/10/261739169656.webp	video-portraits,void	2025	car,couple,void
6564	GIVĒON - TWENTIES	2025/02/10/261739169724.webp	trucking,void	2025	
6565	GIVĒON - TWENTIES	2025/02/10/261739169766.webp	projections,typography,void	2025	
6567	Doechii - DENIAL IS A RIVER	2025/02/10/261739171441.webp	typography,vhs	2025	Day,90s,house,exterior,titles
6568	Doechii - DENIAL IS A RIVER	2025/02/10/261739171504.webp	double-exposure,typography,vhs	2025	Day,90s,house,exterior,titles,sitcom
6569	Doechii - DENIAL IS A RIVER	2025/02/10/261739171555.webp	vhs,wide-shot	2025	Day,90s,house,interior,sitcom
6570	Doechii - DENIAL IS A RIVER	2025/02/10/261739171628.webp	trucking,vhs	2025	90s,green,walking,house,interior,sitcom,groceries,female
6571	Doechii - DENIAL IS A RIVER	2025/02/10/261739171697.webp	fourth-wall,typography,vhs	2025	Male,90s,walking,house,interior,stairs,sitcom
6572	Doechii - DENIAL IS A RIVER	2025/02/10/261739171810.webp	transition,typography,vhs	2025	90s,door,iris wipe.
6573	Doechii - DENIAL IS A RIVER	2025/02/10/261739171901.webp	focal-focus	2025	interior,indoors,set,back
6574	Doechii - DENIAL IS A RIVER	2025/02/10/261739172031.webp	breakdown	2025	interior,set,movie stage,studio audience
6576	Doechii - DENIAL IS A RIVER	2025/02/10/261739172109.webp	double-dolly	2025	woman,interior,set,movie stage,studio audience
6577	Doechii - DENIAL IS A RIVER	2025/02/10/261739172240.webp	central-framing,close-up,shaky-cam	2025	Explosion,woman,interior,set,movie stage,studio audience
6578	Doechii - DENIAL IS A RIVER	2025/02/10/261739172292.webp	arc-movement,shaky-cam,low-angle	2025	Explosion,smoke
6579	Doechii - DENIAL IS A RIVER	2025/02/10/261739172330.webp	shaky-cam,typography	2025	Red,Explosion,smoke
6580	Static - Federer	2025/02/10/261739191742.webp	falling,as-object,typography	2025	Day,exterior,city,tennis,falling,plane,balls
6581	Static - Federer	2025/02/10/261739191784.webp	speed-ramping	2025	Day,exterior,court,tennis
6582	Static - Federer	2025/02/10/261739191819.webp	scale-shift	2025	Day,exterior,court,tennis
6583	Static - Federer	2025/02/10/261739191867.webp	duplication,ultra-wide-zero-d	2025	Day,exterior,court,tennis
6584	Static - Federer	2025/02/10/261739191917.webp	scale-shift	2025	Day,exterior,court,tennis ball,tennis,tiny
6585	Static - Federer	2025/02/10/261739191986.webp	boomerang	2025	Day,exterior,court,tennis ball,tennis
6586	Static - Federer	2025/02/10/261739192035.webp	zoom-in	2025	Day,woman,exterior,athlete,court,tennis
6587	Static - Federer	2025/02/10/261739192082.webp	low-angle,ultra-wide-zero-d	2025	Day,woman,exterior,athlete,court,tennis,plane,airplane
6588	Static - Federer	2025/02/10/261739192135.webp	dolly-shot	2025	Day,Male,exterior,court,tennis
6589	Static - Federer	2025/02/10/261739192175.webp	zoom-in	2025	Day,Male,exterior,court,tennis
6590	Static - Federer	2025/02/10/261739192219.webp	close-up	2025	Day,exterior,athlete,tennis,player,eye roll,female,annoyed
6591	Static - Federer	2025/02/10/261739192267.webp	zoom-in	2025	Male,smile,exterior,court,tennis
6592	Static - Federer	2025/02/10/261739192328.webp	low-angle	2025	Male,exterior,court,tennis,plane,airplane
6593	Static - Federer	2025/02/10/261739192401.webp	boomerang	2025	Day,Male,exterior,court,tennis
6594	Static - Federer	2025/02/10/261739192473.webp	whip-pan	2025	Day,Male,exterior,court,tennis
6595	Static - Federer	2025/02/10/261739192573.webp	stutter	2025	Day,Male,exterior,court,tennis
6596	Static - Federer	2025/02/10/261739192614.webp	close-up,quick-cuts	2025	Day,Male,exterior,court,tennis
6597	Static - Federer	2025/02/10/261739192661.webp	zoom-in	2025	Day,Male,exterior,court,tennis
6598	Static - Federer	2025/02/10/261739192702.webp	low-angle,ultra-wide-zero-d,two-shot	2025	Day,Male,woman,blue,exterior,court,tennis
6599	Static - Federer	2025/02/10/261739192740.webp	low-angle,two-shot	2025	Day,Male,woman,blue,exterior,stadium,court,fans,tennis,elderly
6600	Static - Federer	2025/02/10/261739192795.webp	low-angle,two-shot	2025	Day,Male,woman,blue,exterior,stadium,court,fans,tennis
6601	Static - Federer	2025/02/10/261739192856.webp	central-framing,cut-ins,low-angle,ultra-wide-zero-d	2025	Day,Male,woman,blue,exterior,stadium,court,fans,tennis
6602	Static - Federer	2025/02/10/261739192911.webp	stutter,wide-shot	2025	Day,Male,woman,blue,exterior,stadium,court,fans,tennis
6603	Static - Federer	2025/02/10/261739192960.webp	low-angle,stutter,ultra-wide-zero-d	2025	Day,Male,woman,blue,exterior,stadium,court,fans,tennis
6604	Static - Federer	2025/02/10/261739193014.webp	focal-shift,wandering	2025	Day,Male,woman,blue,exterior,stadium,court,tennis
6605	Severance S2E1 ‘Hello, Ms. Cobel’	2025/02/10/261739193621.webp	close-up,dolly-zoom	2025	interior,adam scott,elevator
6606	Severance S2E1 ‘Hello, Ms. Cobel’	2025/02/10/261739193682.webp	arc-movement	2025	interior,adam scott,elevator
6607	Severance S2E1 ‘Hello, Ms. Cobel’	2025/02/10/261739193712.webp	arc-movement	2025	interior,adam scott,elevator
6608	Severance S2E1 ‘Hello, Ms. Cobel’	2025/02/10/261739193778.webp	bolt-cam	2025	interior,adam scott,office,severance
6609	Severance S2E1 ‘Hello, Ms. Cobel’	2025/02/10/261739193835.webp	tracking	2025	running,interior,adam scott,office,severance
6610	Severance S2E1 ‘Hello, Ms. Cobel’	2025/02/10/261739193875.webp	fpv-drone,tracking	2025	running,interior,adam scott,office,severance
6611	Severance S2E1 ‘Hello, Ms. Cobel’	2025/02/10/261739193958.webp	first-person-pov	2025	running,interior,adam scott,office,severance
6612	Severance S2E1 ‘Hello, Ms. Cobel’	2025/02/10/261739194009.webp	arc-movement,bolt-cam	2025	running,interior,adam scott,office,severance
6613	Severance S2E1 ‘Hello, Ms. Cobel’	2025/02/10/261739194069.webp	dolly-zoom,tracking	2025	running,interior,adam scott,office,severance
6614	Severance S2E1 ‘Hello, Ms. Cobel’	2025/02/10/261739194119.webp	dolly-shot,tracking	2025	running,interior,adam scott,office,severance
6615	Ray Ban x Meta 'Look Forward'	2025/11/23/261763924016.webp	bolt-cam	2025	fashion,sunglasses,meta,VR
